"Time (s)","Sound pressure level (dB)"
0.000000000E0,-4.692298175E1
1.494353333E-1,-4.608595828E1
2.514550833E-1,-4.763046162E1
3.568335833E-1,-4.875274658E1
4.625365417E-1,-4.944388480E1
5.683795833E-1,-4.687210683E1
6.747707083E-1,-4.885053136E1
7.810548333E-1,-4.808534652E1
8.850908333E-1,-4.869642575E1
9.916340000E-1,-5.037944353E1
1.097988458E0,-5.030053707E1
1.201749875E0,-5.107706638E1
1.303662458E0,-4.771841059E1
1.410152625E0,-4.844395790E1
1.513092500E0,-4.997990904E1
1.618412292E0,-4.794822517E1
1.724615875E0,-5.012291056E1
1.826945917E0,-4.872764387E1
1.933233375E0,-4.744810299E1
2.035211417E0,-4.599367517E1
2.141245833E0,-4.686143125E1
2.247547417E0,-4.450076566E1
2.351751125E0,-4.605847699E1
2.457863250E0,-4.686837559E1
2.564107292E0,-4.738033441E1
2.668446958E0,-4.709285051E1
2.774559292E0,-4.817087739E1
2.880892500E0,-4.655396566E1
2.985150000E0,-4.745103166E1
3.091218042E0,-4.776509466E1
3.192821500E0,-4.894359944E1
3.295027458E0,-5.033421742E1
3.401358708E0,-4.961156568E1
3.507711042E0,-4.731189712E1
3.614002250E0,-4.958940049E1
3.718576958E0,-4.640169732E1
3.824650125E0,-4.785068852E1
3.930962833E0,-4.711715039E1
4.035243417E0,-4.831631646E1
4.140928708E0,-4.805074926E1
4.247228625E0,-4.929106945E1
4.351945958E0,-4.787373044E1
4.457981292E0,-4.776613750E1
4.562345125E0,-4.995623118E1
4.668647750E0,-4.908676591E1
4.774578375E0,-4.793267703E1
4.880904333E0,-4.699098596E1
4.985344125E0,-4.889261220E1
5.091266917E0,-5.123661989E1
5.193832167E0,-4.882165521E1
5.300195292E0,-4.883154471E1
5.402012500E0,-4.942739171E1
5.507933958E0,-4.954473558E1
5.614225625E0,-4.861964911E1
5.718699667E0,-4.975026131E1
5.824318667E0,-4.916915012E1
5.930593583E0,-4.856303055E1
6.035365917E0,-4.759708194E1
6.141025917E0,-4.654446822E1
6.244189333E0,-4.962064629E1
6.350466125E0,-4.991066883E1
6.452089333E0,-4.855542257E1
6.556657917E0,-4.940569990E1
6.662967042E0,-5.111772609E1
6.768744750E0,-4.740786753E1
6.874338125E0,-5.115954413E1
6.980672125E0,-5.127322529E1
7.085440375E0,-4.837958605E1
7.191015667E0,-4.804734785E1
7.297467333E0,-5.026466689E1
7.402124875E0,-5.049396790E1
7.507703000E0,-4.946920929E1
7.611392583E0,-4.962063872E1
7.714701708E0,-4.696099603E1
7.818829125E0,-4.964697891E1
7.925099750E0,-5.080053804E1
8.030547667E0,-5.004106642E1
8.135501792E0,-4.973064480E1
8.241592667E0,-4.991587784E1
8.346113708E0,-4.910887839E1
8.452289833E0,-4.705766332E1
8.558390750E0,-4.694864160E1
8.661659292E0,-4.801857850E1
8.767993708E0,-4.913675993E1
8.871577625E0,-4.915271234E1
8.975064125E0,-4.230510992E1
9.081380917E0,-4.099529649E1
9.185604208E0,-4.824283482E1
9.290679583E0,-5.095124451E1
9.392397125E0,-4.845928263E1
9.498659250E0,-4.879141749E1
9.602337542E0,-4.916346530E1
9.708347583E0,-4.761232318E1
9.814672042E0,-4.408408935E1
9.919020250E0,-3.801882248E1
1.002535379E1,-4.148626547E1
1.013170813E1,-4.533088745E1
1.023578917E1,-4.733098289E1
1.034064171E1,-5.027109919E1
1.044469158E1,-4.383689438E1
1.054794858E1,-4.079633193E1
1.065236304E1,-4.132426126E1
1.075691092E1,-4.229556943E1
1.086054554E1,-4.577851001E1
1.096687117E1,-4.912549649E1
1.106912246E1,-4.699346941E1
1.117358492E1,-4.900052605E1
1.127596325E1,-4.871964276E1
1.138229067E1,-5.140104284E1
1.148581979E1,-4.554333984E1
1.159023029E1,-4.740532823E1
1.169492162E1,-4.968665265E1
1.180083525E1,-4.836335242E1
1.190691467E1,-4.596036882E1
1.201345542E1,-5.091723825E1
1.211917933E1,-4.981445447E1
1.222360687E1,-4.957732281E1
1.232989621E1,-4.822174702E1
1.243583304E1,-5.041731516E1
1.254019742E1,-4.735522942E1
1.264650862E1,-4.689844026E1
1.275255429E1,-4.650076430E1
1.285697796E1,-4.797705966E1
1.296345579E1,-4.846805940E1
1.306923992E1,-4.168241800E1
1.317356304E1,-4.787520514E1
1.327538908E1,-4.339276517E1
1.337848300E1,-4.690839464E1
1.348483188E1,-4.431618388E1
1.359021608E1,-4.326110643E1
1.369666629E1,-4.966972885E1
1.380262588E1,-4.929707424E1
1.390689550E1,-4.812304633E1
1.401323392E1,-4.956897941E1
1.411885937E1,-4.916652026E1
1.422356592E1,-4.885927813E1
1.432986687E1,-4.908154649E1
1.443598108E1,-4.899872918E1
1.454065946E1,-4.910566886E1
1.464621404E1,-5.043808699E1
1.475228588E1,-5.002688992E1
1.485695104E1,-4.015966921E1
1.496336850E1,-4.254630841E1
1.506935612E1,-4.452449162E1
1.517355933E1,-4.562656778E1
1.527982379E1,-4.373017164E1
1.538604912E1,-4.896020957E1
1.549194642E1,-2.776414453E1
1.559826425E1,-3.784365817E1
1.570274617E1,-4.764801960E1
1.580784967E1,-4.803686616E1
1.591421800E1,-4.943720538E1
1.601943700E1,-4.994761570E1
1.612544117E1,-4.909163906E1
1.623170242E1,-4.807101234E1
1.633609921E1,-4.808659425E1
1.644150783E1,-4.822670191E1
1.654728833E1,-4.782567429E1
1.665278967E1,-4.490307524E1
1.675947350E1,-4.848101411E1
1.686236637E1,-4.849040792E1
1.696829158E1,-5.032086457E1
1.707029908E1,-4.919134615E1
1.717658642E1,-4.945537291E1
1.728284721E1,-4.749745820E1
1.738622608E1,-4.774723590E1
1.749255479E1,-5.082611926E1
1.759787692E1,-4.890776862E1
1.770292263E1,-4.878087820E1
1.780822029E1,-4.976225881E1
1.791463496E1,-4.892210800E1
1.801960354E1,-4.759704407E1
1.812592000E1,-5.026552702E1
1.823222371E1,-4.443265500E1
1.833630379E1,-4.885950018E1
1.844156754E1,-4.958314792E1
1.854780904E1,-4.802293868E1
1.865303108E1,-4.791225157E1
1.875650296E1,-4.869541676E1
1.886233662E1,-4.885368662E1
1.896654058E1,-4.907573237E1
1.906970042E1,-4.943055404E1
1.917598671E1,-4.932132402E1
1.927814863E1,-4.803053406E1
1.938319662E1,-4.874789811E1
1.948638333E1,-4.747911520E1
1.959263408E1,-5.072938257E1
1.969679612E1,-5.005176653E1
1.980314875E1,-4.937720274E1
1.990936687E1,-4.975483849E1
2.001500825E1,-4.886031662E1
2.011974025E1,-4.868610598E1
2.022605483E1,-4.943454009E1
2.032823396E1,-4.739134618E1
2.043315762E1,-4.532493158E1
2.053643150E1,-4.490350945E1
2.064154342E1,-3.995610183E1
2.074618254E1,-4.816785144E1
2.084993629E1,-4.757529630E1
2.095314212E1,-4.783444431E1
2.105946029E1,-4.574326731E1
2.116575729E1,-4.794214216E1
2.126986462E1,-4.951246712E1
2.137619396E1,-4.537699298E1
2.148250679E1,-4.847349205E1
2.158657675E1,-5.102243227E1
2.168973204E1,-5.056428494E1
2.179606400E1,-4.904052449E1
2.189987137E1,-4.740164348E1
2.200321583E1,-4.874738188E1
2.210954342E1,-4.255614052E1
2.221592917E1,-4.091055217E1
2.231994025E1,-3.838987162E1
2.242628687E1,-3.700029342E1
2.253261863E1,-3.651040663E1
2.263660038E1,-3.793121456E1
2.274150100E1,-4.424868458E1
2.284785458E1,-4.572816832E1
2.295336292E1,-4.486274246E1
2.305967867E1,-4.150388282E1
2.316598187E1,-4.127269611E1
2.327001092E1,-4.852096699E1
2.337646883E1,-4.528708360E1
2.348167587E1,-4.780341008E1
2.358670133E1,-4.913678219E1
2.368833417E1,-4.855083876E1
2.379462546E1,-4.604634832E1
2.390036367E1,-4.825288378E1
2.400339608E1,-4.807303712E1
2.410833533E1,-5.111361213E1
2.421460371E1,-4.761850787E1
2.432010825E1,-4.930899874E1
2.442150000E1,-4.935855924E1
2.452855179E1,-3.948065573E1
2.463382812E1,-4.079477388E1
2.473676433E1,-4.834664452E1
2.484078667E1,-5.079020582E1
2.494517929E1,-4.683779416E1
2.505058025E1,-4.860434113E1
2.515349537E1,-4.752404105E1
2.525975129E1,-4.758550276E1
2.536605229E1,-4.791896007E1
2.547017317E1,-4.931286486E1
2.557619400E1,-5.011371623E1
2.568260929E1,-5.074680677E1
2.578689433E1,-4.829106090E1
2.589155637E1,-4.984295381E1
2.599540550E1,-4.915798537E1
2.610064533E1,-4.891413394E1
2.620355950E1,-4.650702523E1
2.630991275E1,-5.044650353E1
2.641173779E1,-4.772975908E1
2.651736771E1,-4.910859883E1
2.662030833E1,-4.786420310E1
2.672470942E1,-4.847682056E1
2.682786842E1,-4.850422715E1
2.692953817E1,-4.715026332E1
2.703397962E1,-4.840415367E1
2.713695625E1,-4.850224287E1
2.724156833E1,-4.897193736E1
2.734786204E1,-4.844557058E1
2.745362046E1,-4.992659328E1
2.755995658E1,-5.050375719E1
2.766620138E1,-3.321077915E1
2.777037550E1,-4.874680340E1
2.787670567E1,-4.863780589E1
2.798303462E1,-4.678406116E1
2.808705617E1,-4.777170101E1
2.819101842E1,-4.755788735E1
2.829737592E1,-5.055053035E1
2.840329283E1,-5.103705387E1
2.850958425E1,-5.053809942E1
2.861432092E1,-4.953098899E1
2.872043867E1,-4.818492408E1
2.882675083E1,-4.805054951E1
2.893311337E1,-4.849441476E1
2.903713717E1,-3.807102641E1
2.914159017E1,-3.485693542E1
2.924786233E1,-4.767511479E1
2.935378900E1,-4.791026673E1
2.946005696E1,-4.817390140E1
2.956631121E1,-4.765890007E1
2.967049108E1,-4.901274526E1
2.977679296E1,-4.944765774E1
2.988315313E1,-4.871906092E1
2.998725025E1,-5.041942371E1
3.008977633E1,-4.807445124E1
3.019611617E1,-4.831371262E1
3.030129137E1,-4.657613818E1
3.040390171E1,-4.820347864E1
3.051014146E1,-4.814037844E1
3.061639725E1,-4.836388051E1
3.072057833E1,-4.929307335E1
3.082693442E1,-4.771628088E1
3.093339733E1,-5.026746709E1
3.103723408E1,-4.962095142E1
3.114157162E1,-4.600441204E1
3.124788562E1,-4.928970430E1
3.135393125E1,-4.603857738E1
3.146018962E1,-4.684367343E1
3.156637367E1,-4.497918467E1
3.167063396E1,-4.751722300E1
3.177258296E1,-4.391782982E1
3.187696612E1,-4.092427686E1
3.198116162E1,-4.172431811E1
3.208731779E1,-4.298969454E1
3.219368829E1,-4.495102055E1
3.229828333E1,-4.896858444E1
3.240401558E1,-4.609896795E1
3.250666967E1,-4.710205946E1
3.260946187E1,-4.996605995E1
3.271576271E1,-4.851243506E1
3.282073117E1,-4.840307458E1
3.292426013E1,-4.732289040E1
3.303050392E1,-4.873018843E1
3.313458413E1,-4.900781751E1
3.323741542E1,-4.623809146E1
3.334370525E1,-4.573089297E1
3.344775725E1,-4.951685575E1
3.355364629E1,-4.723752152E1
3.365998567E1,-4.939592370E1
3.376623454E1,-4.863668126E1
3.387082883E1,-5.040243578E1
3.397718546E1,-4.745929528E1
3.408040421E1,-4.759936680E1
3.418456262E1,-4.861001825E1
3.429066362E1,-4.828779339E1
3.439699037E1,-5.011945979E1
3.450111283E1,-4.944416091E1
3.460419558E1,-4.907206238E1
3.470701725E1,-4.782220089E1
3.481328575E1,-4.922651143E1
3.491780529E1,-4.874116898E1
3.502088629E1,-4.938623876E1
3.512716900E1,-4.847012615E1
3.523348221E1,-4.774628494E1
3.533756892E1,-4.947460776E1
3.544159637E1,-4.768266441E1
3.554795342E1,-4.789946888E1
3.565383621E1,-4.825123369E1
3.576028008E1,-4.952887919E1
3.586669812E1,-4.937283172E1
3.597101933E1,-4.922402830E1
3.607735671E1,-4.755672300E1
3.618374592E1,-4.828943421E1
3.628765408E1,-4.703631327E1
3.639400804E1,-4.627335663E1
3.650027217E1,-4.808917203E1
3.660434317E1,-4.919501466E1
3.670603775E1,-4.894011251E1
3.681241808E1,-4.890540250E1
3.691807562E1,-4.843140768E1
3.702386554E1,-5.073128984E1
3.712839129E1,-4.824940435E1
3.723386662E1,-4.837430547E1
3.733769608E1,-5.001330251E1
3.744157671E1,-4.903234427E1
3.754403750E1,-5.015102635E1
3.764915575E1,-4.819870137E1
3.775442479E1,-4.727471449E1
3.786008458E1,-4.894171768E1
3.796650288E1,-4.732929485E1
3.807110875E1,-4.999600555E1
3.817736292E1,-4.997977856E1
3.828118983E1,-4.958459607E1
3.838733579E1,-4.927123075E1
3.849380525E1,-4.778912283E1
3.859957925E1,-5.013693020E1
3.870446483E1,-4.755356237E1
3.880831442E1,-5.012435886E1
3.891476912E1,-4.891550046E1
3.902074417E1,-4.738677306E1
3.912701604E1,-5.057370998E1
3.923344158E1,-4.997901152E1
3.933787967E1,-4.767639023E1
3.944159308E1,-5.023432827E1
3.954789208E1,-5.256830457E1
3.965417633E1,-4.847581521E1
3.976053733E1,-4.895198312E1
3.986689508E1,-4.811644824E1
3.997127950E1,-4.954633171E1
4.007753971E1,-5.047063937E1
4.018383221E1,-5.018527777E1
4.028799717E1,-4.874784904E1
4.039414308E1,-4.978741218E1
4.049973729E1,-4.837657117E1
4.060466233E1,-4.731294906E1
4.071109004E1,-5.047631224E1
4.081496258E1,-4.906680552E1
4.092086208E1,-4.948365605E1
4.102773442E1,-4.971485117E1
4.113118579E1,-5.015156939E1
4.123510983E1,-4.857188374E1
4.133805008E1,-4.967520736E1
4.144160167E1,-4.744734415E1
4.154787379E1,-4.905294511E1
4.165196667E1,-4.913211057E1
4.175477525E1,-4.577141514E1
4.186075879E1,-4.746676455E1
4.196705612E1,-4.972126179E1
4.207134992E1,-4.749621465E1
4.217208067E1,-4.962064596E1
4.227769433E1,-5.114097088E1
4.238116675E1,-4.975918579E1
4.248527254E1,-4.810962492E1
4.258811150E1,-4.862566509E1
4.269289200E1,-4.852663913E1
4.279918721E1,-5.053470670E1
4.290485113E1,-5.222142757E1
4.300836554E1,-4.882573829E1
4.311008375E1,-4.750992082E1
4.321631938E1,-4.917882584E1
4.332151137E1,-3.919217928E1
4.342680333E1,-3.858056622E1
4.352966842E1,-4.758309743E1
4.363524529E1,-4.632076960E1
4.373820483E1,-4.617476817E1
4.384157496E1,-5.004222559E1
4.394689212E1,-4.621258733E1
4.405192971E1,-4.691697361E1
4.415491900E1,-4.781978794E1
4.426125337E1,-5.008679829E1
4.436750621E1,-4.771749792E1
4.447332675E1,-4.996944368E1
4.457959817E1,-4.909666082E1
4.468532354E1,-5.069133452E1
4.478834662E1,-5.055455676E1
4.489103417E1,-4.868863519E1
4.499254417E1,-4.738137377E1
4.509690575E1,-4.879237659E1
4.520169454E1,-4.691246472E1
4.530503567E1,-4.349267098E1
4.540877829E1,-4.263833398E1
4.551259413E1,-4.177211185E1
4.561867750E1,-4.325952694E1
4.572182662E1,-4.353132335E1
4.582590721E1,-4.509834823E1
4.593216479E1,-4.748796498E1
4.603837646E1,-4.950455269E1
4.614154100E1,-4.870558318E1
4.624474196E1,-4.774027385E1
4.635109604E1,-4.776570502E1
4.645501504E1,-5.069188623E1
4.656043375E1,-4.891680238E1
4.666599779E1,-5.061363596E1
4.677179496E1,-5.056911035E1
4.687662887E1,-4.835473875E1
4.698290825E1,-4.843085026E1
4.708848296E1,-4.993220283E1
4.719320921E1,-4.999332358E1
4.729956146E1,-4.735563731E1
4.740516258E1,-4.810092342E1
4.751154375E1,-4.980441952E1
4.761786525E1,-4.786782576E1
4.772189671E1,-4.749718834E1
4.782827621E1,-4.725633677E1
4.793163083E1,-4.894278443E1
4.803525146E1,-5.186894382E1
4.814150133E1,-5.044335568E1
4.824763779E1,-5.139594097E1
4.835107092E1,-5.102479429E1
4.845527221E1,-4.900985608E1
4.855935454E1,-4.897181972E1
4.866557838E1,-4.839962392E1
4.877145900E1,-5.096139926E1
4.887794042E1,-5.021629363E1
4.898419746E1,-4.808664328E1
4.908863112E1,-4.728696017E1
4.919496421E1,-4.997954608E1
4.930130383E1,-4.981765060E1
4.940530592E1,-4.667450268E1
4.951163092E1,-4.692955951E1
4.961416621E1,-5.005103033E1
4.971816083E1,-4.790566439E1
4.982201662E1,-4.795699704E1
4.992833892E1,-4.667426622E1
5.003179654E1,-4.838992066E1
5.013527967E1,-4.868268376E1
5.024153642E1,-5.055334463E1
5.034720071E1,-4.716430249E1
5.045191625E1,-4.893171618E1
5.055540687E1,-4.839884486E1
5.066167450E1,-4.874473415E1
5.076801238E1,-4.945364271E1
5.087222679E1,-4.184520025E1
5.097858212E1,-3.952608169E1
5.108491642E1,-4.081992035E1
5.118879646E1,-4.346868434E1
5.129163083E1,-4.627890592E1
5.139798242E1,-4.726988377E1
5.150173987E1,-4.860847870E1
5.160550883E1,-5.083466642E1
5.171180279E1,-4.966711215E1
5.181415100E1,-4.690418659E1
5.191863588E1,-4.839039264E1
5.202219000E1,-4.930994962E1
5.212855525E1,-4.957988596E1
5.223433850E1,-4.913635806E1
5.233884746E1,-4.885335956E1
5.244156387E1,-4.911636865E1
5.254308712E1,-4.992578393E1
5.264930829E1,-4.815176428E1
5.275556196E1,-5.010814925E1
5.286180496E1,-4.953229642E1
5.296646408E1,-4.690503346E1
5.307225779E1,-4.899417551E1
5.317860525E1,-4.791492723E1
5.328493146E1,-4.723124084E1
5.338897929E1,-5.253316715E1
5.349526400E1,-4.817447001E1
5.360157783E1,-4.760322290E1
5.370570792E1,-4.801951221E1
5.381209383E1,-5.045493620E1
5.391846033E1,-4.819449728E1
5.402232500E1,-4.685179291E1
5.412865825E1,-4.731711282E1
5.423433371E1,-4.971610013E1
5.433902033E1,-4.882916714E1
5.444447754E1,-5.014873087E1
5.455071308E1,-4.559100557E1
5.465572617E1,-4.762339365E1
5.476119538E1,-5.061526361E1
5.486734629E1,-5.199070302E1
5.497248300E1,-4.960536835E1
5.507789017E1,-4.795381891E1
5.518424521E1,-4.820481717E1
5.528908000E1,-5.015676155E1
5.539454679E1,-4.887957809E1
5.550085367E1,-4.910113768E1
5.560576850E1,-4.961790147E1
5.571137338E1,-5.003267559E1
5.581777771E1,-4.976483536E1
5.592249408E1,-4.980425003E1
5.602792629E1,-4.912239640E1
5.613449225E1,-4.911326803E1
5.623918008E1,-5.002614200E1
5.634462254E1,-5.077001781E1
5.645088567E1,-5.020525190E1
5.655585454E1,-4.751079952E1
5.666129254E1,-4.829745864E1
5.676621792E1,-4.952902531E1
5.687208646E1,-5.017001567E1
5.697794450E1,-4.778489166E1
5.708423458E1,-4.857293648E1
5.718925158E1,-5.088398788E1
5.729460400E1,-4.859255119E1
5.739922575E1,-4.938067158E1
5.750549479E1,-4.909438267E1
5.761126575E1,-4.777889131E1
5.771651833E1,-4.979908410E1
5.782262954E1,-4.837693873E1
5.792799383E1,-5.088046089E1
5.803045967E1,-4.765707839E1
5.813678646E1,-4.250131497E1
5.824157504E1,-4.356082023E1
5.834370829E1,-4.356747751E1
5.844996692E1,-4.282599487E1
5.855599192E1,-4.819384579E1
5.866133825E1,-5.045594021E1
5.876773733E1,-4.932145977E1
5.887269104E1,-4.812528953E1
5.897793625E1,-5.104773030E1
5.908423654E1,-4.970688352E1
5.918939483E1,-4.950528067E1
5.929469246E1,-4.876056245E1
5.940117592E1,-4.918335955E1
5.950607687E1,-5.054315725E1
5.961115354E1,-4.868340630E1
5.971748033E1,-4.872793202E1
5.982276787E1,-4.755150342E1
5.992799771E1,-4.982371703E1
6.003426775E1,-5.134427858E1
6.013945746E1,-5.090026104E1
6.024458858E1,-5.011274824E1
6.035093312E1,-4.791082736E1
6.045613542E1,-5.007659278E1
6.056072975E1,-4.701652486E1
6.066691225E1,-4.785985367E1
6.077289062E1,-4.956149602E1
6.087791333E1,-4.824801506E1
6.098417433E1,-4.992070369E1
6.108952088E1,-5.021277710E1
6.119460871E1,-4.805878962E1
6.129831242E1,-4.843845042E1
6.139997608E1,-4.920495500E1
6.150629121E1,-4.905573850E1
6.161235100E1,-4.708067338E1
6.171870083E1,-4.914329912E1
6.182299788E1,-5.011281521E1
6.192801354E1,-5.021427645E1
6.203432762E1,-4.729642101E1
6.213959617E1,-4.893368008E1
6.224481112E1,-4.934728396E1
6.235112129E1,-4.692584505E1
6.245630437E1,-4.894057563E1
6.256240108E1,-4.818392378E1
6.266410029E1,-4.987226748E1
6.276606179E1,-4.995945374E1
6.287243283E1,-4.853716870E1
6.297744404E1,-4.986363740E1
6.308232317E1,-4.926406189E1
6.318867775E1,-4.962533598E1
6.329464950E1,-5.082839336E1
6.340093675E1,-4.867344273E1
6.350638767E1,-4.946344721E1
6.361131725E1,-4.875030013E1
6.371779212E1,-4.881137084E1
6.382306479E1,-3.878921215E1
6.392797646E1,-4.868288066E1
6.403354237E1,-4.864171457E1
6.413974450E1,-4.716979160E1
6.424467696E1,-5.010659707E1
6.435101958E1,-4.965099133E1
6.445645325E1,-4.907438826E1
6.456125804E1,-4.816630233E1
6.466346525E1,-5.054945239E1
6.476985067E1,-4.586582119E1
6.487523250E1,-4.530159978E1
6.497795525E1,-4.657804088E1
6.508174742E1,-4.833940742E1
6.518803729E1,-4.880161972E1
6.528985988E1,-5.053907873E1
6.539562458E1,-4.903383414E1
6.550192175E1,-4.845707568E1
6.560657446E1,-4.813462164E1
6.571128696E1,-4.527457747E1
6.581653417E1,-4.536694775E1
6.592275742E1,-3.816786010E1
6.602799421E1,-4.408765912E1
6.613359971E1,-4.398668020E1
6.623933838E1,-4.235860765E1
6.634446275E1,-4.435227516E1
6.644724904E1,-4.513056660E1
6.655283588E1,-4.281300660E1
6.665663287E1,-4.220378590E1
6.676129975E1,-4.329097624E1
6.686764638E1,-4.241007632E1
6.697336750E1,-4.163597749E1
6.707791850E1,-4.415293657E1
6.718417996E1,-4.337259559E1
6.729002979E1,-4.510957455E1
6.739465396E1,-4.551358016E1
6.749903229E1,-4.955192916E1
6.760050867E1,-4.474891537E1
6.770671600E1,-4.034612970E1
6.781128521E1,-4.426305507E1
6.791778150E1,-4.804332598E1
6.802341225E1,-5.091166509E1
6.812791771E1,-4.956059349E1
6.823168804E1,-4.795011961E1
6.833690929E1,-4.801241432E1
6.844090508E1,-4.845025995E1
6.854461150E1,-4.682114387E1
6.865094896E1,-4.815427962E1
6.875683379E1,-4.856938506E1
6.886130542E1,-4.968150735E1
6.896765487E1,-4.851738982E1
6.907351292E1,-4.985381275E1
6.917796946E1,-4.928771126E1
6.928317633E1,-4.597957725E1
6.938950446E1,-4.849994672E1
6.949472758E1,-4.740297623E1
6.960121375E1,-4.618240582E1
6.970688296E1,-4.538193304E1
6.981131804E1,-4.885362735E1
6.991276900E1,-4.653514170E1
7.001520342E1,-4.735375637E1
7.012126242E1,-4.673788677E1
7.022360596E1,-4.811327522E1
7.032798446E1,-4.727914476E1
7.043424071E1,-4.783396577E1
7.054020842E1,-4.813209507E1
7.064466971E1,-5.038136028E1
7.074636554E1,-4.877116258E1
7.084862708E1,-4.610958213E1
7.095487825E1,-4.751417939E1
7.105695121E1,-4.839228357E1
7.116070071E1,-4.748166708E1
7.126660596E1,-4.910561789E1
7.137255213E1,-4.692515339E1
7.147508592E1,-4.781835519E1
7.158145462E1,-4.673780576E1
7.168783158E1,-4.825910379E1
7.179034608E1,-4.533232838E1
7.189665571E1,-4.797152799E1
7.200296900E1,-4.828722125E1
7.210711296E1,-4.666188161E1
7.221355388E1,-4.773892652E1
7.231501671E1,-4.840681696E1
7.242135908E1,-4.784017742E1
7.252510675E1,-4.952203682E1
7.263141683E1,-4.932881321E1
7.273505742E1,-4.760160655E1
7.284046796E1,-4.993815162E1
7.294673358E1,-4.878748084E1
7.305297367E1,-4.478758855E1
7.315712462E1,-4.799093073E1
7.326340796E1,-4.925088454E1
7.336968642E1,-4.790613502E1
7.347380488E1,-4.848706913E1
7.358015583E1,-4.778905673E1
7.368655821E1,-4.787894179E1
7.379050033E1,-4.992763782E1
7.389684471E1,-4.728440215E1
7.400325333E1,-4.881364221E1
7.410722762E1,-4.796297460E1
7.421360704E1,-4.848067307E1
7.431998846E1,-4.880161003E1
7.442388987E1,-4.725422734E1
7.453023533E1,-4.910892626E1
7.463437771E1,-4.736652760E1
7.474055725E1,-4.586191915E1
7.484135087E1,-4.731404397E1
7.494495733E1,-4.517390605E1
7.505133812E1,-4.538548158E1
7.515724171E1,-4.491877612E1
7.526165104E1,-4.623631183E1
7.536799900E1,-5.082561659E1
7.547394817E1,-5.078284181E1
7.558032242E1,-4.957029261E1
7.568504904E1,-4.808831162E1
7.579066837E1,-4.895797601E1
7.589699508E1,-4.871352546E1
7.600174812E1,-4.874654566E1
7.610739558E1,-4.862954324E1
7.621370183E1,-4.837662785E1
7.632004192E1,-4.827930813E1
7.642400396E1,-4.675003676E1
7.653024429E1,-4.808026771E1
7.663586512E1,-4.627514772E1
7.674078554E1,-4.905252611E1
7.684717554E1,-4.781094422E1
7.695347462E1,-4.825644930E1
7.705742271E1,-4.654891245E1
7.716361746E1,-4.750785144E1
7.726987429E1,-4.568373701E1
7.737408658E1,-4.840325674E1
7.748042713E1,-4.928480800E1
7.758673525E1,-4.724191146E1
7.769083154E1,-4.835684355E1
7.779373571E1,-4.845581875E1
7.789664762E1,-4.793584017E1
7.800045250E1,-4.689888592E1
7.810676221E1,-4.887475054E1
7.820829958E1,-4.907297730E1
7.831459050E1,-4.844767289E1
7.841792396E1,-4.857223998E1
7.852420321E1,-4.960789690E1
7.862940696E1,-4.851180328E1
7.873507067E1,-5.112178657E1
7.884090787E1,-4.763862839E1
7.894716900E1,-4.206243092E1
7.905344442E1,-4.053107822E1
7.915759129E1,-4.425720120E1
7.926221075E1,-4.589106540E1
7.936542179E1,-4.365378568E1
7.947168454E1,-4.402743266E1
7.957428733E1,-4.786148179E1
7.968054383E1,-4.540597501E1
7.978679025E1,-4.727610965E1
7.989103671E1,-4.512838503E1
7.999730367E1,-4.688187458E1
8.010180258E1,-4.778084809E1
8.020768196E1,-4.346963263E1
8.031264512E1,-4.219406567E1
8.041900292E1,-4.315825952E1
8.052433646E1,-4.462300653E1
8.063068075E1,-4.961098265E1
8.073693704E1,-4.913122475E1
8.084107642E1,-4.882235376E1
8.094741179E1,-4.875096291E1
8.105168354E1,-4.758709373E1
8.115770767E1,-4.647505772E1
8.126105712E1,-4.905698401E1
8.136729779E1,-4.947175647E1
8.147368954E1,-4.872804458E1
8.157524792E1,-4.178019809E1
8.168164871E1,-4.880482431E1
8.178681362E1,-4.821013997E1
8.189110246E1,-4.814014944E1
8.199737275E1,-4.367486504E1
8.210389142E1,-4.523024673E1
8.220780729E1,-4.647972714E1
8.231048729E1,-4.489999706E1
8.241682988E1,-4.506034315E1
8.252312467E1,-4.654230752E1
8.262456587E1,-4.504135360E1
8.273092996E1,-4.658027187E1
8.283722104E1,-4.897915943E1
8.294122012E1,-4.690837613E1
8.304446538E1,-4.938044241E1
8.314617637E1,-4.658076148E1
8.324745212E1,-4.684964184E1
8.335308400E1,-4.770090962E1
8.345788396E1,-4.714305017E1
8.356375379E1,-4.708940251E1
8.367017725E1,-4.630055343E1
8.377461546E1,-4.421799805E1
8.387693350E1,-4.348828069E1
8.398319862E1,-4.028428937E1
8.408881325E1,-4.723714433E1
8.419138350E1,-4.916463173E1
8.429712275E1,-4.821119478E1
8.440341617E1,-4.635578083E1
8.450799679E1,-4.763154146E1
8.461189883E1,-4.810520310E1
8.471830408E1,-4.796484036E1
8.482422158E1,-4.792577179E1
8.492940354E1,-4.886498319E1
8.503061775E1,-4.745954911E1
8.513390450E1,-4.803013544E1
8.523985233E1,-4.896025803E1
8.534141812E1,-4.749824945E1
8.544776979E1,-4.881021060E1
8.555258542E1,-4.889472762E1
8.565806242E1,-4.706726405E1
8.576321842E1,-4.797250852E1
8.586950146E1,-4.840589511E1
8.597476638E1,-4.949144013E1
8.608105171E1,-4.986618910E1
8.618748821E1,-4.931691348E1
8.629146971E1,-4.833398051E1
8.639781937E1,-4.618328459E1
8.650167821E1,-4.739819815E1
8.660772408E1,-4.843335010E1
8.671168921E1,-4.951396980E1
8.681803567E1,-4.654118801E1
8.692436567E1,-4.794671164E1
8.703068779E1,-4.696290095E1
8.713170279E1,-4.839186961E1
8.723797342E1,-4.788265268E1
8.734151887E1,-5.092155645E1
8.744724275E1,-4.816055876E1
8.755296679E1,-4.652194082E1
8.765821550E1,-4.578285308E1
8.776166908E1,-5.004541593E1
8.786808375E1,-4.860122851E1
8.797443042E1,-4.891052843E1
8.808072438E1,-4.835756239E1
8.818300608E1,-5.000547169E1
8.828931379E1,-5.030967815E1
8.839165929E1,-4.815176571E1
8.849798604E1,-4.697920769E1
8.860416150E1,-4.903467520E1
8.870828212E1,-4.948331750E1
8.881458379E1,-4.861289366E1
8.892091450E1,-4.620294750E1
8.902498571E1,-4.957733353E1
8.913128075E1,-4.605460677E1
8.923541337E1,-4.903064524E1
8.934169817E1,-4.548318439E1
8.944803100E1,-4.732463645E1
8.955434029E1,-4.886008882E1
8.965839792E1,-4.680909896E1
8.976474862E1,-4.826651090E1
8.987109487E1,-4.581268231E1
8.997508000E1,-4.600438472E1
9.007665721E1,-4.722096997E1
9.018234058E1,-4.495066940E1
9.028858950E1,-4.473237432E1
9.039183221E1,-4.240503919E1
9.049809808E1,-4.759620712E1
9.060440067E1,-4.342616070E1
9.070845646E1,-4.782340212E1
9.081478233E1,-4.721633806E1
9.092105163E1,-4.838242153E1
9.102514767E1,-4.976930387E1
9.113147708E1,-5.106989158E1
9.123731792E1,-4.987883889E1
9.134182125E1,-5.080462739E1
9.144760392E1,-4.744234047E1
9.155406175E1,-4.997188072E1
9.165858367E1,-4.972955955E1
9.176491958E1,-4.973987497E1
9.187120200E1,-4.702255025E1
9.197529217E1,-5.003253647E1
9.208057275E1,-5.011429537E1
9.218693983E1,-5.039626365E1
9.229192371E1,-4.975217414E1
9.239821067E1,-4.951274043E1
9.250453304E1,-4.784878252E1
9.260859325E1,-4.854037363E1
9.271505283E1,-4.711068927E1
9.282137362E1,-4.775086726E1
9.292535871E1,-4.708616181E1
9.303059004E1,-4.924387484E1
9.313678858E1,-4.790778415E1
9.324202412E1,-4.882558361E1
9.334826304E1,-4.922183275E1
9.345452575E1,-4.873166265E1
9.355870121E1,-4.821531274E1
9.366500237E1,-4.870725196E1
9.377046771E1,-4.549651078E1
9.387537858E1,-4.911154096E1
9.398175733E1,-4.934580136E1
9.408508612E1,-4.999742516E1
9.418911354E1,-4.925238391E1
9.429205204E1,-4.773242498E1
9.439837742E1,-4.926638793E1
9.450472804E1,-5.043162396E1
9.460876233E1,-4.964542463E1
9.471503125E1,-4.926525326E1
9.482133258E1,-4.963909032E1
9.492544958E1,-4.883849132E1
9.503163529E1,-4.699304346E1
9.513649967E1,-4.794570192E1
9.524173762E1,-4.749092873E1
9.534816517E1,-4.948489627E1
9.545448696E1,-4.805058107E1
9.555890071E1,-4.930573784E1
9.566534071E1,-4.972226093E1
9.576964112E1,-4.980386674E1
9.587555675E1,-4.681229155E1
9.598185704E1,-5.017492333E1
9.608809971E1,-4.836619058E1
9.619219400E1,-4.843317439E1
9.629852471E1,-4.873151605E1
9.640487737E1,-5.092870648E1
9.650894658E1,-4.204007866E1
9.661413312E1,-3.990584599E1
9.672042404E1,-4.930644810E1
9.682556204E1,-4.332150410E1
9.692885279E1,-4.628789447E1
9.702960771E1,-4.599448606E1
9.713595958E1,-4.852039782E1
9.724156467E1,-4.865742948E1
9.734341158E1,-4.972948574E1
9.744810175E1,-4.763739422E1
9.755299238E1,-4.293457229E1
9.765897283E1,-4.696271333E1
9.776063762E1,-4.952922534E1
9.786605433E1,-4.342120899E1
9.797229837E1,-3.956018504E1
9.807646333E1,-4.700574272E1
9.818250787E1,-4.531483693E1
9.828503025E1,-4.455456806E1
9.839135983E1,-4.807999527E1
9.849505183E1,-4.597679536E1
9.860144483E1,-4.926920128E1
9.870778667E1,-4.747764323E1
9.880984929E1,-5.099911150E1
9.891622546E1,-4.921325862E1
9.901954208E1,-4.690946856E1
9.912581137E1,-4.821645526E1
9.923028758E1,-4.823102469E1
9.933088612E1,-4.922264195E1
9.943710187E1,-4.955541180E1
9.954250200E1,-4.829670958E1
9.964894629E1,-4.886155118E1
9.975524800E1,-4.878739265E1
9.986038504E1,-4.623565314E1
9.996177717E1,-4.881854186E1
1.000644291E2,-4.900839412E1
1.001707883E2,-5.001682097E1
1.002758783E2,-4.763195180E1
1.003821991E2,-5.024327048E1
1.004885079E2,-4.954607590E1
1.005925635E2,-5.004754326E1
1.006989067E2,-5.084532864E1
1.008019916E2,-4.897524258E1
1.009083120E2,-4.913149770E1
1.010119989E2,-4.640700297E1
1.011183272E2,-4.794019640E1
1.012247148E2,-4.993066957E1
1.013267202E2,-4.983503553E1
1.014321259E2,-4.993884103E1
1.015381673E2,-4.814563729E1
1.016426085E2,-4.795147598E1
1.017470478E2,-5.022106871E1
1.018533898E2,-4.900523222E1
1.019593089E2,-4.826353744E1
1.020632329E2,-4.910171605E1
1.021695264E2,-4.842770479E1
1.022756221E2,-5.013720348E1
1.023772337E2,-4.918036844E1
1.024804972E2,-4.853643808E1
1.025869204E2,-4.790955735E1
1.026927202E2,-4.657542015E1
1.027989986E2,-4.729062655E1
1.029051027E2,-4.735504845E1
1.030110339E2,-4.677126374E1
1.031169177E2,-4.941272471E1
1.032231758E2,-4.893351421E1
1.033260721E2,-4.700714685E1
1.034320722E2,-4.988251174E1
1.035375545E2,-4.881461118E1
1.036427424E2,-4.674294142E1
1.037476877E2,-4.925267361E1
1.038539255E2,-4.896730951E1
1.039594356E2,-4.933856046E1
1.040657924E2,-4.789706180E1
1.041698663E2,-5.019633847E1
1.042761593E2,-4.855992059E1
1.043824868E2,-4.895989624E1
1.044888557E2,-4.893563618E1
1.045928971E2,-4.780073496E1
1.046992447E2,-4.957703863E1
1.048055520E2,-4.989100388E1
1.049095392E2,-5.070372944E1
1.050158224E2,-4.670957630E1
1.051220686E2,-4.795264588E1
1.052261940E2,-4.996428361E1
1.053318024E2,-4.507074401E1
1.054380093E2,-4.766405615E1
1.055429265E2,-4.746019505E1
1.056459344E2,-4.877643249E1
1.057516784E2,-4.900925092E1
1.058533069E2,-4.790534633E1
1.059591244E2,-4.818787333E1
1.060616422E2,-4.938283722E1
1.061676685E2,-4.891046714E1
1.062740842E2,-4.921674526E1
1.063763122E2,-5.028412471E1
1.064826366E2,-4.812736170E1
1.065849425E2,-4.807855020E1
1.066912161E2,-4.916662719E1
1.067930160E2,-4.950645148E1
1.068950884E2,-4.675449998E1
1.070013322E2,-4.935208490E1
1.071051203E2,-4.888554637E1
1.072097509E2,-4.767410439E1
1.073161164E2,-4.929369881E1
1.074200172E2,-4.761370941E1
1.075259417E2,-5.094597521E1
1.076322425E2,-4.893307357E1
1.077360730E2,-4.591022158E1
1.078415509E2,-5.085360599E1
1.079431846E2,-4.839087551E1
1.080494338E2,-4.791625940E1
1.081556873E2,-4.876810234E1
1.082598058E2,-5.100826411E1
1.083649979E2,-5.080564221E1
1.084713849E2,-4.891563994E1
1.085764834E2,-4.818769988E1
1.086828335E2,-5.035980069E1
1.087891634E2,-4.585791715E1
1.088931935E2,-4.630701796E1
1.089994759E2,-4.865007297E1
1.091058367E2,-4.844152177E1
1.092098710E2,-4.755076105E1
1.093162010E2,-4.884688301E1
1.094225148E2,-4.986514319E1
1.095265799E2,-4.842057715E1
1.096329316E2,-5.054073348E1
1.097381787E2,-4.965988931E1
1.098432142E2,-4.985738610E1
1.099462548E2,-4.690436466E1
1.100525874E2,-4.919016671E1
1.101589475E2,-4.467770267E1
1.102606910E2,-4.213621537E1
1.103669898E2,-4.335940719E1
1.104733705E2,-4.697923189E1
1.105766514E2,-4.398420039E1
1.106829753E2,-3.985364407E1
1.107893352E2,-4.271544133E1
1.108933211E2,-4.815200338E1
1.109953667E2,-4.874031320E1
1.110993879E2,-4.839716600E1
1.112057266E2,-4.359664056E1
1.113099873E2,-4.379202132E1
1.114133019E2,-4.519551823E1
1.115196381E2,-4.516184141E1
1.116254625E2,-4.557421216E1
1.117274780E2,-4.906741652E1
1.118338270E2,-4.668169271E1
1.119364734E2,-4.789083897E1
1.120415595E2,-4.530758203E1
1.121442284E2,-4.922499577E1
1.122465715E2,-4.902378993E1
1.123505255E2,-4.926166741E1
1.124569093E2,-5.048649375E1
1.125601106E2,-5.041500706E1
1.126664938E2,-4.962160742E1
1.127728124E2,-5.024992159E1
1.128768158E2,-4.829025539E1
1.129830172E2,-4.644492357E1
1.130890860E2,-4.813083248E1
1.131935149E2,-4.989381405E1
1.132998537E2,-4.707804752E1
1.134061046E2,-4.883460165E1
1.135101986E2,-4.759501425E1
1.136165570E2,-4.739331600E1
1.137229384E2,-4.541002252E1
1.138268548E2,-4.547536808E1
1.139286394E2,-5.030665587E1
1.140343120E2,-5.022682997E1
1.141374860E2,-4.878810105E1
1.142436376E2,-4.785773309E1
1.143499357E2,-4.786745236E1
1.144562218E2,-4.720303601E1
1.145602672E2,-4.831913644E1
1.146650144E2,-4.446522200E1
1.147712539E2,-4.627538837E1
1.148769593E2,-4.617800773E1
1.149832391E2,-4.436985180E1
1.150895093E2,-4.785930800E1
1.151936522E2,-4.803354272E1
1.152951068E2,-4.419405095E1
1.154014974E2,-4.406860927E1
1.155040846E2,-4.530545598E1
1.156103976E2,-4.485671699E1
1.157150522E2,-4.508096528E1
1.158213405E2,-4.555525549E1
1.159270602E2,-4.396208382E1
1.160317033E2,-4.549612632E1
1.161350048E2,-4.719447423E1
1.162406759E2,-4.750279946E1
1.163437382E2,-4.526109230E1
1.164499709E2,-4.574035768E1
1.165550496E2,-3.651583795E1
1.166604892E2,-3.630123120E1
1.167650893E2,-4.469088643E1
1.168714178E2,-4.147219424E1
1.169771321E2,-4.709072514E1
1.170834504E2,-4.825290227E1
1.171897399E2,-4.728047926E1
1.172939129E2,-4.672013953E1
1.174003270E2,-4.725407832E1
1.175066877E2,-4.728482898E1
1.176105711E2,-4.812766687E1
1.177169571E2,-4.969086510E1
1.178233963E2,-4.888167837E1
1.179272803E2,-4.909358228E1
1.180305140E2,-4.874826195E1
1.181368123E2,-4.834373737E1
1.182415403E2,-4.237406580E1
1.183439102E2,-4.004058427E1
1.184501085E2,-4.246356955E1
1.185526736E2,-3.874667684E1
1.186550343E2,-4.138691328E1
1.187605769E2,-3.516872481E1
1.188668200E2,-3.515574859E1
1.189731183E2,-4.026510992E1
1.190772824E2,-4.017432764E1
1.191835765E2,-4.526952579E1
1.192850422E2,-4.070678968E1
1.193914901E2,-4.071102711E1
1.194940387E2,-4.207660005E1
1.195981954E2,-4.747516296E1
1.197047410E2,-4.252312345E1
1.198106703E2,-4.313419336E1
1.199152756E2,-4.695933419E1
1.200222340E2,-4.741158715E1
1.201273418E2,-4.320199358E1
1.202336502E2,-4.595023479E1
1.203393006E2,-4.835795205E1
1.204441208E2,-4.636720269E1
1.205479651E2,-4.937546014E1
1.206542779E2,-4.778195078E1
1.207602702E2,-4.429430676E1
1.208622056E2,-4.492851635E1
1.209684638E2,-4.877877116E1
1.210746568E2,-4.839428295E1
1.211774375E2,-4.765436421E1
1.212836760E2,-4.997705596E1
1.213899800E2,-4.846530798E1
1.214941503E2,-4.679726918E1
1.216004638E2,-4.868459274E1
1.217068205E2,-5.092203047E1
1.218108056E2,-4.729720239E1
1.219171237E2,-4.775146037E1
1.220234603E2,-4.752193318E1
1.221274795E2,-4.798005176E1
1.222338092E2,-4.497076848E1
1.223401420E2,-4.696922565E1
1.224442659E2,-4.787598695E1
1.225505843E2,-4.946396774E1
1.226561024E2,-4.422021231E1
1.227609499E2,-4.408758571E1
1.228672778E2,-4.535811404E1
1.229736281E2,-4.538648548E1
1.230775736E2,-4.335562200E1
1.231817215E2,-4.665287815E1
1.232880605E2,-4.953750490E1
1.233943408E2,-4.645543005E1
1.235007810E2,-4.637402409E1
1.236049682E2,-4.506435133E1
1.237110042E2,-4.870091607E1
1.238173753E2,-4.801655659E1
1.239237127E2,-4.984832769E1
1.240276363E2,-4.693885056E1
1.241339259E2,-4.595876013E1
1.242395258E2,-4.378064254E1
1.243443279E2,-4.263156563E1
1.244507062E2,-4.305180774E1
1.245530049E2,-4.436096509E1
1.246575665E2,-4.517201095E1
1.247610385E2,-4.846697586E1
1.248631264E2,-4.846827314E1
1.249694405E2,-4.608262857E1
1.250757169E2,-4.470672468E1
1.251776339E2,-4.642305707E1
1.252784978E2,-4.648537714E1
1.253806831E2,-4.726814514E1
1.254850913E2,-4.655316419E1
1.255916943E2,-4.702209725E1
1.256945007E2,-4.956776746E1
1.257991483E2,-4.771351321E1
1.259052302E2,-4.777129856E1
1.260110887E2,-4.861321380E1
1.261171183E2,-4.843673680E1
1.262217374E2,-4.848398285E1
1.263274351E2,-4.813994809E1
1.264317757E2,-4.864811603E1
1.265378905E2,-4.702930840E1
1.266415787E2,-4.877590973E1
1.267446274E2,-4.544621113E1
1.268481339E2,-4.731233845E1
1.269544930E2,-4.517718847E1
1.270607321E2,-4.868911306E1
1.271620237E2,-4.849146499E1
1.272683947E2,-4.737119792E1
1.273697962E2,-4.872213875E1
1.274751604E2,-4.754613272E1
1.275779320E2,-4.647693187E1
1.276842291E2,-5.045174452E1
1.277906906E2,-4.847259672E1
1.278946428E2,-4.740889860E1
1.280011001E2,-4.732961020E1
1.281064651E2,-4.965699748E1
1.282113882E2,-4.856933905E1
1.283150391E2,-4.748817777E1
1.284167191E2,-4.677314161E1
1.285193512E2,-4.558602656E1
1.286249337E2,-4.735921067E1
1.287279136E2,-4.575707773E1
1.288288007E2,-4.835896096E1
1.289347428E2,-4.905549751E1
1.290382880E2,-4.738960395E1
1.291415410E2,-4.803367114E1
1.292447701E2,-4.542456007E1
1.293511530E2,-4.775473431E1
1.294575502E2,-4.904498024E1
1.295614181E2,-4.782472938E1
1.296676820E2,-4.824534611E1
1.297741287E2,-4.967256771E1
1.298780824E2,-4.727396777E1
1.299845643E2,-4.938593752E1
1.300884128E2,-4.801169860E1
1.301948030E2,-4.988312264E1
1.302983939E2,-4.724445205E1
1.304048269E2,-4.917633183E1
1.305110104E2,-4.967144332E1
1.306173885E2,-4.887427095E1
1.307213883E2,-4.960614265E1
1.308274523E2,-5.019901026E1
1.309296485E2,-4.838589944E1
1.310358968E2,-4.992646013E1
1.311415584E2,-4.214869136E1
1.312449099E2,-4.510373315E1
1.313511590E2,-4.630539356E1
1.314574718E2,-4.438714913E1
1.315615373E2,-4.148189981E1
1.316670750E2,-4.148716415E1
1.317733697E2,-4.379263650E1
1.318782385E2,-4.128499399E1
1.319845877E2,-3.772986499E1
1.320859766E2,-4.132674732E1
1.321922651E2,-4.665154097E1
1.322949373E2,-4.138062172E1
1.324012830E2,-4.237284438E1
1.325054411E2,-4.581868100E1
1.326116773E2,-4.625740136E1
1.327180130E2,-4.285049921E1
1.328243616E2,-4.782283219E1
1.329283826E2,-4.090134867E1
1.330305055E2,-4.706765612E1
1.331364634E2,-4.974328997E1
1.332419386E2,-4.095953152E1
1.333449778E2,-4.806544966E1
1.334510249E2,-4.853313302E1
1.335573686E2,-4.515641849E1
1.336617362E2,-4.031381223E1
1.337680826E2,-4.744495130E1
1.338734523E2,-4.953103818E1
1.339784883E2,-4.657064512E1
1.340826893E2,-4.708527341E1
1.341887539E2,-4.471749767E1
1.342946834E2,-4.165987901E1
1.344011269E2,-4.018962996E1
1.345074763E2,-4.072450737E1
1.346118480E2,-3.772957427E1
1.347181860E2,-3.550512685E1
1.348244900E2,-4.473532936E1
1.349285483E2,-3.613677545E1
1.350348807E2,-3.863897158E1
1.351374623E2,-3.734936194E1
1.352416190E2,-4.180570183E1
1.353452203E2,-4.817451714E1
1.354502499E2,-3.817430808E1
1.355566162E2,-3.932016516E1
1.356618069E2,-4.469387572E1
1.357626359E2,-4.608309436E1
1.358689700E2,-3.928504263E1
1.359752416E2,-3.503541894E1
1.360785622E2,-4.043750147E1
1.361848910E2,-4.492820702E1
1.362911859E2,-3.721653213E1
1.363952863E2,-4.084540177E1
1.365006030E2,-3.854587220E1
1.366068942E2,-4.453624200E1
1.367119593E2,-4.438479819E1
1.368182596E2,-4.032837243E1
1.369244872E2,-4.086677396E1
1.370286562E2,-4.499638073E1
1.371350015E2,-4.855356588E1
1.372414057E2,-4.636393117E1
1.373453646E2,-3.980730781E1
1.374517402E2,-4.216203045E1
1.375530396E2,-3.969256273E1
1.376557747E2,-4.235747870E1
1.377620243E2,-4.085725648E1
1.378683317E2,-4.683029449E1
1.379746344E2,-3.777052414E1
1.380787018E2,-3.771840259E1
1.381850061E2,-2.938252972E1
1.382885180E2,-3.835551511E1
1.383941766E2,-4.904091841E1
1.384954359E2,-4.999442328E1
1.386018001E2,-4.356159952E1
1.387081623E2,-4.149251151E1
1.388121596E2,-4.150490708E1
1.389188917E2,-4.149928057E1
1.390252088E2,-4.041859177E1
1.391288077E2,-4.034629466E1
1.392351147E2,-4.508838214E1
1.393414360E2,-3.656300804E1
1.394455491E2,-4.040947743E1
1.395481689E2,-4.071648802E1
1.396542078E2,-4.566797344E1
1.397578009E2,-4.152990351E1
1.398622111E2,-4.622931581E1
1.399638801E2,-4.487387488E1
1.400699250E2,-4.431328168E1
1.401762325E2,-4.132573286E1
1.402789075E2,-4.450925282E1
1.403852717E2,-4.658407184E1
1.404916344E2,-4.979560423E1
1.405956327E2,-4.930360572E1
1.407018699E2,-5.010347123E1
1.408081645E2,-4.817139693E1
1.409122802E2,-4.900800406E1
1.410186339E2,-4.856220249E1
1.411239495E2,-4.339281482E1
1.412289771E2,-4.606860052E1
1.413353342E2,-5.015721153E1
1.414415560E2,-4.719946522E1
1.415457420E2,-5.108537163E1
1.416520830E2,-4.763064408E1
1.417583860E2,-4.408413915E1
1.418623377E2,-4.568300198E1
1.419686882E2,-4.637562456E1
1.420750195E2,-4.326256385E1
1.421790056E2,-4.534333839E1
1.422853375E2,-4.328493321E1
1.423916590E2,-4.594786314E1
1.424957165E2,-4.775831239E1
1.426020515E2,-4.654363075E1
1.427083211E2,-4.893879158E1
1.428124010E2,-4.520124023E1
1.429186633E2,-3.850588422E1
1.430249535E2,-3.327180009E1
1.431290812E2,-4.048310338E1
1.432319109E2,-3.722417395E1
1.433383158E2,-4.453420287E1
1.434407829E2,-3.858435818E1
1.435457955E2,-4.933502148E1
1.436499571E2,-4.132894306E1
1.437518022E2,-5.004811938E1
1.438542164E2,-4.371320484E1
1.439604558E2,-4.573728438E1
1.440624697E2,-4.762890892E1
1.441688006E2,-4.653365947E1
1.442720178E2,-4.791803320E1
1.443783008E2,-4.924230575E1
1.444799651E2,-4.828230193E1
1.445863091E2,-5.021547299E1
1.446886689E2,-4.954121572E1
1.447950340E2,-4.905663742E1
1.449013656E2,-5.009724985E1
1.450077226E2,-5.022311873E1
1.451126217E2,-4.897511880E1
1.452188072E2,-4.647038945E1
1.453216198E2,-4.745974117E1
1.454279704E2,-4.716711535E1
1.455292730E2,-4.845002626E1
1.456356431E2,-4.948050163E1
1.457415664E2,-4.879314158E1
1.458459592E2,-5.091191019E1
1.459522543E2,-4.872614618E1
1.460553677E2,-4.997934335E1
1.461616954E2,-4.953244181E1
1.462634261E2,-5.020684895E1
1.463697540E2,-4.826996706E1
1.464720585E2,-5.089059838E1
1.465783399E2,-5.027201457E1
1.466825025E2,-4.790363012E1
1.467887324E2,-4.583042237E1
1.468950381E2,-4.987822433E1
1.469989509E2,-4.786717156E1
1.471053626E2,-4.850617483E1
1.472083498E2,-4.765719371E1
1.473128130E2,-4.780547720E1
1.474146423E2,-5.083278127E1
1.475207505E2,-4.989648873E1
1.476270348E2,-4.744750846E1
1.477294194E2,-4.968001571E1
1.478357233E2,-4.496960855E1
1.479415720E2,-3.938174345E1
1.480461139E2,-4.045582775E1
1.481477016E2,-4.513822952E1
1.482537318E2,-4.684983540E1
1.483553553E2,-3.601683586E1
1.484616682E2,-3.711706675E1
1.485635858E2,-4.223735932E1
1.486698778E2,-3.874307767E1
1.487720181E2,-3.406884430E1
1.488783623E2,-3.604219786E1
1.489802907E2,-4.582926068E1
1.490865844E2,-4.124772489E1
1.491928780E2,-4.095050728E1
1.492962965E2,-4.586878862E1
1.494027552E2,-4.262072673E1
1.495066730E2,-4.850431634E1
1.496129750E2,-5.119118216E1
1.497149558E2,-4.981013889E1
1.498212600E2,-4.794594923E1
1.499225545E2,-4.667092726E1
1.500288472E2,-4.892059764E1
1.501296294E2,-4.905906712E1
1.502334195E2,-5.035611601E1
1.503392991E2,-4.166938661E1
1.504434429E2,-4.309151408E1
1.505471682E2,-4.214017488E1
1.506534814E2,-4.224896249E1
1.507598764E2,-4.463256975E1
1.508630079E2,-4.289846309E1
1.509646266E2,-4.222781363E1
1.510706398E2,-4.643762558E1
1.511770075E2,-4.553095817E1
1.512797840E2,-4.382216464E1
1.513861263E2,-4.465815606E1
1.514892360E2,-4.903745874E1
1.515938950E2,-4.965245245E1
1.516964232E2,-4.910363600E1
1.518027457E2,-4.853798313E1
1.519089863E2,-4.679431848E1
1.520131200E2,-4.999330717E1
1.521191675E2,-5.074046657E1
1.522243521E2,-4.919728707E1
1.523298417E2,-5.033585821E1
1.524362212E2,-4.868348068E1
1.525415847E2,-4.965350066E1
1.526464724E2,-4.996276921E1
1.527527882E2,-4.676107645E1
1.528581264E2,-4.843080866E1
1.529632860E2,-4.764707198E1
1.530695994E2,-4.872540281E1
1.531711228E2,-4.936285741E1
1.532773415E2,-4.745348367E1
1.533799429E2,-4.921258520E1
1.534864357E2,-4.802776868E1
1.535927572E2,-4.937811983E1
1.536965477E2,-4.565600448E1
1.538026139E2,-4.951546761E1
1.539090350E2,-4.751150436E1
1.540133857E2,-4.330510868E1
1.541152707E2,-4.272897549E1
1.542208435E2,-4.837737648E1
1.543263237E2,-4.302484842E1
1.544299645E2,-4.819966847E1
1.545363140E2,-4.574319696E1
1.546415222E2,-4.118805332E1
1.547466204E2,-4.812547937E1
1.548529439E2,-4.978148488E1
1.549592466E2,-4.971209570E1
1.550641377E2,-4.910122495E1
1.551704404E2,-4.750660484E1
1.552768256E2,-4.851703775E1
1.553808345E2,-4.887796816E1
1.554871871E2,-5.028467994E1
1.555934616E2,-3.496799213E1
1.556975195E2,-3.636788025E1
1.558017465E2,-4.157219626E1
1.559080427E2,-4.089828660E1
1.560134075E2,-3.797862335E1
1.561197323E2,-4.732985157E1
1.562259930E2,-4.537948271E1
1.563301360E2,-4.557024104E1
1.564309465E2,-4.563127248E1
1.565373442E2,-4.781384602E1
1.566416454E2,-4.893749054E1
1.567468828E2,-4.893305226E1
1.568531265E2,-4.987035088E1
1.569594505E2,-4.812785077E1
1.570642898E2,-4.891513365E1
1.571690819E2,-4.948058492E1
1.572753607E2,-4.974775501E1
1.573810057E2,-5.038685072E1
1.574872215E2,-4.202465425E1
1.575935182E2,-4.268112181E1
1.576977082E2,-4.459808511E1
1.578040414E2,-4.619931407E1
1.579103086E2,-5.100575893E1
1.580144058E2,-4.911475669E1
1.581207437E2,-4.824712293E1
1.582271049E2,-4.777794714E1
1.583303053E2,-4.938404481E1
1.584365869E2,-4.930419313E1
1.585409184E2,-4.922363879E1
1.586469195E2,-4.098632565E1
1.587532444E2,-4.182524760E1
1.588576238E2,-4.346582697E1
1.589636199E2,-4.518609736E1
1.590684740E2,-4.771524820E1
1.591731597E2,-4.512449844E1
1.592799382E2,-4.973926459E1
1.593864520E2,-4.736183789E1
1.594927609E2,-4.884236792E1
1.595978097E2,-4.850343483E1
1.597041993E2,-5.020615256E1
1.598074566E2,-4.834785939E1
1.599136971E2,-4.710181869E1
1.600201466E2,-4.751123421E1
1.601265713E2,-4.924314443E1
1.602312688E2,-5.060557790E1
1.603371961E2,-4.924678378E1
1.604415985E2,-4.865962689E1
1.605471788E2,-4.731152498E1
1.606535007E2,-4.729283826E1
1.607597803E2,-4.845560371E1
1.608637846E2,-4.484923238E1
1.609700349E2,-4.586166511E1
1.610714357E2,-4.878101942E1
1.611776987E2,-4.372800316E1
1.612805683E2,-4.585305236E1
1.613849772E2,-4.798063266E1
1.614912605E2,-5.055313410E1
1.615971789E2,-4.926547710E1
1.616979635E2,-4.972816563E1
1.618042433E2,-4.541259066E1
1.619105265E2,-4.340272706E1
1.620139174E2,-4.751818205E1
1.621202097E2,-4.529161196E1
1.622265280E2,-4.438537246E1
1.623305683E2,-4.893685803E1
1.624360473E2,-3.685717850E1
1.625415675E2,-4.556505522E1
1.626472751E2,-4.793760176E1
1.627535263E2,-4.598458001E1
1.628575575E2,-5.117085277E1
1.629635098E2,-4.797863821E1
1.630698419E2,-4.700750959E1
1.631751310E2,-5.193307894E1
1.632807202E2,-4.987476176E1
1.633852372E2,-4.110808713E1
1.634904118E2,-4.021866465E1
1.635927783E2,-3.548085044E1
1.636973435E2,-3.471839518E1
1.638019096E2,-4.111092880E1
1.639070968E2,-4.763898778E1
1.640134147E2,-4.706828011E1
1.641148113E2,-3.975808192E1
1.642170307E2,-4.086852418E1
1.643228114E2,-4.856098135E1
1.644291348E2,-4.940858249E1
1.645307295E2,-4.287115172E1
1.646370963E2,-4.119867731E1
1.647415826E2,-3.989239317E1
1.648474897E2,-4.544095198E1
1.649538002E2,-4.714582933E1
1.650558818E2,-4.949635345E1
1.651621528E2,-4.753408417E1
1.652642485E2,-4.777829163E1
1.653696190E2,-4.836229738E1
1.654745564E2,-4.989891738E1
1.655808085E2,-5.107381146E1
1.656860223E2,-4.878287711E1
1.657923118E2,-4.942412544E1
1.658975504E2,-4.787133560E1
1.660026615E2,-4.901724501E1
1.661087037E2,-4.769070251E1
1.662142576E2,-4.732722022E1
1.663186742E2,-4.877774327E1
1.664249305E2,-4.883170825E1
1.665308577E2,-5.165536368E1
1.666362724E2,-4.656814506E1
1.667415869E2,-5.050361987E1
1.668475278E2,-4.906521262E1
1.669538150E2,-4.808787289E1
1.670600960E2,-4.767757790E1
1.671654925E2,-4.697837777E1
1.672718344E2,-4.767892130E1
1.673750803E2,-4.903200815E1
1.674809533E2,-4.843543516E1
1.675851404E2,-4.743177235E1
1.676900389E2,-4.628854593E1
1.677962803E2,-4.649972067E1
1.678976584E2,-4.993714985E1
1.679990201E2,-4.431814496E1
1.681050991E2,-4.952631835E1
1.682070387E2,-4.737397158E1
1.683134097E2,-4.940748740E1
1.684151450E2,-4.382973824E1
1.685194790E2,-3.706295559E1
1.686235880E2,-3.944784353E1
1.687250483E2,-4.549081755E1
1.688309887E2,-4.475312903E1
1.689369771E2,-4.442839607E1
1.690415650E2,-4.007976910E1
1.691477245E2,-4.238832021E1
1.692541795E2,-4.049356897E1
1.693569942E2,-3.892269937E1
1.694632756E2,-4.269760574E1
1.695684969E2,-4.240028264E1
1.696737008E2,-3.926099480E1
1.697783925E2,-3.544509141E1
1.698842757E2,-3.591804778E1
1.699903220E2,-3.601329636E1
1.700966197E2,-3.646167228E1
1.701986622E2,-3.714493621E1
1.703000904E2,-3.959024012E1
1.704057710E2,-4.335816177E1
1.705120426E2,-3.852191206E1
1.706144849E2,-4.549456631E1
1.707205456E2,-3.805187071E1
1.708235986E2,-4.086913580E1
1.709279183E2,-3.954355089E1
1.710312088E2,-3.625432615E1
1.711320373E2,-4.192674565E1
1.712351135E2,-4.089965126E1
1.713402715E2,-4.020829882E1
1.714415522E2,-4.805911146E1
1.715474714E2,-4.235883019E1
1.716518081E2,-4.456186868E1
1.717569485E2,-4.597389146E1
1.718632369E2,-4.940959602E1
1.719646131E2,-5.059391167E1
1.720709297E2,-4.748806667E1
1.721750878E2,-4.896505420E1
1.722813271E2,-4.800045985E1
1.723876032E2,-4.303207303E1
1.724903029E2,-4.463756190E1
1.725965938E2,-4.365509190E1
1.726980335E2,-4.685205499E1
1.728010845E2,-4.461317571E1
1.729069698E2,-4.750067697E1
1.730132661E2,-4.904584202E1
1.731147608E2,-3.914379277E1
1.732211267E2,-2.689644460E1
1.733226921E2,-3.440194775E1
1.734289986E2,-3.614608448E1
1.735314219E2,-3.638359741E1
1.736377239E2,-4.814073006E1
1.737415580E2,-4.909059708E1
1.738476548E2,-4.915662872E1
1.739539745E2,-4.845919249E1
1.740569461E2,-4.964882471E1
1.741619687E2,-4.929332861E1
1.742648372E2,-4.270485005E1
1.743710241E2,-3.387972935E1
1.744736313E2,-3.640274972E1
1.745799211E2,-3.865011958E1
1.746815062E2,-4.640819857E1
1.747877934E2,-4.913920512E1
1.748903125E2,-4.479180197E1
1.749965601E2,-4.741720433E1
1.750983024E2,-4.747481952E1
1.752046685E2,-5.036239453E1
1.753068804E2,-4.829507437E1
1.754126767E2,-5.000235124E1
1.755148969E2,-4.853810182E1
1.756212426E2,-4.816942170E1
1.757236896E2,-4.550547708E1
1.758277842E2,-4.069259390E1
1.759315597E2,-4.265942897E1
1.760323499E2,-4.366070715E1
1.761382854E2,-4.886319920E1
1.762416744E2,-4.596681769E1
1.763473541E2,-4.114998311E1
1.764518152E2,-4.056663552E1
1.765569855E2,-4.627986188E1
1.766617377E2,-4.719718438E1
1.767649606E2,-4.523544709E1
1.768712469E2,-3.943784736E1
1.769736293E2,-4.337685296E1
1.770799097E2,-4.509060261E1
1.771817070E2,-4.860940151E1
1.772880363E2,-4.860118109E1
1.773902709E2,-4.806108404E1
1.774943476E2,-5.035613929E1
1.775983268E2,-4.961309887E1
1.777010477E2,-4.030022624E1
1.778068026E2,-3.659398139E1
1.779130798E2,-4.499295088E1
1.780152064E2,-4.786605660E1
1.781215523E2,-4.023594157E1
1.782237395E2,-3.542632444E1
1.783281467E2,-4.345029857E1
1.784318087E2,-3.546746945E1
1.785381077E2,-4.327559942E1
1.786415351E2,-4.533847995E1
1.787458788E2,-3.352582634E1
1.788484707E2,-3.142826491E1
1.789547129E2,-4.147857220E1
1.790569314E2,-4.556814608E1
1.791633270E2,-3.701453106E1
1.792651945E2,-4.119094737E1
1.793715336E2,-4.339471241E1
1.794736505E2,-3.778251870E1
1.795799293E2,-4.479166631E1
1.796818962E2,-3.608316026E1
1.797848520E2,-4.650734673E1
1.798902816E2,-4.117779106E1
1.799965562E2,-4.131200551E1
1.800985690E2,-4.255928080E1
1.802005694E2,-4.634367950E1
1.803043027E2,-4.386029295E1
1.804069674E2,-4.843215804E1
1.805117711E2,-4.849936295E1
1.806153000E2,-4.980370278E1
1.807183245E2,-4.743834226E1
1.808236815E2,-3.182468289E1
1.809300012E2,-3.174139725E1
1.810319500E2,-3.307690014E1
1.811370297E2,-4.494590133E1
1.812415661E2,-4.877415107E1
1.813478772E2,-3.423878197E1
1.814494357E2,-3.464870360E1
1.815557254E2,-3.891574670E1
1.816619177E2,-4.620970999E1
1.817652793E2,-4.101724982E1
1.818712935E2,-4.290656381E1
1.819757652E2,-4.683248200E1
1.820816917E2,-4.759153762E1
1.821834533E2,-4.863502240E1
1.822851120E2,-4.701779759E1
1.823902978E2,-4.855317456E1
1.824925037E2,-4.944602488E1
1.825987928E2,-4.293567671E1
1.827051822E2,-4.652867513E1
1.828115487E2,-4.603463816E1
1.829154944E2,-4.747134312E1
1.830191079E2,-4.585213107E1
1.831234287E2,-4.316652938E1
1.832254721E2,-3.401129009E1
1.833269150E2,-4.559031230E1
1.834321308E2,-4.721991692E1
1.835384301E2,-4.721524035E1
1.836415657E2,-3.879688477E1
1.837433935E2,-4.059255517E1
1.838488661E2,-3.553281226E1
1.839547709E2,-3.731187909E1
1.840561427E2,-4.319401176E1
1.841621829E2,-4.421545159E1
1.842656050E2,-4.106677352E1
1.843719925E2,-4.350631781E1
1.844782675E2,-4.345344143E1
1.845822487E2,-4.140519992E1
1.846883023E2,-4.328886220E1
1.847946379E2,-4.430487297E1
1.848990632E2,-4.742706004E1
1.850051329E2,-4.843317544E1
1.851114157E2,-5.055800021E1
1.852156908E2,-4.812933126E1
1.853220266E2,-4.616678845E1
1.854281388E2,-4.736951260E1
1.855323004E2,-4.661263876E1
1.856386264E2,-4.683034139E1
1.857415295E2,-4.016536438E1
1.858479598E2,-4.672740909E1
1.859497857E2,-4.036954699E1
1.860560552E2,-4.354317782E1
1.861584302E2,-4.791271265E1
1.862643192E2,-5.017920802E1
1.863657204E2,-4.891467199E1
1.864720347E2,-4.405934459E1
1.865783371E2,-4.512959066E1
1.866824669E2,-4.730856150E1
1.867887504E2,-4.000713436E1
1.868950210E2,-4.212317796E1
1.869991586E2,-4.829327252E1
1.871055744E2,-4.912734210E1
1.872120636E2,-4.773940113E1
1.873157908E2,-4.953855362E1
1.874184528E2,-4.878328072E1
1.875247662E2,-4.992501738E1
1.876288460E2,-5.013262249E1
1.877324767E2,-4.860305694E1
1.878384193E2,-4.878015493E1
1.879415684E2,-4.614448468E1
1.880478745E2,-4.912820133E1
1.881499644E2,-4.862383403E1
1.882562482E2,-4.802085874E1
1.883583925E2,-4.821657332E1
1.884646413E2,-4.202736287E1
1.885666280E2,-4.518649923E1
1.886729907E2,-4.594151726E1
1.887793846E2,-4.831135388E1
1.888825800E2,-4.536535325E1
1.889850817E2,-4.576126346E1
1.890913348E2,-4.427210802E1
1.891929140E2,-4.918164082E1
1.892987520E2,-4.644902691E1
1.894050955E2,-4.380975625E1
1.895114452E2,-4.971108486E1
1.896160960E2,-4.876199805E1
1.897224551E2,-3.973538778E1
1.898271157E2,-3.741090864E1
1.899326498E2,-3.621396136E1
1.900361600E2,-3.599511371E1
1.901416185E2,-4.323310144E1
1.902440570E2,-4.173532809E1
1.903493025E2,-3.550144716E1
1.904514396E2,-3.891021025E1
1.905575843E2,-4.626752583E1
1.906638484E2,-3.786110130E1
1.907660937E2,-3.576465250E1
1.908718371E2,-3.095132535E1
1.909764580E2,-3.639980080E1
1.910827379E2,-4.196362984E1
1.911890725E2,-3.565249830E1
1.912953809E2,-3.210375736E1
1.913994279E2,-4.365445897E1
1.915058515E2,-4.104999993E1
1.916121206E2,-3.524300016E1
1.917161124E2,-4.057150223E1
1.918224467E2,-3.878728931E1
1.919251847E2,-3.318800944E1
1.920311220E2,-3.362873685E1
1.921329047E2,-3.917055574E1
1.922350442E2,-4.247621631E1
1.923413328E2,-3.732863886E1
1.924469646E2,-4.349911343E1
1.925529254E2,-4.428502520E1
1.926592157E2,-3.388968535E1
1.927652093E2,-3.547353873E1
1.928670035E2,-3.821716006E1
1.929717726E2,-4.112637996E1
1.930780486E2,-3.792972336E1
1.931829085E2,-4.173946170E1
1.932893610E2,-4.196992959E1
1.933917935E2,-4.097295439E1
1.934981361E2,-4.796214081E1
1.935995970E2,-4.854804313E1
1.937058547E2,-4.738817831E1
1.938121437E2,-4.887009627E1
1.939163279E2,-4.677952058E1
1.940197642E2,-4.759796723E1
1.941257679E2,-4.807026852E1
1.942317596E2,-4.200980222E1
1.943337377E2,-4.016181374E1
1.944399843E2,-4.372381547E1
1.945415512E2,-4.440922454E1
1.946478491E2,-4.351652768E1
1.947496475E2,-4.028032237E1
1.948557069E2,-4.390835963E1
1.949619897E2,-3.773412486E1
1.950663983E2,-3.511508312E1
1.951727071E2,-3.604392765E1
1.952770130E2,-4.214213778E1
1.953829531E2,-4.351210586E1
1.954838630E2,-3.340399150E1
1.955902025E2,-3.512340067E1
1.956965221E2,-3.859300890E1
1.957997767E2,-4.078486162E1
1.959058052E2,-4.634788919E1
1.960119858E2,-3.225916934E1
1.961165583E2,-3.131248762E1
1.962229844E2,-3.137830114E1
1.963281595E2,-3.968537724E1
1.964330827E2,-4.240142318E1
1.965345462E2,-4.648483649E1
1.966400400E2,-4.873862438E1
1.967415530E2,-4.963288945E1
1.968452445E2,-3.350092530E1
1.969497804E2,-3.524946575E1
1.970557317E2,-4.099589349E1
1.971620670E2,-3.105992686E1
1.972665970E2,-3.638976640E1
1.973728918E2,-3.774209174E1
1.974789908E2,-4.319993661E1
1.975832364E2,-4.015665418E1
1.976850866E2,-3.324975671E1
1.977913474E2,-3.990067607E1
1.978976002E2,-4.433862047E1
1.979999212E2,-4.477547471E1
1.981062233E2,-4.898802522E1
1.982126510E2,-4.976023774E1
1.983166567E2,-4.884953630E1
1.984230249E2,-4.689076337E1
1.985292895E2,-4.817644451E1
1.986332773E2,-4.726776151E1
1.987340223E2,-4.956034848E1
1.988364776E2,-4.945570728E1
1.989415605E2,-4.748959753E1
1.990478867E2,-4.806431646E1
1.991500175E2,-3.869347565E1
1.992539203E2,-5.007355822E1
1.993600525E2,-4.926972739E1
1.994662296E2,-4.896628920E1
1.995725009E2,-4.894315351E1
1.996787742E2,-4.879094904E1
1.997833800E2,-5.002704388E1
1.998896617E2,-4.770722947E1
1.999951110E2,-4.544101124E1
2.001001354E2,-3.602843308E1
2.002051366E2,-4.160456805E1
2.003114687E2,-4.516004423E1
2.004168460E2,-4.075150943E1
2.005232297E2,-4.469586176E1
2.006252197E2,-5.002618687E1
2.007301914E2,-4.861273406E1
2.008335277E2,-5.081976513E1
2.009397788E2,-4.717312672E1
2.010438962E2,-4.492924366E1
2.011497145E2,-4.051671984E1
2.012551266E2,-3.588732608E1
2.013611593E2,-3.611939306E1
2.014668760E2,-4.172055453E1
2.015731275E2,-3.398345258E1
2.016750993E2,-3.451197554E1
2.017811632E2,-4.633960330E1
2.018836225E2,-3.353696046E1
2.019899558E2,-3.576494451E1
2.020963127E2,-3.464896694E1
2.022002660E2,-4.533874217E1
2.023065913E2,-3.999953370E1
2.024129011E2,-4.048470871E1
2.025169405E2,-4.017356299E1
2.026231349E2,-4.256958328E1
2.027291107E2,-4.027238598E1
2.028336066E2,-4.382697902E1
2.029342128E2,-3.509289895E1
2.030376152E2,-4.077901694E1
2.031415585E2,-4.630632241E1
2.032478539E2,-3.907856727E1
2.033503210E2,-3.756415910E1
2.034566085E2,-4.316212755E1
2.035628807E2,-4.070996413E1
2.036670155E2,-4.394648854E1
2.037733533E2,-4.483719022E1
2.038777151E2,-4.426120001E1
2.039837079E2,-4.815108405E1
2.040900931E2,-4.786437197E1
2.041965042E2,-4.279596486E1
2.043003370E2,-4.680229668E1
2.044063451E2,-5.078930065E1
2.045126235E2,-4.794590519E1
2.046170997E2,-4.530516932E1
2.047234027E2,-4.651789912E1
2.048296802E2,-4.741289595E1
2.049338058E2,-4.795741929E1
2.050345405E2,-4.955972058E1
2.051400328E2,-4.877569033E1
2.052415690E2,-5.014453042E1
2.053479057E2,-5.053167313E1
2.054505060E2,-4.754751488E1
2.055568612E2,-4.866498437E1
2.056631778E2,-4.550163946E1
2.057671762E2,-4.514929502E1
2.058735233E2,-4.590087220E1
2.059797698E2,-4.628095370E1
2.060839264E2,-4.659984440E1
2.061881507E2,-4.704584875E1
2.062943762E2,-4.961811146E1
2.064000968E2,-4.980188882E1
2.065063997E2,-4.761197280E1
2.066100830E2,-4.830078238E1
2.067152087E2,-4.493691830E1
2.068172844E2,-4.420440073E1
2.069236950E2,-4.609034690E1
2.070300757E2,-4.468811716E1
2.071340022E2,-4.535051923E1
2.072406901E2,-4.672526390E1
2.073451243E2,-4.685773641E1
2.074506382E2,-4.395179601E1
2.075529526E2,-4.614124169E1
2.076591954E2,-4.609817873E1
2.077650865E2,-4.527604673E1
2.078672865E2,-4.440507849E1
2.079685246E2,-4.853341464E1
2.080748759E2,-4.930674505E1
2.081812763E2,-5.107784078E1
2.082840775E2,-4.893338775E1
2.083900374E2,-4.828920279E1
2.084960156E2,-5.019915613E1
2.086008221E2,-4.808659377E1
2.087071792E2,-4.926634989E1
2.088134964E2,-5.119391783E1
2.089174697E2,-4.958417755E1
2.090198235E2,-4.722335380E1
2.091262268E2,-4.469396868E1
2.092325231E2,-4.645679659E1
2.093340426E2,-4.494759508E1
2.094400224E2,-4.111314959E1
2.095415990E2,-4.408138709E1
2.096435620E2,-4.455206579E1
2.097480895E2,-4.110743021E1
2.098508467E2,-4.541608667E1
2.099525479E2,-4.321810908E1
2.100588423E2,-4.299869162E1
2.101618107E2,-4.529457498E1
2.102675471E2,-4.474354959E1
2.103689607E2,-4.350861951E1
2.104717603E2,-3.556767065E1
2.105774068E2,-4.226787758E1
2.106837297E2,-4.338899387E1
2.107881749E2,-4.488120356E1
2.108937839E2,-3.832071283E1
2.109970772E2,-4.225946489E1
2.111009512E2,-4.134248589E1
2.112073880E2,-4.478400203E1
2.113110123E2,-4.418893239E1
2.114171878E2,-4.422828087E1
2.115234572E2,-4.385258172E1
2.116297113E2,-4.200211914E1
2.117343561E2,-4.530262786E1
2.118407119E2,-4.767444524E1
2.119469414E2,-4.889319304E1
2.120509800E2,-4.968308701E1
2.121570601E2,-5.056471045E1
2.122633767E2,-4.212087113E1
2.123676611E2,-4.015812322E1
2.124737022E2,-4.148927114E1
2.125800846E2,-4.173055121E1
2.126843785E2,-4.782559239E1
2.127906651E2,-5.037284751E1
2.128947779E2,-4.188761402E1
2.130010875E2,-3.196631983E1
2.131073717E2,-4.372639033E1
2.132136889E2,-3.645738919E1
2.133177754E2,-4.004494228E1
2.134241285E2,-4.462568787E1
2.135263827E2,-3.773207712E1
2.136323727E2,-3.680741342E1
2.137343457E2,-3.940615758E1
2.138352276E2,-3.826156101E1
2.139415360E2,-3.767973995E1
2.140449371E2,-3.804784123E1
2.141506980E2,-4.576691740E1
2.142573804E2,-4.722650817E1
2.143600340E2,-3.609567078E1
2.144658132E2,-3.765345685E1
2.145677827E2,-4.633402944E1
2.146718099E2,-4.906793107E1
2.147781319E2,-4.166452611E1
2.148840683E2,-3.871909560E1
2.149904409E2,-4.979144014E1
2.150968171E2,-3.939466019E1
2.152012490E2,-3.438733066E1
2.153052991E2,-3.677123322E1
2.154112350E2,-3.796790625E1
2.155172322E2,-4.229403307E1
2.156186999E2,-4.546049575E1
2.157218237E2,-4.602077983E1
2.158277871E2,-4.147063372E1
2.159299575E2,-4.568178591E1
2.160346649E2,-4.459137411E1
2.161410695E2,-3.979047654E1
2.162466487E2,-4.757134306E1
2.163513095E2,-4.666709003E1
2.164573684E2,-4.667460155E1
2.165636762E2,-4.348213668E1
2.166679996E2,-4.747522649E1
2.167718611E2,-4.720726327E1
2.168781649E2,-4.569617850E1
2.169842462E2,-4.311390782E1
2.170905831E2,-4.331242610E1
2.171968293E2,-4.390956800E1
2.173014170E2,-3.371858721E1
2.174080555E2,-3.784802210E1
2.175144171E2,-4.324033755E1
2.176181435E2,-4.269030161E1
2.177245171E2,-4.458899324E1
2.178308185E2,-3.828312525E1
2.179347681E2,-3.786042473E1
2.180356125E2,-3.937495805E1
2.181408950E2,-4.132796311E1
2.182469007E2,-4.166606714E1
2.183514875E2,-4.234968679E1
2.184578289E2,-4.388636347E1
2.185618813E2,-4.659500614E1
2.186678337E2,-4.887920908E1
2.187741270E2,-4.783933562E1
2.188803952E2,-4.901958500E1
2.189849120E2,-4.947252008E1
2.190881532E2,-4.962226157E1
2.191944250E2,-5.034009408E1
2.193000212E2,-4.784841283E1
2.194016150E2,-4.748921654E1
2.195079600E2,-4.951887457E1
2.196100091E2,-4.562866368E1
2.197118012E2,-4.379535778E1
2.198177582E2,-4.507843011E1
2.199190437E2,-4.759395447E1
2.200245202E2,-4.444291452E1
2.201293281E2,-4.942179716E1
2.202349648E2,-4.392498365E1
2.203369054E2,-4.022313282E1
2.204404852E2,-4.163935268E1
2.205415647E2,-4.240456592E1
2.206478032E2,-4.471730592E1
2.207516434E2,-4.587392489E1
2.208579425E2,-4.439883733E1
2.209642133E2,-4.603285691E1
2.210683897E2,-4.179697832E1
2.211742283E2,-4.575533519E1
2.212805390E2,-4.674947497E1
2.213850701E2,-4.685078219E1
2.214913240E2,-4.902208679E1
2.215974069E2,-4.892928594E1
2.217017432E2,-4.748147317E1
2.218081193E2,-4.798449149E1
2.219143679E2,-4.138892455E1
2.220184741E2,-4.849366635E1
2.221198328E2,-4.574529122E1
2.222258962E2,-4.661228462E1
2.223281342E2,-4.644374124E1
2.224343672E2,-4.751624095E1
2.225353277E2,-4.682656194E1
2.226415494E2,-4.646787760E1
2.227464579E2,-4.526572593E1
2.228518398E2,-4.497758603E1
2.229552156E2,-4.616981573E1
2.230616200E2,-4.679720002E1
2.231664820E2,-4.386557076E1
2.232684770E2,-4.644826673E1
2.233744095E2,-4.396705293E1
2.234806929E2,-4.542241227E1
2.235852268E2,-3.695693335E1
2.236916004E2,-4.206041700E1
2.237978540E2,-4.223136451E1
2.239024665E2,-4.556841944E1
2.240075430E2,-4.664022515E1
2.241101389E2,-4.962734777E1
2.242164078E2,-5.047766156E1
2.243186326E2,-3.893135896E1
2.244249274E2,-3.722073113E1
2.245312421E2,-3.895795717E1
2.246354044E2,-4.106749327E1
2.247415569E2,-4.554538517E1
2.248478450E2,-4.316596869E1
2.249519835E2,-3.825412828E1
2.250553223E2,-4.160616255E1
2.251616496E2,-4.639902814E1
2.252678967E2,-4.965371500E1
2.253694690E2,-4.941136540E1
2.254758019E2,-4.831710679E1
2.255821223E2,-4.861405459E1
2.256853015E2,-5.064738005E1
2.257913390E2,-4.875951335E1
2.258973223E2,-4.790329741E1
2.260020902E2,-4.909959040E1
2.261051444E2,-4.951117992E1
2.262112415E2,-4.597549554E1
2.263164135E2,-4.435351857E1
2.264187501E2,-3.904786098E1
2.265228198E2,-3.682006417E1
2.266291861E2,-3.839415261E1
2.267354763E2,-4.555999063E1
2.268404919E2,-3.468017069E1
2.269416421E2,-3.700869407E1
2.270479737E2,-4.339093189E1
2.271521374E2,-4.269585773E1
2.272584443E2,-4.879015276E1
2.273633085E2,-4.688873622E1
2.274687994E2,-4.515277574E1
2.275706975E2,-4.257618742E1
2.276770187E2,-4.472391189E1
2.277832960E2,-4.731230385E1
2.278855289E2,-4.660931852E1
2.279890669E2,-4.905011629E1
2.280954196E2,-4.903174108E1
2.282014408E2,-4.886515879E1
2.283065462E2,-5.022831594E1
2.284102203E2,-4.959141526E1
2.285136557E2,-4.899211932E1
2.286189983E2,-4.952960525E1
2.287253364E2,-4.936361388E1
2.288316018E2,-4.452720562E1
2.289356995E2,-4.418892129E1
2.290415931E2,-4.368275397E1
2.291452653E2,-4.866557372E1
2.292515123E2,-4.945683831E1
2.293531259E2,-4.805670611E1
2.294593705E2,-4.839324888E1
2.295650718E2,-5.105045861E1
2.296690756E2,-4.877817011E1
2.297753430E2,-4.875156817E1
2.298773523E2,-4.863591042E1
2.299836920E2,-4.549687488E1
2.300857404E2,-3.946883557E1
2.301920387E2,-4.179002801E1
2.302982944E2,-4.495457458E1
2.304024150E2,-4.037630781E1
2.305086654E2,-4.227315065E1
2.306149411E2,-4.009459000E1
2.307190969E2,-4.255463459E1
2.308237974E2,-4.320175013E1
2.309295135E2,-4.335625415E1
2.310352872E2,-4.493178292E1
2.311415656E2,-4.674029302E1
2.312478649E2,-4.521487145E1
2.313524415E2,-4.680099449E1
2.314587165E2,-4.767327356E1
2.315650081E2,-4.605317311E1
2.316691450E2,-4.942017073E1
2.317754140E2,-4.270158180E1
2.318817201E2,-4.768962511E1
2.319859465E2,-4.885327620E1
2.320904610E2,-4.886727406E1
2.321951330E2,-4.845175844E1
2.323009335E2,-4.498106080E1
2.324025868E2,-4.729305327E1
2.325039158E2,-4.866894889E1
2.326074002E2,-4.747180893E1
2.327131588E2,-4.790054661E1
2.328192392E2,-4.523459799E1
2.329255906E2,-4.129044908E1
2.330305536E2,-3.586778139E1
2.331359144E2,-3.545824188E1
2.332416440E2,-4.011771654E1
2.333437798E2,-4.235136766E1
2.334453228E2,-4.234767517E1
2.335490170E2,-3.497063289E1
2.336526560E2,-3.474700388E1
2.337589238E2,-4.138255542E1
2.338652161E2,-4.289586714E1
2.339693456E2,-4.123100487E1
2.340754184E2,-4.197175025E1
2.341785625E2,-4.153699763E1
2.342819545E2,-4.061660352E1
2.343860883E2,-4.274164784E1
2.344923880E2,-4.106333109E1
2.345987295E2,-3.012259068E1
2.347027057E2,-3.275819317E1
2.348089851E2,-3.377641681E1
2.349153205E2,-3.577696878E1
2.350194429E2,-3.811865019E1
2.351218506E2,-4.379572695E1
2.352256023E2,-4.501914905E1
2.353281052E2,-4.944937934E1
2.354331612E2,-4.905663442E1
2.355361167E2,-4.778690756E1
2.356415308E2,-4.163095490E1
2.357435948E2,-4.770494923E1
2.358496042E2,-4.191205910E1
2.359528573E2,-4.485676081E1
2.360565893E2,-4.831064669E1
2.361628754E2,-4.998740992E1
2.362691509E2,-4.636147125E1
2.363754113E2,-4.840622398E1
2.364817420E2,-4.658513770E1
2.365862050E2,-3.694537458E1
2.366925385E2,-3.275844640E1
2.367988819E2,-4.099261969E1
2.369028870E2,-3.605909251E1
2.370092393E2,-3.855648155E1
2.371133135E2,-3.906562895E1
2.372195232E2,-3.990841287E1
2.373233546E2,-4.809705750E1
2.374297750E2,-4.847307568E1
2.375358030E2,-4.892683677E1
2.376370260E2,-4.910712135E1
2.377415417E2,-3.884719355E1
2.378477937E2,-3.802411922E1
2.379530082E2,-3.348891925E1
2.380593792E2,-3.480982315E1
2.381639561E2,-3.553635932E1
2.382696732E2,-3.005853575E1
2.383760178E2,-3.341520067E1
2.384823707E2,-3.816473949E1
2.385864255E2,-3.748688905E1
2.386924105E2,-4.138065101E1
2.387983864E2,-4.027006107E1
2.389030937E2,-4.279529659E1
2.390086361E2,-3.960289890E1
2.391149791E2,-4.325984985E1
2.392198135E2,-4.796433687E1
2.393255323E2,-4.153333033E1
2.394285151E2,-4.247129367E1
2.395343719E2,-4.465895162E1
2.396363115E2,-4.586563849E1
2.397415505E2,-4.729731379E1
2.398478149E2,-4.934550982E1
2.399531528E2,-4.935663581E1
2.400585703E2,-4.581918265E1
2.401646076E2,-3.939066651E1
2.402698222E2,-3.595998113E1
2.403761092E2,-3.853430841E1
2.404823153E2,-4.213009473E1
2.405865517E2,-3.826377833E1
2.406885827E2,-3.573201984E1
2.407950256E2,-3.824397592E1
2.409013969E2,-3.481731632E1
2.410032008E2,-3.636267827E1
2.411094806E2,-3.722479585E1
2.412155547E2,-3.699762348E1
2.413199212E2,-4.084232200E1
2.414229662E2,-4.685548627E1
2.415291982E2,-4.731779008E1
2.416354223E2,-4.784721273E1
2.417365765E2,-5.043612393E1
2.418415430E2,-5.138015068E1
2.419468240E2,-4.902257579E1
2.420528355E2,-4.782298254E1
2.421577979E2,-4.709079513E1
2.422636977E2,-4.989755476E1
2.423699099E2,-4.968219796E1
2.424712701E2,-4.668189706E1
2.425773901E2,-4.579495565E1
2.426836943E2,-4.778463065E1
2.427866550E2,-4.750762870E1
2.428928433E2,-4.878459009E1
2.429984998E2,-4.999605714E1
2.431033528E2,-4.897836751E1
2.432046573E2,-4.861570634E1
2.433056917E2,-5.030913336E1
2.434116777E2,-5.045576541E1
2.435169825E2,-5.004755094E1
2.436200985E2,-4.910114802E1
2.437214909E2,-4.756123473E1
2.438240833E2,-4.932475967E1
2.439273261E2,-4.898487408E1
2.440334678E2,-4.902452059E1
2.441367478E2,-5.059444528E1
2.442415701E2,-4.828347331E1
2.443478345E2,-4.899937836E1
2.444534402E2,-4.801370334E1
2.445551689E2,-4.592309067E1
2.446578756E2,-4.857153394E1
2.447638466E2,-4.998760101E1
2.448697041E2,-4.861077956E1
2.449709628E2,-4.972323433E1
2.450730176E2,-4.129074558E1
2.451789600E2,-3.986919067E1
2.452851278E2,-3.625425810E1
2.453869402E2,-4.154114647E1
2.454931045E2,-4.440452281E1
2.455987548E2,-4.455186468E1
2.457035006E2,-4.912994376E1
2.458067541E2,-5.072933251E1
2.459131199E2,-5.038341573E1
2.460195028E2,-4.726363391E1
2.461210290E2,-4.967578905E1
2.462273368E2,-5.049549627E1
2.463336030E2,-4.914682260E1
2.464368996E2,-4.928507391E1
2.465415768E2,-4.981790363E1
2.466478840E2,-4.837296045E1
2.467536842E2,-4.667971111E1
2.468600135E2,-4.571088924E1
2.469615008E2,-4.139555456E1
2.470675080E2,-3.850995555E1
2.471704119E2,-3.764605359E1
2.472766943E2,-3.990437636E1
2.473830104E2,-4.471611377E1
2.474870254E2,-4.738635334E1
2.475933446E2,-3.776628750E1
2.476967237E2,-4.942029143E1
2.478030246E2,-4.968340577E1
2.479045249E2,-4.722466630E1
2.480109682E2,-4.686787978E1
2.481172840E2,-4.356443038E1
2.482204633E2,-4.706568646E1
2.483268347E2,-4.967479670E1
2.484331432E2,-4.893527326E1
2.485370822E2,-4.848094119E1
2.486415662E2,-4.703846363E1
2.487478865E2,-4.874194402E1
2.488537973E2,-4.638147699E1
2.489584264E2,-4.024740871E1
2.490644422E2,-3.341227743E1
2.491703647E2,-3.192441765E1
2.492751665E2,-3.770617903E1
2.493814627E2,-4.073740739E1
2.494871655E2,-3.674190134E1
2.495934959E2,-3.593684706E1
2.496998470E2,-3.901059399E1
2.498038635E2,-4.113929397E1
2.499102108E2,-4.582726767E1
2.500131985E2,-4.060008822E1
2.501151716E2,-4.210194047E1
2.502205800E2,-4.616277521E1
2.503267236E2,-4.394077758E1
2.504330395E2,-4.206283079E1
2.505372555E2,-4.180990389E1
2.506415830E2,-4.531100118E1
2.507465346E2,-4.082596022E1
2.508529257E2,-4.336220017E1
2.509552425E2,-4.825194105E1
2.510616195E2,-4.797509770E1
2.511662145E2,-4.915736473E1
2.512706789E2,-4.955535004E1
2.513751570E2,-4.861272809E1
2.514814951E2,-4.816844950E1
2.515873388E2,-4.892076024E1
2.516936731E2,-5.030585143E1
2.517953085E2,-4.846767495E1
2.519016175E2,-4.580498304E1
2.520040504E2,-4.729339067E1
2.521103627E2,-3.711401374E1
2.522166580E2,-4.089513821E1
2.523208006E2,-4.149523943E1
2.524270488E2,-3.883765263E1
2.525333722E2,-3.690264163E1
2.526373409E2,-3.873755096E1
2.527415555E2,-4.856640008E1
2.528478843E2,-4.865684965E1
2.529540902E2,-4.546303580E1
2.530574960E2,-4.241242513E1
2.531638121E2,-4.200965100E1
2.532652202E2,-5.003235844E1
2.533708387E2,-4.810613293E1
2.534770994E2,-5.024815100E1
2.535833414E2,-4.938590510E1
2.536874806E2,-4.885799265E1
2.537938026E2,-5.038750926E1
2.538973916E2,-4.938232277E1
2.540037560E2,-4.805640192E1
2.541100342E2,-4.889519353E1
2.542163370E2,-4.440695994E1
2.543208858E2,-4.784902164E1
2.544253686E2,-4.897524685E1
2.545316570E2,-4.462129974E1
2.546375222E2,-5.023093976E1
2.547415122E2,-4.826459428E1
2.548475375E2,-4.704852116E1
2.549538277E2,-4.824193587E1
2.550602060E2,-4.516774019E1
2.551665624E2,-4.767170370E1
2.552709435E2,-4.846055845E1
2.553772576E2,-4.846946591E1
2.554816472E2,-4.958215301E1
2.555876240E2,-5.050308637E1
2.556939579E2,-4.951885792E1
2.558003363E2,-4.901651007E1
2.559044055E2,-4.814244607E1
2.560107829E2,-4.837742813E1
2.561171032E2,-4.407660616E1
2.562210548E2,-4.970674996E1
2.563236662E2,-4.674129452E1
2.564296550E2,-4.837058431E1
2.565319235E2,-4.761513847E1
2.566377151E2,-4.450462331E1
2.567415689E2,-4.716670608E1
2.568472659E2,-4.875941411E1
2.569519403E2,-4.918220956E1
2.570544056E2,-4.963073024E1
2.571607502E2,-4.917650027E1
2.572629884E2,-5.073806015E1
2.573693135E2,-5.024704849E1
2.574710993E2,-4.570038332E1
2.575773513E2,-4.494319614E1
2.576836917E2,-4.850209424E1
2.577885789E2,-4.571669189E1
2.578949600E2,-4.763440438E1
2.579969865E2,-4.759802680E1
2.581033356E2,-4.692081013E1
2.582052712E2,-4.816337958E1
2.583115928E2,-4.674202048E1
2.584178455E2,-4.302396624E1
2.585219801E2,-4.052113200E1
2.586283115E2,-3.035330252E1
2.587309390E2,-3.863727242E1
2.588367453E2,-3.936117667E1
2.589415828E2,-3.461892910E1
2.590479457E2,-3.655516974E1
2.591540954E2,-3.259743416E1
2.592591029E2,-4.236418869E1
2.593653576E2,-3.565190222E1
2.594712383E2,-4.337439995E1
2.595776962E2,-4.130835167E1
2.596839262E2,-3.655791459E1
2.597879487E2,-4.477053943E1
2.598943562E2,-4.701991702E1
2.600007233E2,-5.030989678E1
2.601047097E2,-4.979090752E1
2.602109433E2,-5.008253031E1
2.603173029E2,-5.021463731E1
2.604213216E2,-4.441673020E1
2.605232258E2,-4.835257576E1
2.606256622E2,-4.419514962E1
2.607313257E2,-4.739911832E1
2.608376277E2,-4.963357140E1
2.609415022E2,-4.835942874E1
2.610429069E2,-4.563317682E1
2.611489747E2,-4.708498436E1
2.612547242E2,-4.902137040E1
2.613600682E2,-4.818730910E1
2.614663932E2,-4.914322203E1
2.615714199E2,-4.764025014E1
2.616778498E2,-4.868258493E1
2.617832798E2,-4.564656532E1
2.618881769E2,-4.551711378E1
2.619918529E2,-4.885088534E1
2.620981870E2,-4.985599443E1
2.622043844E2,-4.963828044E1
2.623095538E2,-4.909863303E1
2.624159389E2,-5.079751876E1
2.625215044E2,-4.948808232E1
2.626277740E2,-5.058680410E1
2.627340780E2,-4.775477464E1
2.628382230E2,-5.067254908E1
2.629416292E2,-4.850337841E1
2.630430053E2,-4.993102227E1
2.631492760E2,-4.851130089E1
2.632549177E2,-4.223267423E1
2.633601236E2,-4.731730831E1
2.634635074E2,-4.391228797E1
2.635688686E2,-4.407705038E1
2.636715655E2,-4.615234749E1
2.637759754E2,-4.802536825E1
2.638822976E2,-4.852187708E1
2.639882657E2,-4.761085721E1
2.640920543E2,-4.922524387E1
2.641990132E2,-4.890768022E1
2.643050298E2,-4.900340002E1
2.644113724E2,-4.884336059E1
2.645176800E2,-4.815159909E1
2.646216688E2,-5.116675659E1
2.647277272E2,-4.928830026E1
2.648340397E2,-4.782222382E1
2.649383179E2,-4.897481588E1
2.650415932E2,-4.591800945E1
2.651478759E2,-4.833170784E1
2.652541350E2,-4.888311412E1
2.653600479E2,-4.885122894E1
2.654663821E2,-4.426215021E1
2.655717255E2,-3.815130815E1
2.656779813E2,-3.937304266E1
2.657842948E2,-4.413191376E1
2.658884578E2,-4.624048332E1
2.659946076E2,-5.097242907E1
2.661000347E2,-5.050851362E1
2.662051228E2,-4.833689689E1
2.663085065E2,-4.734022803E1
2.664148349E2,-4.681176009E1
2.665198452E2,-4.295714323E1
2.666217862E2,-4.144774274E1
2.667280885E2,-4.040004760E1
2.668337039E2,-4.593195898E1
2.669384758E2,-4.612293947E1
2.670415815E2,-4.634757482E1
2.671479290E2,-4.527340074E1
2.672542655E2,-4.698318674E1
2.673560424E2,-4.741372877E1
2.674623177E2,-3.915040023E1
2.675685492E2,-4.604923000E1
2.676719255E2,-4.356713796E1
2.677782515E2,-4.676337086E1
2.678846434E2,-4.702712118E1
2.679886132E2,-4.743554568E1
2.680932118E2,-4.724003154E1
2.681995146E2,-4.756561439E1
2.683052788E2,-4.789600443E1
2.684115749E2,-4.970726569E1
2.685178241E2,-4.783669379E1
2.686218591E2,-5.019328263E1
2.687227575E2,-4.730922464E1
2.688280205E2,-4.912911373E1
2.689345933E2,-4.815421177E1
2.690387705E2,-4.780128830E1
2.691415693E2,-5.058162231E1
2.692477862E2,-4.768546180E1
2.693540420E2,-5.034707323E1
2.694553988E2,-4.955294059E1
2.695617557E2,-4.836795691E1
2.696681045E2,-4.890169932E1
2.697720994E2,-5.010106187E1
2.698741188E2,-4.844155593E1
2.699767975E2,-4.952570614E1
2.700824983E2,-4.958263133E1
2.701886849E2,-4.267689142E1
2.702947956E2,-4.627030392E1
2.704010967E2,-4.250699864E1
2.705054358E2,-4.408113922E1
2.706101080E2,-4.875710011E1
2.707164143E2,-4.592933575E1
2.708221842E2,-4.710663237E1
2.709286691E2,-4.762454821E1
2.710349045E2,-4.651943724E1
2.711388478E2,-4.872412442E1
2.712415196E2,-4.425655988E1
2.713471402E2,-4.647480347E1
2.714527781E2,-4.797775228E1
2.715554825E2,-4.948894007E1
2.716618250E2,-4.077251664E1
2.717634140E2,-4.426254961E1
2.718692302E2,-4.737051339E1
2.719722714E2,-4.660847418E1
2.720786174E2,-4.425200693E1
2.721848783E2,-4.468111687E1
2.722889190E2,-4.368729855E1
2.723952598E2,-4.478067036E1
2.724990803E2,-4.370954225E1
2.726051577E2,-4.829042276E1
2.727114790E2,-4.657247978E1
2.728146842E2,-4.238598934E1
2.729210978E2,-4.604636163E1
2.730230926E2,-4.756558272E1
2.731249671E2,-4.662411214E1
2.732260900E2,-4.798207937E1
2.733281725E2,-4.120699016E1
2.734320618E2,-4.214833527E1
2.735358726E2,-4.173102062E1
2.736390028E2,-3.884344265E1
2.737415420E2,-3.966930740E1
2.738477792E2,-4.046837524E1
2.739502203E2,-4.359549524E1
2.740557587E2,-4.709541140E1
2.741620403E2,-5.022463119E1
2.742651916E2,-4.859771497E1
2.743715019E2,-4.588991017E1
2.744731842E2,-3.653415765E1
2.745794602E2,-4.412240794E1
2.746852676E2,-4.348628001E1
2.747891412E2,-4.123654476E1
2.748955120E2,-4.221639230E1
2.750017106E2,-3.934886932E1
2.751058358E2,-3.806870913E1
2.752121765E2,-4.536771171E1
2.753152583E2,-4.275081046E1
2.754195002E2,-3.720486807E1
2.755223828E2,-3.718103679E1
2.756256987E2,-3.343275755E1
2.757291688E2,-3.618288661E1
2.758351576E2,-4.797716327E1
2.759391576E2,-4.710517186E1
2.760415569E2,-4.868812121E1
2.761457710E2,-4.903787866E1
2.762520470E2,-4.971007350E1
2.763558025E2,-5.086833734E1
2.764585334E2,-4.879413097E1
2.765647796E2,-4.950026644E1
2.766684842E2,-4.863426551E1
2.767726146E2,-4.999924586E1
2.768789375E2,-4.965886459E1
2.769850645E2,-3.512491026E1
2.770892461E2,-4.207494774E1
2.771955222E2,-3.479041318E1
2.772996309E2,-4.719348494E1
2.774060069E2,-4.659256134E1
2.775085408E2,-4.910979537E1
2.776100742E2,-5.026552550E1
2.777163621E2,-4.857641787E1
2.778223944E2,-4.864600677E1
2.779235040E2,-4.854691695E1
2.780298424E2,-5.068048145E1
2.781361291E2,-4.733496645E1
2.782415922E2,-4.817750596E1
2.783437130E2,-4.959789965E1
2.784465980E2,-5.008077531E1
2.785528521E2,-4.744498044E1
2.786561280E2,-4.927952053E1
2.787601969E2,-4.703326574E1
2.788667590E2,-4.944938255E1
2.789727737E2,-5.012730483E1
2.790791797E2,-4.704966829E1
2.791855043E2,-5.094192496E1
2.792902806E2,-4.667921703E1
2.793966278E2,-5.050854730E1
2.795012385E2,-4.673493667E1
2.796061928E2,-4.810142160E1
2.797125531E2,-4.905194589E1
2.798189117E2,-4.885342840E1
2.799228135E2,-4.866528592E1
2.800290076E2,-4.604425756E1
2.801348550E2,-4.356055385E1
2.802395219E2,-4.830137868E1
2.803415590E2,-4.782425191E1
2.804457025E2,-4.465096653E1
2.805479915E2,-4.502820547E1
2.806543380E2,-4.909042781E1
2.807563121E2,-4.603173867E1
2.808626975E2,-4.410408496E1
2.809689448E2,-4.764221322E1
2.810729138E2,-5.006775370E1
2.811792835E2,-4.897907373E1
2.812855047E2,-4.899613558E1
2.813895956E2,-4.849246971E1
2.814946330E2,-4.839136702E1
2.816009537E2,-4.785962146E1
2.817062872E2,-4.997231460E1
2.818097076E2,-4.910776633E1
2.819127058E2,-4.960745998E1
2.820192439E2,-4.979398659E1
2.821230065E2,-4.867654193E1
2.822292315E2,-4.861254672E1
2.823348489E2,-5.025630978E1
2.824396550E2,-4.844587827E1
2.825415480E2,-4.925959732E1
2.826460906E2,-4.211104630E1
2.827524003E2,-4.075798001E1
2.828564349E2,-4.128922884E1
2.829622197E2,-3.544355591E1
2.830685416E2,-4.432911460E1
2.831730505E2,-4.759576819E1
2.832793687E2,-4.232879612E1
2.833811610E2,-4.392633498E1
2.834835735E2,-4.492226353E1
2.835897707E2,-4.962591136E1
2.836961164E2,-4.884658727E1
2.838017062E2,-4.946879473E1
2.839064399E2,-4.935760914E1
2.840072691E2,-5.031408283E1
2.841100725E2,-4.775365773E1
2.842159455E2,-4.963570628E1
2.843220075E2,-4.938821359E1
2.844239871E2,-4.868955755E1
2.845302618E2,-4.816082521E1
2.846365198E2,-5.027000655E1
2.847407148E2,-4.763115665E1
2.848428876E2,-4.793675132E1
2.849492005E2,-5.127020615E1
2.850552621E2,-4.843788203E1
2.851573794E2,-4.632062576E1
2.852636662E2,-4.735475065E1
2.853699339E2,-4.845913043E1
2.854733270E2,-4.927150180E1
2.855797037E2,-4.843045814E1
2.856860873E2,-4.935932330E1
2.857900007E2,-4.888925928E1
2.858960349E2,-3.921918654E1
2.860019431E2,-4.360737980E1
2.861065655E2,-4.808356412E1
2.862125389E2,-4.444560946E1
2.863144181E2,-4.129940561E1
2.864206758E2,-3.992108877E1
2.865233209E2,-4.038828633E1
2.866296640E2,-4.145772113E1
2.867326742E2,-4.240489463E1
2.868385438E2,-4.449111295E1
2.869408207E2,-4.399391592E1
2.870470662E2,-4.064748127E1
2.871534351E2,-4.728772804E1
2.872567141E2,-4.691958912E1
2.873629637E2,-4.278892184E1
2.874692812E2,-4.197803321E1
2.875733436E2,-4.550671237E1
2.876793875E2,-4.844136183E1
2.877856576E2,-4.813700705E1
2.878900541E2,-4.695478193E1
2.879972254E2,-4.922902961E1
2.881034977E2,-4.154961812E1
2.882068153E2,-4.380196938E1
2.883118953E2,-4.208229566E1
2.884134027E2,-4.416649927E1
2.885192203E2,-4.864127992E1
2.886234564E2,-4.966452145E1
2.887298522E2,-4.788812679E1
2.888320735E2,-4.755480840E1
2.889384100E2,-4.970130790E1
2.890409970E2,-4.683026022E1
2.891426357E2,-4.832025679E1
2.892451869E2,-5.006003604E1
2.893515185E2,-4.917266876E1
2.894568297E2,-4.808482127E1
2.895629034E2,-4.805217724E1
2.896672636E2,-4.494549012E1
2.897731528E2,-4.812301792E1
2.898753417E2,-4.840566367E1
2.899817002E2,-5.056547703E1
2.900880150E2,-4.872496077E1
2.901902870E2,-4.765303569E1
2.902966655E2,-4.725750701E1
2.904029938E2,-4.670202676E1
2.905069427E2,-4.551294849E1
2.906103057E2,-4.836330862E1
2.907161473E2,-4.676615082E1
2.908226245E2,-4.938414256E1
2.909252566E2,-4.949419968E1
2.910310729E2,-4.928827255E1
2.911373105E2,-5.065313200E1
2.912411827E2,-5.004616243E1
2.913474105E2,-4.759847909E1
2.914536465E2,-4.834277325E1
2.915569868E2,-4.908056809E1
2.916630719E2,-4.946323317E1
2.917681995E2,-4.852178608E1
2.918737197E2,-4.766389878E1
2.919800874E2,-4.525156262E1
2.920863719E2,-4.699414307E1
2.921904097E2,-4.619426509E1
2.922967460E2,-5.023324072E1
2.924030186E2,-4.805438775E1
2.925071042E2,-4.779081109E1
2.926100961E2,-4.704122538E1
2.927165094E2,-4.716783800E1
2.928228097E2,-5.058932253E1
2.929238663E2,-5.035222767E1
2.930302195E2,-4.889840048E1
2.931365276E2,-4.917123535E1
2.932415812E2,-4.869917777E1
2.933472014E2,-4.718492125E1
2.934531703E2,-5.118241746E1
2.935571562E2,-4.876373098E1
2.936634825E2,-4.887177731E1
2.937665843E2,-4.860074824E1
2.938685763E2,-5.055191499E1
2.939738555E2,-4.901271009E1
2.940801772E2,-5.041684200E1
2.941864743E2,-4.984623264E1
2.942906252E2,-4.804455863E1
2.943969285E2,-4.548889228E1
2.945031785E2,-4.510055998E1
2.946072934E2,-4.187437206E1
2.947108394E2,-4.262877814E1
2.948170903E2,-4.405048832E1
2.949198728E2,-5.039599406E1
2.950239860E2,-3.863143752E1
2.951269797E2,-4.603885808E1
2.952332173E2,-4.319815364E1
2.953343700E2,-4.497140494E1
2.954407352E2,-4.818832122E1
2.955453384E2,-4.891203771E1
2.956468617E2,-4.941534808E1
2.957532207E2,-4.811309227E1
2.958573539E2,-4.832166731E1
2.959636071E2,-4.681788268E1
2.960699433E2,-4.915001798E1
2.961740277E2,-4.144558333E1
2.962803587E2,-4.215625225E1
2.963866627E2,-5.009830856E1
2.964907356E2,-3.484514840E1
2.965961800E2,-4.210282456E1
2.967024970E2,-4.711127638E1
2.968073918E2,-4.308425398E1
2.969135305E2,-4.856321060E1
2.970198163E2,-5.125072094E1
2.971241297E2,-4.882968910E1
2.972303373E2,-4.671616431E1
2.973364149E2,-4.914529425E1
2.974408615E2,-5.021134626E1
2.975471428E2,-4.867237249E1
2.976533126E2,-5.045847340E1
2.977574951E2,-5.115095493E1
2.978638100E2,-4.874506692E1
2.979654155E2,-4.832659882E1
2.980714369E2,-4.897172583E1
2.981742008E2,-4.192811570E1
2.982799817E2,-4.371893334E1
2.983867771E2,-3.827966186E1
2.984909615E2,-4.808582264E1
2.985972817E2,-4.268168171E1
2.987037052E2,-4.667880731E1
2.988075846E2,-4.879239045E1
2.989139949E2,-4.154408717E1
2.990197812E2,-4.889962630E1
2.991242703E2,-4.833244024E1
2.992306147E2,-5.032382175E1
2.993322559E2,-4.613300674E1
2.994385168E2,-4.667047721E1
2.995409890E2,-4.730460942E1
2.996473172E2,-4.795283751E1
2.997536946E2,-4.747902528E1
2.998576882E2,-5.014738003E1
2.999639817E2,-4.868918965E1
3.000703017E2,-4.982845541E1
3.001743275E2,-4.835298994E1
3.002806667E2,-5.010308091E1
3.003869449E2,-4.844615657E1
3.004910502E2,-4.827645038E1
3.005974492E2,-5.002364053E1
3.007020896E2,-4.813690086E1
3.008077579E2,-4.699765667E1
3.009140832E2,-4.720479209E1
3.010201559E2,-4.958533584E1
3.011244627E2,-4.853524961E1
3.012306981E2,-4.952982757E1
3.013362900E2,-4.955521489E1
3.014411885E2,-4.987718752E1
3.015474746E2,-5.122996193E1
3.016538420E2,-4.980816341E1
3.017578207E2,-4.213857110E1
3.018598235E2,-3.941967581E1
3.019660883E2,-4.217536224E1
3.020723493E2,-4.766278979E1
3.021744993E2,-4.832633551E1
3.022808216E2,-4.369619403E1
3.023824941E2,-4.178237147E1
3.024851028E2,-4.369158925E1
3.025912032E2,-4.409797052E1
3.026977622E2,-4.705259757E1
3.028012290E2,-4.745723929E1
3.029074798E2,-4.626293457E1
3.030106531E2,-4.806209006E1
3.031169688E2,-4.911145655E1
3.032232124E2,-5.109186616E1
3.033246025E2,-5.044946734E1
3.034253919E2,-5.057530413E1
3.035317417E2,-5.058765891E1
3.036335645E2,-4.839183100E1
3.037352221E2,-4.855348747E1
3.038412843E2,-5.089094811E1
3.039475628E2,-5.081488421E1
3.040537891E2,-4.996150252E1
3.041579707E2,-5.006901005E1
3.042618753E2,-4.748589462E1
3.043681183E2,-4.791295500E1
3.044742391E2,-4.952272203E1
3.045805879E2,-4.855781113E1
3.046870471E2,-4.805057071E1
3.047913610E2,-5.087132755E1
3.048933512E2,-4.790045877E1
3.049994886E2,-4.945578197E1
3.051058271E2,-4.855727987E1
3.052080295E2,-4.803354474E1
3.053141089E2,-4.196207338E1
3.054204352E2,-4.112442145E1
3.055247709E2,-4.265592163E1
3.056310560E2,-4.014734365E1
3.057372882E2,-3.885796621E1
3.058414668E2,-4.466254958E1
3.059477831E2,-4.561413950E1
3.060500406E2,-4.068454819E1
3.061519065E2,-4.239762092E1
3.062582022E2,-4.903394980E1
3.063645348E2,-4.346459016E1
3.064708590E2,-3.735523500E1
3.065748349E2,-3.963503562E1
3.066811352E2,-4.341510747E1
3.067875475E2,-4.758088817E1
3.068915402E2,-3.883485205E1
3.069979000E2,-4.444953768E1
3.071004523E2,-4.361316560E1
3.072066039E2,-4.894054788E1
3.073082439E2,-5.008442720E1
3.074146636E2,-5.013620242E1
3.075209274E2,-4.811323554E1
3.076250173E2,-4.991042927E1
3.077314046E2,-4.602028714E1
3.078375092E2,-4.563175743E1
3.079415988E2,-4.898901751E1
3.080479268E2,-4.941079029E1
3.081542067E2,-4.903457057E1
3.082583260E2,-4.848443809E1
3.083646506E2,-4.812228044E1
3.084695970E2,-4.841851992E1
3.085749872E2,-4.881725716E1
3.086812285E2,-4.948364238E1
3.087872309E2,-4.789735067E1
3.088916828E2,-4.897180942E1
3.089980355E2,-4.858254159E1
3.091043352E2,-4.966066986E1
3.092083990E2,-4.630273794E1
3.093147010E2,-4.847432641E1
3.094209528E2,-4.925548382E1
3.095250417E2,-4.996643270E1
3.096270872E2,-5.011115028E1
3.097313371E2,-4.918136327E1
3.098374005E2,-4.775473976E1
3.099418276E2,-4.533607452E1
3.100425270E2,-4.588800993E1
3.101488315E2,-4.448098973E1
3.102523022E2,-4.767766914E1
3.103584374E2,-4.096129431E1
3.104600203E2,-4.760740156E1
3.105624196E2,-3.959603894E1
3.106655657E2,-4.724858410E1
3.107714020E2,-4.683949607E1
3.108751415E2,-4.871648419E1
3.109764882E2,-4.900901118E1
3.110822845E2,-4.307268483E1
3.111842908E2,-4.338996309E1
3.112871921E2,-3.769406593E1
3.113918350E2,-3.649998334E1
3.114930467E2,-4.797263694E1
3.115986578E2,-4.277681687E1
3.117050773E2,-4.217646102E1
3.118086230E2,-4.136327551E1
3.119146420E2,-4.050093825E1
3.120163920E2,-4.350891846E1
3.121226440E2,-4.334080503E1
3.122253271E2,-4.025395182E1
3.123316663E2,-4.361491387E1
3.124365188E2,-4.856542102E1
3.125419495E2,-4.715001174E1
3.126482677E2,-4.950523192E1
3.127547050E2,-5.084421780E1
3.128585807E2,-4.950199137E1
3.129594341E2,-5.056305979E1
3.130630897E2,-4.838150509E1
3.131694788E2,-5.059225236E1
3.132753578E2,-4.963134840E1
3.133779346E2,-5.009164150E1
3.134839211E2,-4.773238829E1
3.135882770E2,-4.923790656E1
3.136920680E2,-4.624462487E1
3.137984247E2,-4.374012592E1
3.139042709E2,-4.395935287E1
3.140087282E2,-5.002946671E1
3.141150566E2,-4.960197400E1
3.142213559E2,-4.963846774E1
3.143254372E2,-4.730714655E1
3.144316359E2,-4.185826115E1
3.145375880E2,-4.775579896E1
3.146421409E2,-4.436402665E1
3.147486352E2,-4.708115643E1
3.148545230E2,-4.686862360E1
3.149588413E2,-4.719566447E1
3.150651760E2,-4.426241078E1
3.151714952E2,-4.782019773E1
3.152754972E2,-4.799093292E1
3.153818307E2,-4.706488475E1
3.154850665E2,-4.661454170E1
3.155885904E2,-4.883964449E1
3.156936197E2,-4.881892429E1
3.157985740E2,-4.949493614E1
3.159049382E2,-4.203588073E1
3.160088971E2,-3.869956799E1
3.161152364E2,-4.364981835E1
3.162215673E2,-4.378894786E1
3.163256033E2,-4.079177577E1
3.164319580E2,-3.897358628E1
3.165382718E2,-4.084356741E1
3.166422871E2,-4.067202730E1
3.167483790E2,-4.601587500E1
3.168546825E2,-4.837736595E1
3.169589342E2,-4.012508289E1
3.170652595E2,-4.369833079E1
3.171698695E2,-4.671933446E1
3.172757370E2,-3.461425484E1
3.173819863E2,-4.525947521E1
3.174860440E2,-4.932211840E1
3.175919298E2,-4.302526068E1
3.176982548E2,-4.342753995E1
3.178040840E2,-3.832578881E1
3.179090473E2,-3.495389907E1
3.180152375E2,-4.401250567E1
3.181214965E2,-4.113799850E1
3.182257515E2,-4.233240695E1
3.183317320E2,-4.296750339E1
3.184373693E2,-4.149439200E1
3.185432192E2,-4.030273931E1
3.186496031E2,-4.669103007E1
3.187559093E2,-4.506858004E1
3.188591501E2,-4.417232143E1
3.189648221E2,-4.719508889E1
3.190710629E2,-4.295754534E1
3.191757814E2,-3.989551938E1
3.192815055E2,-4.042875129E1
3.193878057E2,-4.118824927E1
3.194925172E2,-3.937762984E1
3.195982580E2,-3.770552302E1
3.197024031E2,-4.478123874E1
3.198087512E2,-3.482746582E1
3.199148505E2,-4.189648942E1
3.200211954E2,-4.099140677E1
3.201258774E2,-4.683545400E1
3.202314970E2,-4.833346880E1
3.203379439E2,-4.811973034E1
3.204425372E2,-3.725184936E1
3.205479856E2,-3.645981610E1
3.206542690E2,-3.796918599E1
3.207593213E2,-4.234013623E1
3.208648134E2,-3.785293974E1
3.209710870E2,-3.598481684E1
3.210758185E2,-4.822532348E1
3.211814962E2,-4.667637434E1
3.212878401E2,-4.667163704E1
3.213926196E2,-4.746394617E1
3.214981775E2,-4.004574039E1
3.216031504E2,-4.881014914E1
3.217093472E2,-4.896023077E1
3.218148235E2,-4.722874328E1
3.219211845E2,-4.935030722E1
3.220260613E2,-4.976270774E1
3.221315101E2,-5.046976786E1
3.222370822E2,-4.786134464E1
3.223421113E2,-4.841711159E1
3.224434448E2,-4.976378851E1
3.225481600E2,-4.772192871E1
3.226513044E2,-4.890002959E1
3.227573530E2,-4.896073321E1
3.228594429E2,-4.897959677E1
3.229638548E2,-4.722580658E1
3.230701171E2,-4.728491934E1
3.231761375E2,-4.835967373E1
3.232815072E2,-4.815433950E1
3.233877366E2,-4.364503972E1
3.234927912E2,-4.620538596E1
3.235982706E2,-4.814039978E1
3.237046670E2,-4.904990816E1
3.238095060E2,-4.830839237E1
3.239148610E2,-4.818073216E1
3.240197787E2,-4.891308903E1
3.241256675E2,-4.868835663E1
3.242314617E2,-4.908217185E1
3.243375120E2,-4.803753627E1
3.244429565E2,-4.365674425E1
3.245482174E2,-3.757789334E1
3.246547330E2,-4.507321923E1
3.247596199E2,-4.798784684E1
3.248650030E2,-4.821893620E1
3.249712613E2,-4.905022183E1
3.250762304E2,-4.897983252E1
3.251810174E2,-4.707097344E1
3.252873366E2,-4.805706587E1
3.253928138E2,-4.647409175E1
3.254982342E2,-3.813673701E1
3.256012065E2,-4.079270957E1
3.257075391E2,-4.764046184E1
3.258097211E2,-4.733107955E1
3.259159901E2,-4.833237644E1
3.260223429E2,-4.983142352E1
3.261263572E2,-5.119021359E1
3.262326314E2,-4.960565863E1
3.263386764E2,-4.891787830E1
3.264430445E2,-4.962628032E1
3.265457095E2,-4.779262450E1
3.266485635E2,-4.710521172E1
3.267534211E2,-4.412085853E1
3.268592242E2,-4.480584258E1
3.269655507E2,-4.272587483E1
3.270687352E2,-4.567003331E1
3.271747865E2,-4.628794967E1
3.272764473E2,-4.654636997E1
3.273827815E2,-4.772035492E1
3.274886617E2,-4.948475541E1
3.275931777E2,-4.779589656E1
3.276995642E2,-4.962596050E1
3.278058550E2,-4.886289342E1
3.279098147E2,-5.063111672E1
3.280160787E2,-3.742769962E1
3.281185790E2,-4.389011548E1
3.282249615E2,-4.426538401E1
3.283265734E2,-4.796133023E1
3.284323116E2,-4.802432996E1
3.285370195E2,-4.837020177E1
3.286416058E2,-5.021289117E1
3.287432228E2,-4.859247410E1
3.288495329E2,-4.398271760E1
3.289557728E2,-3.705352795E1
3.290599038E2,-4.198958009E1
3.291638509E2,-4.028931563E1
3.292701069E2,-4.446281824E1
3.293761136E2,-4.464534355E1
3.294824782E2,-4.537400096E1
3.295886007E2,-4.279375395E1
3.296933057E2,-4.514172424E1
3.297996177E2,-4.438115866E1
3.299059735E2,-4.269152394E1
3.300107633E2,-4.035740767E1
3.301168377E2,-4.679741560E1
3.302232022E2,-4.623433828E1
3.303267137E2,-4.287799187E1
3.304285930E2,-4.080891773E1
3.305350705E2,-4.183798475E1
3.306385235E2,-4.523384714E1
3.307433820E2,-4.394420123E1
3.308485763E2,-4.132711639E1
3.309503005E2,-4.266204538E1
3.310560260E2,-4.382181965E1
3.311600551E2,-4.865715619E1
3.312627225E2,-4.805125757E1
3.313685363E2,-4.850428018E1
3.314748421E2,-4.706244820E1
3.315767607E2,-4.829896658E1
3.316829005E2,-4.871263533E1
3.317891890E2,-4.998175662E1
3.318934839E2,-4.875084208E1
3.319998602E2,-5.044246612E1
3.321037443E2,-5.018541685E1
3.322096800E2,-4.970535791E1
3.323125878E2,-5.068189515E1
3.324149085E2,-4.677804129E1
3.325212724E2,-4.629225009E1
3.326267104E2,-4.816261882E1
3.327275653E2,-4.247426320E1
3.328331399E2,-4.367227463E1
3.329385819E2,-4.203350630E1
3.330435130E2,-4.270200505E1
3.331498318E2,-3.978719802E1
3.332562973E2,-4.488584854E1
3.333601609E2,-4.709509269E1
3.334619457E2,-4.787271279E1
3.335683733E2,-4.929719756E1
3.336747423E2,-4.957783648E1
3.337769457E2,-4.751560904E1
3.338796013E2,-4.168682696E1
3.339818575E2,-4.429221850E1
3.340881432E2,-4.477838504E1
3.341936385E2,-4.012822910E1
3.342999185E2,-3.917477960E1
3.344062510E2,-4.263185368E1
3.345103799E2,-4.665244123E1
3.346124924E2,-4.324497289E1
3.347187957E2,-4.429593845E1
3.348238865E2,-4.909403455E1
3.349270802E2,-4.863520531E1
3.350333496E2,-4.837066904E1
3.351366083E2,-4.970629512E1
3.352415699E2,-4.931593702E1
3.353437116E2,-4.978594987E1
3.354452463E2,-5.048278112E1
3.355479881E2,-4.866394729E1
3.356542304E2,-4.822587522E1
3.357599732E2,-5.169392028E1
3.358663183E2,-5.082165567E1
3.359726140E2,-4.920678757E1
3.360770897E2,-4.880488643E1
3.361834290E2,-4.513788653E1
3.362866962E2,-4.263872005E1
3.363907617E2,-4.509485094E1
3.364937689E2,-4.722863228E1
3.365986569E2,-4.571678335E1
3.367009131E2,-4.454835148E1
3.368072449E2,-4.611195654E1
3.369104680E2,-4.690434915E1
3.370159608E2,-4.678950634E1
3.371222588E2,-4.932854065E1
3.372272039E2,-4.804481575E1
3.373318207E2,-4.883642056E1
3.374326327E2,-4.944845015E1
3.375390027E2,-4.319629384E1
3.376438547E2,-3.936894076E1
3.377452087E2,-3.911026973E1
3.378488514E2,-3.896753098E1
3.379546685E2,-4.401650290E1
3.380605534E2,-4.356134439E1
3.381669005E2,-4.292239301E1
3.382732558E2,-4.601571058E1
3.383780347E2,-4.817535046E1
3.384841248E2,-4.828226969E1
3.385905719E2,-4.636413958E1
3.386946876E2,-4.297626134E1
3.387977783E2,-4.195504796E1
3.389041151E2,-4.081442918E1
3.390101620E2,-2.930119945E1
3.391167628E2,-3.224017160E1
3.392230886E2,-3.914023505E1
3.393281462E2,-3.784338904E1
3.394315377E2,-3.993887379E1
3.395378745E2,-4.513304899E1
3.396440192E2,-4.390839328E1
3.397503021E2,-4.654219794E1
3.398565440E2,-4.504722913E1
3.399615381E2,-4.267096018E1
3.400648584E2,-4.338044362E1
3.401711072E2,-4.770176999E1
3.402769570E2,-5.060495978E1
3.403806435E2,-4.667462470E1
3.404869680E2,-4.574021339E1
3.405933522E2,-4.809228118E1
3.406953945E2,-4.800180433E1
3.408017220E2,-4.787505820E1
3.409034742E2,-4.869055363E1
3.410092712E2,-4.903774080E1
3.411108103E2,-4.582850541E1
3.412170688E2,-4.944268908E1
3.413202635E2,-4.307524722E1
3.414215592E2,-3.716781116E1
3.415274875E2,-4.588633582E1
3.416334455E2,-4.696260517E1
3.417369102E2,-4.678218324E1
3.418415461E2,-4.887518608E1
3.419441767E2,-4.895655819E1
3.420486425E2,-4.893798543E1
3.421536414E2,-4.697611625E1
3.422586355E2,-4.609949754E1
3.423608854E2,-4.489593657E1
3.424672214E2,-4.487316083E1
3.425695297E2,-4.531113626E1
3.426753320E2,-4.630425335E1
3.427775665E2,-4.855594670E1
3.428838844E2,-4.958200127E1
3.429869295E2,-4.969760118E1
3.430932395E2,-4.164919274E1
3.431950525E2,-4.433067176E1
3.433013695E2,-4.570817902E1
3.434036020E2,-4.792792687E1
3.435099871E2,-4.859932541E1
3.436109945E2,-4.724072176E1
3.437174440E2,-4.900889351E1
3.438203143E2,-4.882432419E1
3.439266855E2,-5.100971684E1
3.440307446E2,-4.767453589E1
3.441367045E2,-4.484221360E1
3.442415997E2,-3.353998975E1
3.443443556E2,-3.740248066E1
3.444506615E2,-3.542249716E1
3.445535816E2,-3.613835929E1
3.446593810E2,-3.663788553E1
3.447610632E2,-4.162267491E1
3.448673855E2,-4.392613420E1
3.449702873E2,-4.916789588E1
3.450738074E2,-5.041773377E1
3.451777558E2,-4.030493611E1
3.452796327E2,-4.051474887E1
3.453853627E2,-3.828999869E1
3.454869920E2,-3.993286884E1
3.455932754E2,-4.166267838E1
3.456945057E2,-4.587912239E1
3.458008584E2,-4.777230488E1
3.459037975E2,-4.769317918E1
3.460101636E2,-4.934847453E1
3.461164689E2,-5.057983418E1
3.462219208E2,-4.951558758E1
3.463278629E2,-4.999676340E1
3.464341943E2,-4.935573718E1
3.465369743E2,-4.966095446E1
3.466416042E2,-4.843278546E1
3.467445413E2,-5.039586678E1
3.468508119E2,-4.883464921E1
3.469536019E2,-4.915830423E1
3.470598647E2,-4.188009039E1
3.471612438E2,-4.499496836E1
3.472650388E2,-4.369116045E1
3.473702922E2,-4.578396358E1
3.474766724E2,-4.437169978E1
3.475787746E2,-4.856338639E1
3.476851489E2,-4.655384541E1
3.477869635E2,-4.863113021E1
3.478924095E2,-4.788691620E1
3.479946438E2,-4.758970828E1
3.481009877E2,-4.951476412E1
3.482036376E2,-5.095423259E1
3.483067735E2,-4.854551102E1
3.484113563E2,-4.710969593E1
3.485176704E2,-4.868777363E1
3.486202993E2,-4.732346999E1
3.487265773E2,-4.046189015E1
3.488286777E2,-4.493360046E1
3.489321015E2,-4.596367407E1
3.490366156E2,-4.693443597E1
3.491415661E2,-4.742958238E1
3.492447943E2,-4.692656757E1
3.493511021E2,-4.758318367E1
3.494552149E2,-5.041047050E1
3.495615161E2,-4.948617071E1
3.496665738E2,-4.956636429E1
3.497703629E2,-4.620917197E1
3.498766894E2,-4.503363747E1
3.499781451E2,-4.941585400E1
3.500839295E2,-4.525506255E1
3.501869508E2,-4.763657824E1
3.502933415E2,-4.667109451E1
3.503948650E2,-4.791890394E1
3.505013172E2,-4.882740674E1
3.506034611E2,-4.620112345E1
3.507098129E2,-4.736379357E1
3.508115501E2,-4.812221770E1
3.509154020E2,-4.878575932E1
3.510199910E2,-4.952273843E1
3.511262571E2,-5.004726518E1
3.512282207E2,-5.074029210E1
3.513290333E2,-4.779402237E1
3.514330364E2,-4.913216306E1
3.515362379E2,-4.998437499E1
3.516416319E2,-5.103794593E1
3.517449299E2,-5.045515768E1
3.518512225E2,-4.975159100E1
3.519536217E2,-4.908664621E1
3.520598070E2,-4.807976011E1
3.521616218E2,-4.852264149E1
3.522678614E2,-4.828414438E1
3.523702570E2,-5.041213179E1
3.524765302E2,-4.951044822E1
3.525783363E2,-4.784721434E1
3.526846992E2,-4.994120225E1
3.527869492E2,-4.794574211E1
3.528928101E2,-4.831149296E1
3.529950324E2,-5.025352955E1
3.531013678E2,-4.896143323E1
3.532036043E2,-5.030273245E1
3.533072166E2,-4.882503260E1
3.534117227E2,-5.051059862E1
3.535181274E2,-4.837658741E1
3.536203520E2,-4.915743487E1
3.537223247E2,-4.952219518E1
3.538283298E2,-4.579987866E1
3.539341410E2,-4.324178803E1
3.540369544E2,-4.713348628E1
3.541415582E2,-4.784206803E1
3.542451731E2,-4.872809957E1
3.543486725E2,-4.901820447E1
3.544536577E2,-4.864926525E1
3.545600918E2,-4.948965371E1
3.546617132E2,-4.810708829E1
3.547652900E2,-4.937256954E1
3.548702650E2,-5.030813677E1
3.549752715E2,-4.878673944E1
3.550785134E2,-4.843472483E1
3.551848355E2,-5.004352323E1
3.552912444E2,-4.445008626E1
3.553952079E2,-3.852448218E1
3.555016743E2,-3.371779828E1
3.556080302E2,-3.584818891E1
3.557118968E2,-4.367392658E1
3.558153760E2,-4.600720450E1
3.559217294E2,-4.277474008E1
3.560279684E2,-4.966691087E1
3.561293585E2,-4.379414353E1
3.562349649E2,-4.315368542E1
3.563412731E2,-3.790188904E1
3.564454884E2,-4.718308373E1
3.565506132E2,-4.663215932E1
3.566568965E2,-4.527247448E1
3.567620051E2,-4.554297935E1
3.568652610E2,-4.334978668E1
3.569716140E2,-4.443924644E1
3.570779395E2,-4.338380825E1
3.571794719E2,-4.436346850E1
3.572853344E2,-4.571943083E1
3.573916492E2,-4.820267379E1
3.574954953E2,-4.743870813E1
3.575984319E2,-4.761525400E1
3.577048095E2,-4.767023769E1
3.578112438E2,-4.834753336E1
3.579152747E2,-4.323594117E1
3.580215451E2,-4.402200704E1
3.581277556E2,-3.906623612E1
3.582334590E2,-4.089682501E1
3.583354025E2,-3.846774075E1
3.584416220E2,-4.091456517E1
3.585453938E2,-3.956262902E1
3.586501877E2,-4.216621510E1
3.587564487E2,-4.115279627E1
3.588621121E2,-4.434502789E1
3.589683721E2,-4.718648866E1
3.590746654E2,-4.844548964E1
3.591788138E2,-4.902179939E1
3.592806891E2,-5.014731543E1
3.593848416E2,-3.467271372E1
3.594911201E2,-4.234245412E1
3.595955890E2,-4.074116697E1
3.597020157E2,-3.949713630E1
3.598083582E2,-3.970238452E1
3.599122589E2,-4.078439443E1
3.600152941E2,-4.736147271E1
3.601181303E2,-4.068984981E1
3.602244028E2,-4.248252671E1
3.603289323E2,-4.202547216E1
3.604353564E2,-4.096583056E1
3.605415612E2,-4.065317783E1
3.606454948E2,-4.620796186E1
3.607463750E2,-3.652032420E1
3.608520762E2,-3.503577478E1
3.609583684E2,-3.370239741E1
3.610622626E2,-3.748203386E1
3.611665420E2,-4.815674084E1
3.612725532E2,-4.901909863E1
3.613785143E2,-4.810317723E1
3.614848737E2,-4.785899581E1
3.615912861E2,-3.526831107E1
3.616957195E2,-4.053608480E1
3.618020478E2,-4.422644827E1
3.619052700E2,-3.789966434E1
3.620110898E2,-3.358754849E1
3.621131670E2,-3.503968710E1
3.622195255E2,-3.848808980E1
3.623258001E2,-3.883373537E1
3.624291445E2,-4.064466577E1
3.625298878E2,-4.015605159E1
3.626323346E2,-4.420337108E1
3.627386840E2,-4.567278661E1
3.628415520E2,-4.063416016E1
3.629457750E2,-4.247436985E1
3.630521118E2,-4.804787619E1
3.631584372E2,-4.344177552E1
3.632624456E2,-4.152450614E1
3.633645737E2,-4.367831042E1
3.634708277E2,-4.268419156E1
3.635771205E2,-4.175103637E1
3.636826151E2,-4.508924355E1
3.637854786E2,-4.751431591E1
3.638896323E2,-4.259874172E1
3.639958822E2,-4.524850393E1
3.640986578E2,-4.797013469E1
3.642049093E2,-4.913849869E1
3.643112692E2,-4.711146773E1
3.644177040E2,-4.362328984E1
3.645240305E2,-4.303936559E1
3.646292804E2,-4.367789266E1
3.647356692E2,-4.144699844E1
3.648407234E2,-3.879285005E1
3.649459642E2,-3.758229097E1
3.650523892E2,-3.999596541E1
3.651573555E2,-4.140286499E1
3.652626864E2,-4.205978634E1
3.653677831E2,-3.686201848E1
3.654714282E2,-3.581964259E1
3.655777137E2,-4.296164858E1
3.656792985E2,-4.846901302E1
3.657854256E2,-4.228934439E1
3.658917677E2,-4.036739514E1
3.659959882E2,-3.300416738E1
3.661023350E2,-4.203943943E1
3.662089652E2,-4.949092622E1
3.663126917E2,-4.834438023E1
3.664190962E2,-4.337886149E1
3.665253247E2,-4.305310886E1
3.666294592E2,-4.933663467E1
3.667352004E2,-4.964533608E1
3.668413234E2,-5.025698146E1
3.669459841E2,-4.755217764E1
3.670519402E2,-4.813820494E1
3.671581466E2,-4.854560774E1
3.672628577E2,-4.844025394E1
3.673654209E2,-4.728321288E1
3.674674678E2,-4.833569153E1
3.675734923E2,-5.019498395E1
3.676794909E2,-4.774656627E1
3.677854897E2,-4.897978201E1
3.678899280E2,-4.760366824E1
3.679961738E2,-4.844654290E1
3.681024893E2,-4.466495895E1
3.682088053E2,-4.323313248E1
3.683128929E2,-4.564475358E1
3.684193402E2,-4.712913682E1
3.685232781E2,-4.313606082E1
3.686295350E2,-4.534081112E1
3.687351028E2,-4.853183126E1
3.688361734E2,-4.354021509E1
3.689415783E2,-4.184557411E1
3.690462631E2,-4.577827189E1
3.691525947E2,-4.857730910E1
3.692589095E2,-4.540414366E1
3.693628422E2,-4.533558276E1
3.694637147E2,-4.596088241E1
3.695700220E2,-4.700926414E1
3.696762540E2,-4.807734850E1
3.697796376E2,-4.756609049E1
3.698859085E2,-4.639276327E1
3.699922365E2,-4.573955087E1
3.700963324E2,-4.484008412E1
3.702026492E2,-4.043506397E1
3.703089487E2,-4.634381039E1
3.704130582E2,-4.598235703E1
3.705192591E2,-4.666410936E1
3.706245350E2,-4.930789993E1
3.707297011E2,-4.913217412E1
3.708359067E2,-4.809285497E1
3.709385539E2,-4.862270761E1
3.710415588E2,-4.886451041E1
3.711463901E2,-4.981689966E1
3.712527250E2,-4.928442948E1
3.713590226E2,-4.802429564E1
3.714630993E2,-4.853044230E1
3.715694555E2,-4.956469096E1
3.716757311E2,-4.991680416E1
3.717798240E2,-5.100450015E1
3.718860998E2,-4.798162533E1
3.719918491E2,-4.800904935E1
3.720964789E2,-3.883897032E1
3.722028215E2,-3.967871174E1
3.723091180E2,-4.259311685E1
3.724132377E2,-4.733901873E1
3.725158659E2,-3.967555400E1
3.726179249E2,-4.009441251E1
3.727241875E2,-3.752935461E1
3.728298729E2,-3.991357283E1
3.729361251E2,-5.015205223E1
3.730415196E2,-4.838336250E1
3.731465446E2,-5.008991983E1
3.732528831E2,-4.948750420E1
3.733592227E2,-4.904574906E1
3.734632620E2,-4.806203739E1
3.735696133E2,-4.859965687E1
3.736736766E2,-4.886033578E1
3.737799369E2,-4.999500330E1
3.738862611E2,-4.825508326E1
3.739924825E2,-4.769973015E1
3.740966514E2,-4.721299531E1
3.742020106E2,-4.612975130E1
3.743083610E2,-4.642075667E1
3.744133995E2,-4.448102498E1
3.745163765E2,-4.668407633E1
3.746222823E2,-4.572093620E1
3.747286308E2,-4.671729817E1
3.748300210E2,-4.629977675E1
3.749360063E2,-4.727738597E1
3.750416045E2,-4.696117394E1
3.751466840E2,-4.026224696E1
3.752519202E2,-4.253624748E1
3.753581046E2,-4.405241325E1
3.754634005E2,-4.839250137E1
3.755697231E2,-4.296608396E1
3.756719350E2,-4.370334949E1
3.757776979E2,-3.967153083E1
3.758801062E2,-3.333185425E1
3.759863482E2,-3.784271441E1
3.760920415E2,-3.938192071E1
3.761968064E2,-4.050284175E1
3.762996134E2,-3.752569107E1
3.764030765E2,-3.750759845E1
3.765095599E2,-4.206661456E1
3.766135371E2,-4.210677033E1
3.767198873E2,-4.035575757E1
3.768261680E2,-4.370054873E1
3.769301720E2,-4.648335096E1
3.770365178E2,-4.697542441E1
3.771415592E2,-4.375222370E1
3.772469166E2,-4.452125112E1
3.773532035E2,-4.306221649E1
3.774571744E2,-4.337499566E1
3.775625313E2,-4.392318507E1
3.776643515E2,-4.917531727E1
3.777660392E2,-4.826134091E1
3.778681910E2,-4.818588953E1
3.779744665E2,-4.731314720E1
3.780802267E2,-3.666445765E1
3.781836746E2,-3.768305618E1
3.782866646E2,-4.896706456E1
3.783882651E2,-4.970885164E1
3.784947127E2,-3.813555448E1
3.785970829E2,-3.703207488E1
3.787006874E2,-4.925435081E1
3.788067120E2,-5.035036100E1
3.789130349E2,-4.818036298E1
3.790144499E2,-4.880156113E1
3.791207815E2,-4.811301068E1
3.792270708E2,-4.992191808E1
3.793304530E2,-3.897204466E1
3.794368712E2,-3.650454925E1
3.795415569E2,-4.517622400E1
3.796470295E2,-4.991519258E1
3.797498723E2,-3.900167544E1
3.798560902E2,-3.763957728E1
3.799620815E2,-4.818356758E1
3.800637310E2,-4.218170892E1
3.801700642E2,-3.840153772E1
3.802764507E2,-4.687986675E1
3.803804888E2,-3.686878891E1
3.804831214E2,-4.691121975E1
3.805894454E2,-4.866988129E1
3.806957037E2,-3.767259715E1
3.807970810E2,-3.731251040E1
3.809031560E2,-4.692524054E1
3.810095046E2,-4.542007594E1
3.811138487E2,-4.597488275E1
3.812201232E2,-4.792020216E1
3.813218326E2,-4.799066334E1
3.814283340E2,-4.914392013E1
3.815305005E2,-4.986017852E1
3.816343756E2,-5.021218799E1
3.817364557E2,-4.642562059E1
3.818415541E2,-4.763305732E1
3.819471507E2,-4.730043558E1
3.820531936E2,-5.046847186E1
3.821594632E2,-5.039279910E1
3.822639270E2,-5.008467004E1
3.823702855E2,-4.894761543E1
3.824765075E2,-5.004986202E1
3.825805714E2,-4.868237223E1
3.826868944E2,-4.015219018E1
3.827928793E2,-4.799661648E1
3.828972857E2,-3.471497058E1
3.829987020E2,-3.244139941E1
3.831050229E2,-3.445723204E1
3.832112166E2,-3.991632344E1
3.833140526E2,-4.891420885E1
3.834186385E2,-5.039181925E1
3.835250099E2,-5.025529067E1
3.836306627E2,-4.898090656E1
3.837369395E2,-4.705595166E1
3.838415453E2,-5.029210973E1
3.839473717E2,-4.896934329E1
3.840527775E2,-4.744731681E1
3.841590690E2,-5.025950996E1
3.842640943E2,-4.645139930E1
3.843703712E2,-4.620988451E1
3.844767029E2,-4.707128629E1
3.845808363E2,-4.583545465E1
3.846871982E2,-4.466253650E1
3.847935949E2,-4.549637337E1
3.848974367E2,-4.808271029E1
3.850037480E2,-5.081612978E1
3.851101196E2,-4.899505553E1
3.852141886E2,-4.857222948E1
3.853205597E2,-4.706986942E1
3.854254455E2,-4.761218353E1
3.855308750E2,-4.791562890E1
3.856371715E2,-4.901459957E1
3.857415456E2,-4.882877914E1
3.858475318E2,-4.722432066E1
3.859538620E2,-4.841900968E1
3.860602104E2,-4.955728015E1
3.861642019E2,-5.105949241E1
3.862705230E2,-3.959471735E1
3.863768640E2,-3.385859550E1
3.864808477E2,-3.787106134E1
3.865816935E2,-3.945847961E1
3.866852896E2,-4.271109100E1
3.867917216E2,-4.819243696E1
3.868974865E2,-3.974986683E1
3.869983837E2,-4.521178203E1
3.871047050E2,-4.027107306E1
3.872109432E2,-4.534749065E1
3.873143760E2,-3.614340765E1
3.874198119E2,-4.248528511E1
3.875255822E2,-4.691406848E1
3.876309755E2,-4.963633951E1
3.877353378E2,-4.854800321E1
3.878415896E2,-5.017772332E1
3.879476522E2,-4.758353882E1
3.880539726E2,-4.859575061E1
3.881591110E2,-4.927250967E1
3.882643994E2,-4.870400663E1
3.883707818E2,-4.805855415E1
3.884725447E2,-4.865126030E1
3.885774706E2,-4.949315303E1
3.886810425E2,-4.977504702E1
3.887853232E2,-4.816035017E1
3.888915628E2,-4.717978634E1
3.889977639E2,-4.826143508E1
3.891041678E2,-4.891424011E1
3.892104751E2,-4.938857101E1
3.893145947E2,-4.837773521E1
3.894210181E2,-4.814317434E1
3.895240364E2,-4.791931483E1
3.896270129E2,-4.838621416E1
3.897311486E2,-4.962984112E1
3.898319480E2,-5.011734594E1
3.899382199E2,-5.063552559E1
3.900415739E2,-4.887795238E1
3.901474369E2,-4.980732598E1
3.902493080E2,-4.899684734E1
3.903553463E2,-4.799189110E1
3.904616488E2,-4.828263617E1
3.905645559E2,-4.558391598E1
3.906678703E2,-4.544268102E1
3.907742280E2,-4.592990026E1
3.908802769E2,-4.639914618E1
3.909850830E2,-4.391235556E1
3.910912639E2,-4.493828140E1
3.911971566E2,-4.565681504E1
3.913041403E2,-4.715139726E1
3.914105281E2,-4.725565173E1
3.915146225E2,-4.796768023E1
3.916180691E2,-4.670384824E1
3.917208023E2,-4.524601092E1
3.918271260E2,-4.369395717E1
3.919313277E2,-4.262849974E1
3.920375742E2,-4.200208504E1
3.921415775E2,-4.409268034E1
3.922476139E2,-4.742192636E1
3.923540378E2,-4.798605675E1
3.924604535E2,-4.502434947E1
3.925646720E2,-4.587537464E1
3.926669870E2,-4.659522055E1
3.927733367E2,-4.461633576E1
3.928796633E2,-4.782008799E1
3.929813812E2,-4.854384834E1
3.930876982E2,-4.839778276E1
3.931940568E2,-5.006142712E1
3.932981124E2,-4.764978736E1
3.934002344E2,-4.142366309E1
3.935065615E2,-4.363146526E1
3.936100829E2,-4.413890994E1
3.937147827E2,-4.617451843E1
3.938177009E2,-4.944673537E1
3.939240582E2,-5.103906632E1
3.940275731E2,-4.909772059E1
3.941314887E2,-4.730790465E1
3.942377205E2,-4.671289980E1
3.943415686E2,-4.859481490E1
3.944476776E2,-4.778009966E1
3.945489405E2,-5.008978138E1
3.946546047E2,-4.949136383E1
3.947609422E2,-4.798028005E1
3.948648680E2,-4.910591986E1
3.949711167E2,-4.912723513E1
3.950774260E2,-4.840572378E1
3.951815691E2,-5.072751901E1
3.952880025E2,-4.936101572E1
3.953939503E2,-4.835800873E1
3.954982593E2,-5.179368228E1
3.956046222E2,-4.975016105E1
3.957109625E2,-4.879158605E1
3.958149564E2,-4.845659544E1
3.959211755E2,-4.766565559E1
3.960267654E2,-4.852225861E1
3.961316485E2,-4.989328526E1
3.962378821E2,-4.894516910E1
3.963420446E2,-4.769281991E1
3.964483707E2,-5.007120810E1
3.965546246E2,-5.017562901E1
3.966608841E2,-4.890692730E1
3.967650061E2,-4.920415577E1
3.968713801E2,-4.709449109E1
3.969729999E2,-4.868879461E1
3.970787804E2,-5.022200618E1
3.971817015E2,-4.901243556E1
3.972879775E2,-4.996766223E1
3.973897017E2,-4.791432306E1
3.974960037E2,-4.824944158E1
3.975984223E2,-4.695524916E1
3.977047376E2,-4.822127934E1
3.978068197E2,-4.973767217E1
3.979130924E2,-4.971391176E1
3.980151494E2,-4.783165512E1
3.981214287E2,-4.957537385E1
3.982252014E2,-5.056619739E1
3.983281604E2,-4.888529430E1
3.984318203E2,-4.692202130E1
3.985381597E2,-4.716897089E1
3.986406628E2,-4.803565560E1
3.987416256E2,-4.768726454E1
3.988480659E2,-4.879573124E1
3.989526726E2,-4.977005404E1
3.990589564E2,-4.839439932E1
3.991651765E2,-4.872380220E1
3.992714995E2,-5.004930882E1
3.993779242E2,-4.838427590E1
3.994818187E2,-4.758575220E1
3.995878198E2,-4.736572873E1
3.996943012E2,-4.603741733E1
3.997987529E2,-4.690817465E1
3.999047850E2,-4.841496153E1
4.000110368E2,-4.713534225E1
4.001152681E2,-5.088526601E1
4.002186625E2,-4.876660509E1
4.003249741E2,-5.045327440E1
4.004278639E2,-4.993936706E1
4.005319259E2,-4.850387156E1
4.006379573E2,-3.963111344E1
4.007415609E2,-4.316535543E1
4.008478332E2,-4.936581049E1
4.009494900E2,-4.835844892E1
4.010521715E2,-4.706182976E1
4.011584958E2,-4.898881195E1
4.012619517E2,-4.675400309E1
4.013653766E2,-4.786645519E1
4.014714258E2,-3.958607388E1
4.015776872E2,-4.233672939E1
4.016820452E2,-4.807138763E1
4.017883970E2,-4.874131414E1
4.018924868E2,-4.756168671E1
4.019987310E2,-3.848025630E1
4.021046646E2,-4.303644271E1
4.022107262E2,-3.800610264E1
4.023154893E2,-4.212854244E1
4.024217678E2,-3.985135509E1
4.025258415E2,-4.678602210E1
4.026321113E2,-3.527610834E1
4.027370603E2,-4.103110401E1
4.028415768E2,-4.802183375E1
4.029478343E2,-4.203638730E1
4.030495824E2,-3.862906540E1
4.031513829E2,-4.682285587E1
4.032547218E2,-4.305334542E1
4.033610807E2,-3.987948095E1
4.034655109E2,-4.224470963E1
4.035717990E2,-4.560643146E1
4.036780997E2,-3.944599160E1
4.037821893E2,-4.024701384E1
4.038886830E2,-4.012241856E1
4.039950212E2,-4.538045615E1
4.040989441E2,-4.033515394E1
4.042052308E2,-4.407554221E1
4.043105892E2,-4.646169414E1
4.044156122E2,-4.862672116E1
4.045219790E2,-4.784595292E1
4.046270187E2,-5.021420331E1
4.047323391E2,-4.679174102E1
4.048380948E2,-5.050004655E1
4.049416010E2,-4.924273153E1
4.050478789E2,-5.043597598E1
4.051489592E2,-4.900957280E1
4.052552893E2,-4.676587195E1
4.053600651E2,-4.767402414E1
4.054656543E2,-4.866721723E1
4.055700885E2,-4.870864802E1
4.056764163E2,-4.897736597E1
4.057823622E2,-4.919176974E1
4.058886476E2,-4.891631566E1
4.059951380E2,-4.845641118E1
4.060990742E2,-4.480684874E1
4.062054582E2,-3.594275699E1
4.063086840E2,-2.997136795E1
4.064150322E2,-3.545147589E1
4.065186631E2,-3.427886418E1
4.066222436E2,-3.705393473E1
4.067285374E2,-3.608346463E1
4.068324637E2,-3.680850022E1
4.069386957E2,-4.180868694E1
4.070404707E2,-4.436601419E1
4.071415672E2,-4.543993434E1
4.072478666E2,-4.572011917E1
4.073498520E2,-4.229160529E1
4.074556077E2,-4.019488231E1
4.075619291E2,-4.353023586E1
4.076658529E2,-4.773964907E1
4.077703978E2,-4.636910530E1
4.078720248E2,-4.933986624E1
4.079747020E2,-4.817275708E1
4.080799994E2,-4.668869793E1
4.081825399E2,-4.783618903E1
4.082888960E2,-4.812296747E1
4.083952767E2,-4.763928767E1
4.084993124E2,-4.981178069E1
4.086056614E2,-4.663292603E1
4.087096743E2,-4.861888270E1
4.088159512E2,-4.517718369E1
4.089222605E2,-4.472520383E1
4.090285478E2,-4.784004561E1
4.091326432E2,-4.794757949E1
4.092390587E2,-4.792710887E1
4.093415658E2,-4.855736671E1
4.094472485E2,-4.832533824E1
4.095493028E2,-4.864185399E1
4.096555915E2,-4.898687836E1
4.097613909E2,-5.086682980E1
4.098659946E2,-4.630036389E1
4.099720724E2,-4.875122050E1
4.100775522E2,-4.857214226E1
4.101826710E2,-4.668515460E1
4.102887536E2,-4.671961082E1
4.103920810E2,-4.803335135E1
4.104983746E2,-4.821302258E1
4.106002132E2,-4.882192486E1
4.107065322E2,-4.820406121E1
4.108127951E2,-4.966948118E1
4.109160886E2,-4.832457171E1
4.110220555E2,-4.998412762E1
4.111282921E2,-4.842321733E1
4.112328761E2,-4.290839841E1
4.113382975E2,-4.269248644E1
4.114415250E2,-4.011690525E1
4.115471796E2,-4.237736932E1
4.116494717E2,-4.298787209E1
4.117553106E2,-4.858699552E1
4.118612840E2,-4.827021177E1
4.119661837E2,-5.030411821E1
4.120718153E2,-4.644572564E1
4.121782065E2,-4.641472679E1
4.122829188E2,-5.000446587E1
4.123893164E2,-4.803033651E1
4.124956088E2,-4.644761893E1
4.125995629E2,-4.746915832E1
4.127020307E2,-4.636131301E1
4.128056205E2,-4.801571706E1
4.129120719E2,-4.835126718E1
4.130162839E2,-4.871583768E1
4.131225362E2,-4.734924982E1
4.132288859E2,-4.931729664E1
4.133330117E2,-4.397661285E1
4.134389400E2,-4.002161206E1
4.135415376E2,-3.859282494E1
4.136473528E2,-4.428738386E1
4.137496235E2,-3.786498904E1
4.138558492E2,-4.218243076E1
4.139619482E2,-4.768840950E1
4.140663572E2,-4.630261735E1
4.141726347E2,-3.995262401E1
4.142790547E2,-4.130454245E1
4.143830157E2,-4.053105908E1
4.144850694E2,-4.207519925E1
4.145914192E2,-4.096847182E1
4.146957536E2,-4.319824137E1
4.147997138E2,-4.523471981E1
4.149059791E2,-4.250573393E1
4.150123032E2,-4.993854059E1
4.151164146E2,-4.907418409E1
4.152221876E2,-4.753231083E1
4.153282230E2,-4.849918610E1
4.154330639E2,-4.263311040E1
4.155393957E2,-3.487014161E1
4.156415769E2,-3.297917846E1
4.157471755E2,-3.054745243E1
4.158496825E2,-3.259389061E1
4.159505650E2,-3.857603822E1
4.160568300E2,-5.106240064E1
4.161631233E2,-4.789143673E1
4.162665539E2,-4.839836343E1
4.163728785E2,-5.054805978E1
4.164758795E2,-4.831332239E1
4.165821451E2,-4.871394654E1
4.166839632E2,-4.840374055E1
4.167897055E2,-4.950013898E1
4.168943193E2,-4.755628848E1
4.169998684E2,-4.818833907E1
4.171062225E2,-4.527546889E1
4.172126169E2,-3.608841589E1
4.173167334E2,-4.365438192E1
4.174230928E2,-4.650989033E1
4.175295119E2,-4.903632590E1
4.176333100E2,-4.030938381E1
4.177395319E2,-4.255655705E1
4.178415382E2,-3.913916763E1
4.179471291E2,-3.581770610E1
4.180500412E2,-3.820242273E1
4.181563082E2,-4.558449726E1
4.182626655E2,-4.777492499E1
4.183674798E2,-4.857742986E1
4.184737786E2,-3.853105938E1
4.185792968E2,-4.056730880E1
4.186841582E2,-4.294256671E1
4.187904473E2,-3.947018679E1
4.188958935E2,-4.023145696E1
4.190008470E2,-4.373124525E1
4.191071875E2,-4.794682009E1
4.192120870E2,-4.875228068E1
4.193175450E2,-4.973068982E1
4.194221505E2,-4.852509449E1
4.195271279E2,-4.902499301E1
4.196329586E2,-4.991687281E1
4.197356520E2,-4.811288562E1
4.198415541E2,-4.892714575E1
4.199471606E2,-4.755822146E1
4.200509102E2,-4.900481282E1
4.201574281E2,-4.836485826E1
4.202637363E2,-4.886748825E1
4.203675435E2,-5.079879918E1
4.204719982E2,-4.890062444E1
4.205783317E2,-4.855538967E1
4.206842907E2,-4.816621010E1
4.207906193E2,-4.770558914E1
4.208969519E2,-4.782200791E1
4.210001065E2,-3.879807130E1
4.211021377E2,-3.789843693E1
4.212085823E2,-3.307617398E1
4.213145698E2,-4.062330824E1
4.214169014E2,-4.277609448E1
4.215195045E2,-3.944850011E1
4.216258652E2,-3.970992883E1
4.217294162E2,-4.332599134E1
4.218335481E2,-4.925072508E1
4.219398410E2,-3.883486161E1
4.220430889E2,-4.071581085E1
4.221493672E2,-4.261128161E1
4.222509330E2,-4.959206390E1
4.223567424E2,-4.223076303E1
4.224597900E2,-4.585149034E1
4.225660388E2,-4.941349114E1
4.226677495E2,-4.875066551E1
4.227740155E2,-5.103193169E1
4.228800242E2,-4.838713089E1
4.229836718E2,-4.860233221E1
4.230900350E2,-4.788746659E1
4.231931527E2,-4.789800283E1
4.232954341E2,-4.923245788E1
4.234004145E2,-4.869005599E1
4.235062430E2,-4.724025385E1
4.236098927E2,-4.848161245E1
4.237161677E2,-4.964872877E1
4.238211136E2,-4.872430207E1
4.239264502E2,-4.758446599E1
4.240326771E2,-4.793943159E1
4.241338361E2,-4.822344587E1
4.242401232E2,-4.565538619E1
4.243431002E2,-4.781884457E1
4.244489229E2,-4.125235446E1
4.245504610E2,-4.342357303E1
4.246557386E2,-4.275074106E1
4.247617288E2,-4.778108882E1
4.248671366E2,-4.893829111E1
4.249727706E2,-4.659912577E1
4.250791982E2,-4.918496558E1
4.251847077E2,-4.852808480E1
4.252912582E2,-4.756384040E1
4.253942870E2,-4.531846255E1
4.255005151E2,-4.858395884E1
4.256053403E2,-4.946593148E1
4.257109663E2,-4.979583317E1
4.258172180E2,-4.725816158E1
4.259234653E2,-4.825094194E1
4.260253682E2,-4.782176989E1
4.261317302E2,-4.730087953E1
4.262347817E2,-3.996413729E1
4.263411483E2,-3.885111415E1
4.264453214E2,-4.219542874E1
4.265505854E2,-4.644705041E1
4.266553445E2,-4.065168640E1
4.267600308E2,-3.862325033E1
4.268657643E2,-4.267584498E1
4.269673279E2,-4.124196411E1
4.270700269E2,-4.476736174E1
4.271718886E2,-3.816804398E1
4.272767491E2,-3.480578631E1
4.273787490E2,-3.786646608E1
4.274840086E2,-4.827504694E1
4.275903563E2,-4.543965414E1
4.276934310E2,-4.031876929E1
4.277997050E2,-4.871811690E1
4.279049623E2,-4.162954294E1
4.280101387E2,-4.264583019E1
4.281165802E2,-4.458656974E1
4.282228612E2,-4.334222345E1
4.283267650E2,-4.405860565E1
4.284330893E2,-4.793514163E1
4.285349029E2,-4.897098949E1
4.286412641E2,-4.708806979E1
4.287434173E2,-4.699883088E1
4.288495140E2,-4.639144128E1
4.289558870E2,-4.690147828E1
4.290600127E2,-4.769991571E1
4.291632474E2,-3.745763085E1
4.292674512E2,-3.856246997E1
4.293682067E2,-4.462964075E1
4.294740602E2,-4.034124245E1
4.295767812E2,-4.445701438E1
4.296830560E2,-3.827615329E1
4.297842282E2,-4.350593659E1
4.298905393E2,-4.718962400E1
4.299933743E2,-4.324703034E1
4.300991937E2,-4.475864118E1
4.302009860E2,-4.514394959E1
4.303073849E2,-4.874287908E1
4.304100301E2,-4.898905979E1
4.305160615E2,-4.964917952E1
4.306177170E2,-4.786918111E1
4.307239405E2,-4.767018389E1
4.308265294E2,-4.777722932E1
4.309325785E2,-4.281990566E1
4.310343240E2,-4.940889740E1
4.311369791E2,-4.932588927E1
4.312415702E2,-4.762184672E1
4.313434073E2,-4.897118047E1
4.314497461E2,-4.987125211E1
4.315560291E2,-4.885406598E1
4.316601170E2,-4.850670092E1
4.317664041E2,-4.736224438E1
4.318684650E2,-5.020277914E1
4.319747920E2,-4.977725180E1
4.320767576E2,-4.903339301E1
4.321793824E2,-4.855155795E1
4.322844902E2,-4.272852123E1
4.323868578E2,-4.945785496E1
4.324934170E2,-4.955033525E1
4.325997606E2,-4.763223592E1
4.327011425E2,-4.941020832E1
4.328049851E2,-4.946232030E1
4.329100577E2,-4.872632197E1
4.330145518E2,-4.655230916E1
4.331178286E2,-4.915574373E1
4.332239229E2,-4.865074080E1
4.333267922E2,-5.025645096E1
4.334330111E2,-4.426983024E1
4.335345296E2,-4.241775134E1
4.336352377E2,-4.744331738E1
4.337415351E2,-4.230018994E1
4.338433805E2,-4.500737904E1
4.339496287E2,-4.120124626E1
4.340511806E2,-4.639591984E1
4.341575579E2,-4.034435901E1
4.342590226E2,-4.623528761E1
4.343650867E2,-4.462794796E1
4.344678752E2,-4.614681867E1
4.345717538E2,-4.683984406E1
4.346780401E2,-4.596559102E1
4.347841177E2,-4.511934432E1
4.348903878E2,-4.416216038E1
4.349949893E2,-5.039969357E1
4.351012965E2,-4.828751623E1
4.352079352E2,-4.737932301E1
4.353121063E2,-4.951901372E1
4.354179717E2,-4.696685602E1
4.355242790E2,-4.817251690E1
4.356306270E2,-4.680874278E1
4.357346866E2,-4.811881423E1
4.358372943E2,-4.590487208E1
4.359415932E2,-4.703107936E1
4.360462526E2,-4.838987077E1
4.361513715E2,-4.952509509E1
4.362577465E2,-4.947474966E1
4.363640889E2,-4.948129417E1
4.364680313E2,-5.012800179E1
4.365742978E2,-4.980393951E1
4.366805390E2,-5.108570042E1
4.367847687E2,-4.883394691E1
4.368910690E2,-4.780122684E1
4.369972680E2,-4.829053457E1
4.371014648E2,-5.005336708E1
4.372079077E2,-4.843765739E1
4.373143095E2,-5.044220732E1
4.374189050E2,-4.869654988E1
4.375252782E2,-4.816716515E1
4.376316097E2,-5.133531521E1
4.377347625E2,-4.884023959E1
4.378355429E2,-4.683755833E1
4.379407775E2,-4.997394094E1
4.380470174E2,-5.090401140E1
4.381515041E2,-5.090551962E1
4.382577497E2,-4.762359206E1
4.383633098E2,-4.878414448E1
4.384681535E2,-4.704594362E1
4.385721412E2,-4.825749838E1
4.386784848E2,-4.801256463E1
4.387843927E2,-4.978500352E1
4.388906793E2,-4.849345233E1
4.389969575E2,-5.041053806E1
4.391014846E2,-4.738945703E1
4.392023182E2,-4.701253010E1
4.393051389E2,-4.800369279E1
4.394095725E2,-4.905927753E1
4.395152037E2,-4.967341978E1
4.396183295E2,-5.022323147E1
4.397245983E2,-4.815898871E1
4.398309199E2,-4.880425254E1
4.399349869E2,-4.764458516E1
4.400368298E2,-4.997554337E1
4.401416015E2,-4.907842707E1
4.402475593E2,-4.908511845E1
4.403515669E2,-4.880436655E1
4.404530845E2,-4.947994180E1
4.405590116E2,-4.957758740E1
4.406620330E2,-4.799607200E1
4.407679200E2,-4.723778162E1
4.408721900E2,-4.929274018E1
4.409785257E2,-4.829498738E1
4.410846615E2,-4.819720311E1
4.411910815E2,-4.980791984E1
4.412955596E2,-4.967151552E1
4.414018168E2,-4.959807940E1
4.415087996E2,-4.825979715E1
4.416151034E2,-4.888234070E1
4.417184245E2,-4.734352076E1
4.418246610E2,-4.675656876E1
4.419310129E2,-4.804842127E1
4.420350943E2,-4.886776327E1
4.421414054E2,-4.813445863E1
4.422478013E2,-4.729203106E1
4.423518265E2,-4.816602770E1
4.424581184E2,-4.402430677E1
4.425644142E2,-4.228728037E1
4.426683804E2,-4.209546062E1
4.427692800E2,-4.267630937E1
4.428720978E2,-4.461270896E1
4.429750266E2,-4.375909138E1
4.430811861E2,-4.922461234E1
4.431852026E2,-4.711654412E1
4.432915045E2,-4.064588377E1
4.433979984E2,-4.433785076E1
4.435019873E2,-4.299238848E1
4.436037509E2,-4.914382835E1
4.437100600E2,-4.215228558E1
4.438152344E2,-3.798838589E1
4.439186517E2,-4.453414105E1
4.440249831E2,-4.780586538E1
4.441314480E2,-4.742340440E1
4.442352818E2,-4.356114917E1
4.443415512E2,-3.883186953E1
4.444472850E2,-4.564506486E1
4.445518639E2,-4.754260467E1
4.446571278E2,-4.885378498E1
4.447620409E2,-4.888055110E1
4.448682009E2,-5.057526600E1
4.449720393E2,-4.970508563E1
4.450783479E2,-5.009078135E1
4.451818483E2,-4.832540517E1
4.452853887E2,-4.073328556E1
4.453917223E2,-3.686897139E1
4.454980788E2,-3.466125649E1
4.456022039E2,-3.839929749E1
4.457084982E2,-4.330578641E1
4.458125185E2,-3.912031127E1
4.459188239E2,-3.620257746E1
4.460248823E2,-4.082584856E1
4.461312810E2,-4.256470675E1
4.462354641E2,-3.910209251E1
4.463415844E2,-4.046459826E1
4.464478926E2,-4.158020250E1
4.465521132E2,-4.050680534E1
4.466583794E2,-4.422876319E1
4.467646879E2,-4.206308075E1
4.468687122E2,-4.054632258E1
4.469695935E2,-4.568041483E1
4.470759525E2,-3.466810825E1
4.471818380E2,-4.284175217E1
4.472855561E2,-4.191857367E1
4.473919384E2,-3.427898239E1
4.474982530E2,-3.909531090E1
4.476021970E2,-4.023521923E1
4.477045991E2,-4.633686279E1
4.478117520E2,-4.023954662E1
4.479152316E2,-4.032630648E1
4.480188442E2,-4.137908851E1
4.481221801E2,-4.469502052E1
4.482284998E2,-4.246275311E1
4.483318738E2,-4.428149169E1
4.484355016E2,-4.925521728E1
4.485411604E2,-4.950904646E1
4.486484229E2,-4.830427152E1
4.487522724E2,-4.884583354E1
4.488531030E2,-5.023667590E1
4.489561141E2,-4.906207658E1
4.490624689E2,-4.880072382E1
4.491685203E2,-4.932761444E1
4.492701708E2,-4.687091494E1
4.493759815E2,-4.936786067E1
4.494818577E2,-4.899151183E1
4.495856766E2,-4.447873483E1
4.496920120E2,-3.617970550E1
4.497961332E2,-4.138242340E1
4.499023630E2,-4.376511785E1
4.500087060E2,-3.715906533E1
4.501106188E2,-3.840593845E1
4.502148447E2,-3.929854719E1
4.503190750E2,-3.511128684E1
4.504216061E2,-4.505682901E1
4.505248372E2,-3.706084861E1
4.506308085E2,-4.421806234E1
4.507357465E2,-4.235997578E1
4.508415698E2,-4.288298384E1
4.509478466E2,-4.817899121E1
4.510525295E2,-4.909733659E1
4.511582805E2,-4.793329522E1
4.512645223E2,-4.818881254E1
4.513691307E2,-3.928509590E1
4.514752217E2,-3.836281516E1
4.515814285E2,-3.919797465E1
4.516858623E2,-3.434889896E1
4.517921877E2,-3.755098905E1
4.518943872E2,-4.087277498E1
4.519963426E2,-3.574477381E1
4.521026065E2,-4.211090204E1
4.522088831E2,-4.691136192E1
4.523149442E2,-4.765397317E1
4.524192507E2,-5.111576576E1
4.525255944E2,-4.920965961E1
4.526318938E2,-4.947597350E1
4.527359144E2,-4.928958299E1
4.528415833E2,-4.692428944E1
4.529447398E2,-4.936739542E1
4.530507541E2,-4.935668543E1
4.531526217E2,-4.851316384E1
4.532541255E2,-4.750998258E1
4.533598084E2,-4.849257532E1
4.534660508E2,-5.111213950E1
4.535693294E2,-4.887879162E1
4.536707182E2,-4.936090134E1
4.537764150E2,-4.689194164E1
4.538826713E2,-4.726463258E1
4.539859034E2,-4.853734098E1
4.540868610E2,-4.867744852E1
4.541933150E2,-4.863552678E1
4.542996155E2,-4.808249096E1
4.544028120E2,-4.867715571E1
4.545091500E2,-4.475426840E1
4.546154691E2,-4.279086205E1
4.547201465E2,-4.304259009E1
4.548262038E2,-4.259645737E1
4.549283595E2,-4.561873436E1
4.550339701E2,-4.896402779E1
4.551361025E2,-4.934987978E1
4.552415783E2,-4.773964718E1
4.553478743E2,-4.950239156E1
4.554527785E2,-4.324295073E1
4.555541617E2,-4.287592860E1
4.556587129E2,-4.452481250E1
4.557650402E2,-4.453748407E1
4.558694501E2,-4.524268339E1
4.559754926E2,-4.701994657E1
4.560817167E2,-4.781289999E1
4.561862145E2,-5.183600929E1
4.562888229E2,-5.036945179E1
4.563951798E2,-4.953739023E1
4.564987825E2,-4.721659378E1
4.566029036E2,-4.679008816E1
4.567091750E2,-4.944231360E1
4.568155140E2,-4.801006413E1
4.569197159E2,-4.837050543E1
4.570260773E2,-4.835018180E1
4.571324773E2,-4.894058936E1
4.572362855E2,-4.981252822E1
4.573409044E2,-4.199148513E1
4.574467259E2,-4.322432758E1
4.575525980E2,-3.915907632E1
4.576584527E2,-3.422543512E1
4.577642458E2,-3.580034849E1
4.578696652E2,-3.199509544E1
4.579720966E2,-3.889762988E1
4.580780805E2,-4.028632630E1
4.581800519E2,-4.730289034E1
4.582859559E2,-4.325659820E1
4.583883949E2,-4.110418899E1
4.584948739E2,-4.230077706E1
4.586012073E2,-4.570772067E1
4.587031021E2,-4.541648665E1
4.588092108E2,-4.101591797E1
4.589154998E2,-4.072087649E1
4.590197800E2,-4.641075458E1
4.591263569E2,-4.670659207E1
4.592327782E2,-4.217028208E1
4.593365311E2,-4.018391835E1
4.594416064E2,-3.988109911E1
4.595479005E2,-4.033939658E1
4.596532183E2,-4.525293830E1
4.597564280E2,-4.552501999E1
4.598588365E2,-4.373228580E1
4.599651809E2,-4.026052204E1
4.600698368E2,-4.332918360E1
4.601759060E2,-4.350571021E1
4.602779329E2,-4.377984120E1
4.603843570E2,-4.349208422E1
4.604865325E2,-4.428276908E1
4.605929176E2,-4.558766442E1
4.606992888E2,-4.327071638E1
4.608032351E2,-4.099716400E1
4.609087800E2,-4.357179510E1
4.610152892E2,-4.801454424E1
4.611199602E2,-4.955743937E1
4.612263551E2,-4.969311937E1
4.613282191E2,-4.755062049E1
4.614346726E2,-5.016448727E1
4.615366148E2,-4.770385993E1
4.616415492E2,-3.985473035E1
4.617478186E2,-4.451931946E1
4.618533365E2,-4.957708071E1
4.619587135E2,-4.918439895E1
4.620650787E2,-4.831838505E1
4.621700140E2,-4.714382820E1
4.622763702E2,-4.596579538E1
4.623807632E2,-4.881635159E1
4.624862004E2,-4.774603076E1
4.625894303E2,-4.783630017E1
4.626910065E2,-4.887386292E1
4.627966977E2,-4.916084286E1
4.629029460E2,-4.787136415E1
4.630087834E2,-4.684436100E1
4.631151965E2,-4.290393875E1
4.632201125E2,-4.305407452E1
4.633264871E2,-4.492893085E1
4.634327578E2,-4.765380835E1
4.635367297E2,-4.542055272E1
4.636415995E2,-4.782398292E1
4.637478252E2,-4.906562775E1
4.638534777E2,-4.725809927E1
4.639596553E2,-4.650213770E1
4.640657866E2,-4.906409369E1
4.641701803E2,-5.105128663E1
4.642745427E2,-4.914505882E1
4.643803513E2,-5.029732475E1
4.644863506E2,-4.879637998E1
4.645926635E2,-4.907649939E1
4.646989735E2,-4.819148013E1
4.648035063E2,-4.961658549E1
4.649098379E2,-5.069926300E1
4.650162022E2,-5.090211795E1
4.651202147E2,-5.079034314E1
4.652253759E2,-4.907693172E1
4.653289303E2,-4.906691491E1
4.654346754E2,-4.756736625E1
4.655368679E2,-4.121069083E1
4.656415639E2,-4.001893852E1
4.657437501E2,-4.112386299E1
4.658500115E2,-3.810514445E1
4.659535930E2,-3.933134009E1
4.660559072E2,-4.373984862E1
4.661619171E2,-3.976753927E1
4.662681673E2,-4.877232908E1
4.663703130E2,-4.272107318E1
4.664766245E2,-4.506221304E1
4.665829104E2,-4.313354729E1
4.666869543E2,-3.963910857E1
4.667888578E2,-3.951202951E1
4.668904264E2,-4.533520169E1
4.669967970E2,-4.760137725E1
4.671032736E2,-4.777006506E1
4.672063230E2,-4.740594372E1
4.673126530E2,-4.634551112E1
4.674189643E2,-4.871169794E1
4.675204004E2,-4.848513312E1
4.676267244E2,-4.810905926E1
4.677329963E2,-4.733484984E1
4.678370226E2,-4.359365677E1
4.679415988E2,-4.786485904E1
4.680478746E2,-4.746537696E1
4.681537665E2,-4.585996814E1
4.682600210E2,-4.357057715E1
4.683662660E2,-4.214602619E1
4.684704886E2,-4.717694563E1
4.685768967E2,-4.570824938E1
4.686806125E2,-4.238655649E1
4.687867432E2,-4.614109926E1
4.688892029E2,-4.800049302E1
4.689926930E2,-4.901265941E1
4.690990725E2,-4.686658157E1
4.692038639E2,-4.357462757E1
4.693101351E2,-4.378577920E1
4.694155215E2,-4.386336371E1
4.695205297E2,-3.907166273E1
4.696268454E2,-4.768864800E1
4.697288674E2,-4.641837863E1
4.698351957E2,-3.731379716E1
4.699371320E2,-4.158921774E1
4.700415714E2,-3.500287494E1
4.701478287E2,-3.515638132E1
4.702538654E2,-3.851332329E1
4.703599422E2,-3.892963524E1
4.704648950E2,-4.612126022E1
4.705705177E2,-4.150534419E1
4.706713857E2,-3.852269803E1
4.707777428E2,-4.399237738E1
4.708840954E2,-4.566606766E1
4.709873466E2,-4.780559403E1
4.710937117E2,-4.807351694E1
4.711987626E2,-5.054817997E1
4.713039925E2,-4.967173503E1
4.714086426E2,-4.896851222E1
4.715146071E2,-4.780490876E1
4.716207207E2,-4.898655792E1
4.717270497E2,-4.681683130E1
4.718333827E2,-4.859904848E1
4.719373802E2,-4.747658285E1
4.720415578E2,-4.553441111E1
4.721478452E2,-3.445444449E1
4.722541756E2,-3.659452302E1
4.723604270E2,-3.374773085E1
4.724666787E2,-4.225668619E1
4.725706306E2,-4.368363885E1
4.726715550E2,-4.842160951E1
4.727778712E2,-4.538385353E1
4.728833229E2,-3.974343997E1
4.729875488E2,-3.875824718E1
4.730905930E2,-3.856623651E1
4.731938788E2,-4.043734555E1
4.732954337E2,-3.851595254E1
4.734017091E2,-3.369777911E1
4.735041962E2,-4.279082660E1
4.736100703E2,-4.256950322E1
4.737126179E2,-4.462128524E1
4.738188987E2,-4.342346479E1
4.739209221E2,-4.187229964E1
4.740272697E2,-4.356702361E1
4.741335905E2,-4.677009295E1
4.742375774E2,-4.114188912E1
4.743415896E2,-4.197768495E1
4.744478607E2,-4.654317242E1
4.745538202E2,-4.622843405E1
4.746600839E2,-4.420581548E1
4.747652477E2,-4.815712227E1
4.748709427E2,-4.773566051E1
4.749772692E2,-4.744060719E1
4.750837119E2,-4.747032794E1
4.751876115E2,-3.907534766E1
4.752906000E2,-4.410541585E1
4.753962485E2,-4.874751794E1
4.755025621E2,-4.714427452E1
4.756043770E2,-4.857028685E1
4.757085793E2,-4.768867224E1
4.758148681E2,-4.769283899E1
4.759210991E2,-4.880224747E1
4.760247055E2,-4.799549062E1
4.761309755E2,-4.895321392E1
4.762369199E2,-3.128038950E1
4.763415881E2,-3.199187381E1
4.764433158E2,-3.405405520E1
4.765489247E2,-3.709229652E1
4.766543815E2,-3.910893098E1
4.767607156E2,-4.290353163E1
4.768670338E2,-4.744358158E1
4.769711452E2,-4.972719915E1
4.770776357E2,-3.071427691E1
4.771840917E2,-3.376744189E1
4.772889466E2,-3.138018036E1
4.773952550E2,-3.934662409E1
4.774990399E2,-4.301573409E1
4.776043716E2,-4.478523372E1
4.777052469E2,-4.629302718E1
4.778115598E2,-3.725464219E1
4.779135981E2,-3.878556102E1
4.780194405E2,-3.842507454E1
4.781211900E2,-4.422659980E1
4.782275110E2,-4.433378058E1
4.783337447E2,-4.610895030E1
4.784378834E2,-3.952559419E1
4.785415634E2,-4.286446518E1
4.786478191E2,-4.419669874E1
4.787541476E2,-4.369554120E1
4.788604098E2,-4.343428390E1
4.789667278E2,-4.264207380E1
4.790712800E2,-4.375126953E1
4.791776215E2,-4.618501520E1
4.792806233E2,-4.794266422E1
4.793845673E2,-4.740493757E1
4.794879615E2,-4.959767976E1
4.795942886E2,-4.958244225E1
4.797005672E2,-4.877868580E1
4.798046545E2,-4.096767235E1
4.799109657E2,-4.811027390E1
4.800172262E2,-4.989332597E1
4.801221209E2,-4.302689058E1
4.802285722E2,-4.463350663E1
4.803317391E2,-4.766896304E1
4.804375659E2,-4.994556539E1
4.805415659E2,-4.786635148E1
4.806478766E2,-4.859752747E1
4.807542765E2,-4.841674677E1
4.808600457E2,-4.915855537E1
4.809663125E2,-4.916173657E1
4.810714202E2,-4.718737969E1
4.811777870E2,-4.932971605E1
4.812829835E2,-4.737873033E1
4.813879855E2,-4.832179942E1
4.814889468E2,-4.958502215E1
4.815929621E2,-4.861981178E1
4.816963783E2,-4.936810150E1
4.818048102E2,-4.713730202E1
4.819093655E2,-4.651119889E1
4.820117229E2,-4.905587486E1
4.821133490E2,-4.762005002E1
4.822197192E2,-4.783638146E1
4.823215022E2,-4.700540462E1
4.824276865E2,-4.557074245E1
4.825339513E2,-4.723275912E1
4.826381778E2,-4.273281944E1
4.827415834E2,-4.742139907E1
4.828459521E2,-4.384979613E1
4.829517332E2,-4.046212159E1
4.830549108E2,-4.899192010E1
4.831591782E2,-4.857991170E1
4.832621034E2,-4.601749132E1
4.833684643E2,-4.656738212E1
4.834715654E2,-5.058037633E1
4.835765327E2,-4.718993650E1
4.836820746E2,-4.805987072E1
4.837882889E2,-4.749364259E1
4.838945773E2,-4.667261999E1
4.840008638E2,-4.888141945E1
4.841050132E2,-3.839126991E1
4.842112925E2,-3.975057790E1
4.843175649E2,-4.585992933E1
4.844216957E2,-5.042386838E1
4.845280177E2,-4.713739479E1
4.846343422E2,-4.895745838E1
4.847383536E2,-5.180228357E1
4.848416163E2,-4.923858006E1
4.849470853E2,-5.091968027E1
4.850521768E2,-4.838655682E1
4.851549492E2,-4.818855174E1
4.852557266E2,-4.966966132E1
4.853612957E2,-4.955974073E1
4.854677391E2,-4.848099510E1
4.855717498E2,-4.725672461E1
4.856781050E2,-5.004244927E1
4.857821345E2,-4.963080819E1
4.858880265E2,-5.021359627E1
4.859920997E2,-4.641747488E1
4.860985260E2,-4.456786956E1
4.862047250E2,-3.730781532E1
4.863110901E2,-4.797286457E1
4.864173933E2,-4.990004271E1
4.865218323E2,-4.919060209E1
4.866281566E2,-4.957497422E1
4.867344878E2,-3.833935171E1
4.868384971E2,-3.705459905E1
4.869416329E2,-3.495588990E1
4.870480987E2,-4.417344641E1
4.871536882E2,-4.430492163E1
4.872552460E2,-4.181704288E1
4.873600470E2,-4.325405021E1
4.874621233E2,-5.116928721E1
4.875685043E2,-4.843873812E1
4.876719060E2,-4.997185321E1
4.877782529E2,-5.013599480E1
4.878802825E2,-4.882755191E1
4.879850830E2,-4.842708693E1
4.880886072E2,-5.065179159E1
4.881948675E2,-4.627849622E1
4.883010732E2,-4.787871451E1
4.884052791E2,-4.951701670E1
4.885115671E2,-4.894400356E1
4.886181140E2,-4.990064114E1
4.887223070E2,-4.904430819E1
4.888277963E2,-4.853434798E1
4.889341164E2,-4.801606873E1
4.890386166E2,-5.055010284E1
4.891415537E2,-4.912448008E1
4.892472586E2,-4.864734973E1
4.893535011E2,-4.915570635E1
4.894553990E2,-4.780616592E1
4.895617236E2,-4.988711103E1
4.896681546E2,-5.177938474E1
4.897721330E2,-4.877758192E1
4.898738891E2,-4.848259389E1
4.899802892E2,-4.970840382E1
4.900865475E2,-4.861784820E1
4.901887750E2,-4.763901277E1
4.902950923E2,-4.812634715E1
4.904014425E2,-3.900663566E1
4.905062602E2,-4.092571909E1
4.906126047E2,-4.712824334E1
4.907188965E2,-4.779834212E1
4.908220519E2,-4.841682174E1
4.909241554E2,-4.898747646E1
4.910306341E2,-4.838791374E1
4.911369745E2,-5.092270608E1
4.912416009E2,-5.022045367E1
4.913472126E2,-4.573640496E1
4.914521543E2,-4.644630153E1
4.915563282E2,-4.294013731E1
4.916626064E2,-3.721974523E1
4.917688937E2,-4.365780610E1
4.918723043E2,-4.758294736E1
4.919785844E2,-4.904110867E1
4.920840701E2,-5.046876322E1
4.921888702E2,-4.907860608E1
4.922948877E2,-4.805081231E1
4.924012555E2,-4.947453154E1
4.925054914E2,-4.810849047E1
4.926064602E2,-4.756224541E1
4.927127743E2,-4.787186131E1
4.928148558E2,-4.893464777E1
4.929206740E2,-4.987651794E1
4.930223574E2,-4.790276365E1
4.931287237E2,-4.694523940E1
4.932350762E2,-4.926357004E1
4.933390019E2,-4.885380989E1
4.934416817E2,-4.928442389E1
4.935474635E2,-4.622658124E1
4.936532681E2,-4.817735264E1
4.937556824E2,-4.799497568E1
4.938620401E2,-4.938232708E1
4.939684255E2,-4.835997429E1
4.940723787E2,-4.850606102E1
4.941788552E2,-5.016645989E1
4.942852111E2,-5.064657128E1
4.943891242E2,-5.014934308E1
4.944954639E2,-4.921678337E1
4.945983187E2,-4.806235494E1
4.947039795E2,-4.790293972E1
4.948057841E2,-4.715620169E1
4.949121619E2,-5.008392767E1
4.950185925E2,-4.968715146E1
4.951225109E2,-4.696804677E1
4.952251961E2,-4.675144557E1
4.953270872E2,-4.906901013E1
4.954318180E2,-4.839103914E1
4.955373036E2,-4.809302810E1
4.956415808E2,-4.820270913E1
4.957479006E2,-4.969088028E1
4.958542786E2,-4.891787781E1
4.959557855E2,-5.039585401E1
4.960585005E2,-5.024642783E1
4.961615983E2,-4.694441497E1
4.962674203E2,-4.825608982E1
4.963724626E2,-4.646273965E1
4.964732467E2,-5.038426955E1
4.965741766E2,-4.809168882E1
4.966787846E2,-4.910689323E1
4.967851298E2,-5.129395850E1
4.968893575E2,-5.020131430E1
4.969954530E2,-4.865503865E1
4.971018150E2,-4.985204924E1
4.972060505E2,-5.061114146E1
4.973080134E2,-4.943085834E1
4.974145849E2,-4.869488019E1
4.975209027E2,-4.897029433E1
4.976226889E2,-4.794368068E1
4.977290760E2,-4.796661750E1
4.978353350E2,-4.847110276E1
4.979415551E2,-4.653108380E1
4.980479910E2,-4.861179485E1
4.981542793E2,-4.651781121E1
4.982559947E2,-4.959106533E1
4.983600652E2,-4.968261893E1
4.984663500E2,-4.996698558E1
4.985721696E2,-4.943427295E1
4.986735278E2,-4.794800085E1
4.987767200E2,-4.850537944E1
4.988829539E2,-4.707523313E1
4.989889097E2,-4.868821687E1
4.990954757E2,-4.728430724E1
4.992017847E2,-4.777911000E1
4.993060613E2,-4.790061546E1
4.994069139E2,-4.885989233E1
4.995132526E2,-4.848034795E1
4.996195489E2,-4.696291429E1
4.997228242E2,-4.754883214E1
4.998291118E2,-4.969656337E1
4.999354255E2,-4.766016151E1
5.000415541E2,-4.781196279E1
5.001477409E2,-4.637199180E1
5.002535170E2,-4.739718562E1
5.003562048E2,-4.671965717E1
5.004588195E2,-4.781864367E1
5.005651328E2,-4.985098983E1
5.006686142E2,-4.782271827E1
5.007728255E2,-4.678243102E1
5.008737539E2,-4.905361810E1
5.009793243E2,-4.725392287E1
5.010854061E2,-4.766367272E1
5.011895629E2,-4.615126034E1
5.012955705E2,-4.679309119E1
5.014018483E2,-4.729256772E1
5.015063069E2,-4.753735682E1
5.016126628E2,-4.848005670E1
5.017188697E2,-4.847701271E1
5.018230453E2,-4.635582945E1
5.019287387E2,-4.656477438E1
5.020351040E2,-4.709239809E1
5.021396371E2,-4.962248582E1
5.022416044E2,-4.969835209E1
5.023474210E2,-4.882022799E1
5.024500218E2,-4.817907744E1
5.025531025E2,-4.518091322E1
5.026583276E2,-4.695630626E1
5.027630255E2,-4.468221711E1
5.028668336E2,-4.492844113E1
5.029727854E2,-4.447985420E1
5.030791907E2,-4.544803179E1
5.031821606E2,-4.775113166E1
5.032870783E2,-4.221738172E1
5.033918186E2,-4.567898603E1
5.034945490E2,-4.202788317E1
5.036001707E2,-4.342913305E1
5.037061839E2,-4.652845934E1
5.038120667E2,-4.718094370E1
5.039169005E2,-4.603778142E1
5.040232277E2,-4.527877339E1
5.041286770E2,-4.882527475E1
5.042306363E2,-4.783291494E1
5.043321239E2,-4.659187473E1
5.044335903E2,-4.655492190E1
5.045398375E2,-4.816173604E1
5.046453228E2,-4.791220391E1
5.047516193E2,-4.759751347E1
5.048564606E2,-4.889853238E1
5.049619734E2,-4.931259387E1
5.050670002E2,-4.893932377E1
5.051731319E2,-4.903633611E1
5.052786761E2,-4.775219971E1
5.053850087E2,-4.769224830E1
5.054900181E2,-4.564363816E1
5.055953216E2,-4.727301680E1
5.056973736E2,-4.656800755E1
5.058037555E2,-4.867243004E1
5.059088542E2,-4.696507080E1
5.060121559E2,-4.929884604E1
5.061151542E2,-5.009310932E1
5.062207522E2,-4.923172187E1
5.063234030E2,-4.796877519E1
5.064286797E2,-4.801158383E1
5.065308845E2,-5.020201203E1
5.066371932E2,-4.997626847E1
5.067408426E2,-4.789909424E1
5.068453838E2,-4.868839380E1
5.069516678E2,-4.927383098E1
5.070567226E2,-4.721827280E1
5.071619707E2,-4.882328615E1
5.072677130E2,-4.818375621E1
5.073735119E2,-4.920626966E1
5.074786506E2,-4.662908293E1
5.075849897E2,-4.917572564E1
5.076901008E2,-4.785201521E1
5.077953863E2,-4.850820719E1
5.079017878E2,-4.981539398E1
5.080066986E2,-4.844591302E1
5.081120417E2,-5.165643691E1
5.082157852E2,-4.879765724E1
5.083220876E2,-4.701363090E1
5.084235245E2,-5.056487848E1
5.085286642E2,-4.626211428E1
5.086349918E2,-4.643875661E1
5.087401702E2,-4.868698332E1
5.088454192E2,-4.893369920E1
5.089517212E2,-4.825268607E1
5.090568801E2,-4.638136835E1
5.091620448E2,-4.932122035E1
5.092684550E2,-4.933974649E1
5.093734588E2,-4.934875941E1
5.094786700E2,-4.779863409E1
5.095849427E2,-5.031772148E1
5.096902586E2,-4.799265196E1
5.097954434E2,-4.705247789E1
5.098976396E2,-4.730080678E1
5.100034227E2,-4.822188466E1
5.101097569E2,-4.921445654E1
5.102132155E2,-4.996373768E1
5.103195989E2,-4.905925599E1
5.104259002E2,-4.935245839E1
5.105321902E2,-4.608743215E1
5.106367743E2,-4.630588126E1
5.107415755E2,-4.869510821E1
5.108472467E2,-4.693622662E1
5.109528485E2,-4.777868032E1
5.110591831E2,-4.699381391E1
5.111654093E2,-4.829174477E1
5.112703772E2,-5.070103250E1
5.113758933E2,-4.587884347E1
5.114820536E2,-4.714715915E1
5.115870464E2,-4.673879440E1
5.116932780E2,-4.708761854E1
5.117996216E2,-4.904525553E1
5.119037483E2,-4.514725651E1
5.120100208E2,-4.137424385E1
5.121163304E2,-4.275501210E1
5.122204299E2,-4.275587526E1
5.123227534E2,-4.834724402E1
5.124287967E2,-4.765745646E1
5.125350402E2,-4.720057366E1
5.126371184E2,-4.603214434E1
5.127415570E2,-4.644413419E1
5.128468182E2,-4.856013263E1
5.129525243E2,-5.135120382E1
5.130588451E2,-4.859557175E1
5.131651840E2,-4.820299118E1
5.132704161E2,-4.673503189E1
5.133758729E2,-4.837148606E1
5.134788170E2,-4.868269969E1
5.135850950E2,-4.641865326E1
5.136871830E2,-4.697843113E1
5.137911810E2,-4.820354940E1
5.138968725E2,-4.573887953E1
5.140030816E2,-4.746756202E1
5.141094030E2,-5.002744425E1
5.142139497E2,-4.887945576E1
5.143198004E2,-4.658888103E1
5.144253319E2,-4.914823565E1
5.145316041E2,-4.735690973E1
5.146364748E2,-4.801358515E1
5.147415905E2,-4.876806400E1
5.148468522E2,-4.879853307E1
5.149531499E2,-4.841155819E1
5.150594304E2,-4.708244089E1
5.151657157E2,-4.633833380E1
5.152697251E2,-4.870017312E1
5.153754198E2,-4.824315844E1
5.154817475E2,-4.894411216E1
5.155865090E2,-4.842358601E1
5.156917641E2,-5.016493691E1
5.157980373E2,-4.988694454E1
5.159032967E2,-4.996034904E1
5.160096731E2,-4.805322547E1
5.161130042E2,-4.798717287E1
5.162194770E2,-5.188482055E1
5.163258490E2,-4.830264178E1
5.164321760E2,-4.862473292E1
5.165366500E2,-4.829558875E1
5.166415502E2,-5.041182390E1
5.167477894E2,-4.962053374E1
5.168533333E2,-4.950436319E1
5.169555477E2,-4.778420067E1
5.170618159E2,-5.023915139E1
5.171671148E2,-4.937778622E1
5.172700452E2,-4.638253159E1
5.173754309E2,-4.967901209E1
5.174814440E2,-4.869688122E1
5.175866570E2,-4.823466915E1
5.176874596E2,-4.718599789E1
5.177925123E2,-4.906799595E1
5.178988923E2,-4.933774430E1
5.180034567E2,-4.817593407E1
5.181097683E2,-4.836621354E1
5.182160671E2,-4.905751650E1
5.183201482E2,-4.989175837E1
5.184263561E2,-4.729773987E1
5.185320749E2,-4.812151098E1
5.186367933E2,-5.097740084E1
5.187415125E2,-4.964893910E1
5.188473226E2,-4.808602215E1
5.189533262E2,-4.857005482E1
5.190559176E2,-4.837814765E1
5.191611236E2,-4.873188554E1
5.192653801E2,-4.926733489E1
5.193702149E2,-5.030684514E1
5.194754405E2,-4.955033242E1
5.195802180E2,-4.994742705E1
5.196855037E2,-4.880693698E1
5.197869578E2,-4.760057249E1
5.198932483E2,-4.830253382E1
5.199972517E2,-5.087299080E1
5.201035780E2,-4.713870380E1
5.202098920E2,-4.801985779E1
5.203131475E2,-4.884724402E1
5.204195396E2,-4.840743442E1
5.205209298E2,-4.723392346E1
5.206256595E2,-4.625948766E1
5.207320465E2,-4.860124781E1
5.208368094E2,-4.945891025E1
5.209415682E2,-4.801734687E1
5.210478209E2,-4.803656795E1
5.211536522E2,-4.773442670E1
5.212574030E2,-4.753610764E1
5.213629109E2,-4.836238885E1
5.214646046E2,-4.630510294E1
5.215703610E2,-4.809591127E1
5.216766863E2,-4.823820255E1
5.217830316E2,-5.107242845E1
5.218869538E2,-4.817464194E1
5.219926845E2,-5.003800727E1
5.220990267E2,-4.883196275E1
5.222035982E2,-4.754619912E1
5.223044859E2,-5.001297247E1
5.224108174E2,-5.001135777E1
5.225170185E2,-4.976092812E1
5.226204553E2,-3.961528009E1
5.227267380E2,-4.090476277E1
5.228330319E2,-4.037531517E1
5.229371187E2,-4.203643499E1
5.230415586E2,-4.570494956E1
5.231478223E2,-4.241518140E1
5.232538385E2,-4.790382170E1
5.233600834E2,-4.181859574E1
5.234663200E2,-4.823610694E1
5.235705207E2,-5.074823838E1
5.236767588E2,-5.053970160E1
5.237830905E2,-4.814683918E1
5.238871338E2,-4.879946327E1
5.239892940E2,-4.833834104E1
5.240936665E2,-4.956111305E1
5.241999440E2,-5.010825897E1
5.243039302E2,-5.067419219E1
5.244103585E2,-4.969967247E1
5.245129345E2,-4.896877025E1
5.246189903E2,-4.780415326E1
5.247206248E2,-4.882889301E1
5.248249020E2,-4.745737818E1
5.249312024E2,-4.592396984E1
5.250371970E2,-4.540966240E1
5.251415671E2,-4.851024523E1
5.252478942E2,-4.709836639E1
5.253539330E2,-4.899252067E1
5.254564008E2,-5.031255786E1
5.255622157E2,-4.774782446E1
5.256674965E2,-4.734239514E1
5.257706691E2,-4.702647125E1
5.258769912E2,-4.224652517E1
5.259790695E2,-4.170993041E1
5.260841927E2,-4.114724323E1
5.261873417E2,-4.111883578E1
5.262919064E2,-4.231911172E1
5.263982463E2,-4.598716291E1
5.265040337E2,-4.445647380E1
5.266100684E2,-4.946999414E1
5.267164729E2,-4.318861016E1
5.268207414E2,-4.904800022E1
5.269271033E2,-4.825297271E1
5.270334968E2,-4.829235128E1
5.271373999E2,-4.877175876E1
5.272415851E2,-4.846269602E1
5.273469838E2,-4.827841470E1
5.274526279E2,-5.037980730E1
5.275540966E2,-4.753688150E1
5.276554699E2,-4.874196336E1
5.277589298E2,-4.786884569E1
5.278637124E2,-5.024383330E1
5.279699975E2,-4.830075525E1
5.280715786E2,-4.455429467E1
5.281778996E2,-3.641080354E1
5.282801073E2,-4.567084479E1
5.283863793E2,-4.201028910E1
5.284882962E2,-4.866451865E1
5.285934154E2,-4.189025203E1
5.286970310E2,-4.315375936E1
5.288032764E2,-3.692284430E1
5.289050665E2,-4.478647625E1
5.290114230E2,-4.162793907E1
5.291137054E2,-4.621622479E1
5.292199980E2,-4.624626337E1
5.293250524E2,-4.854718023E1
5.294303549E2,-4.703317966E1
5.295350199E2,-4.903016848E1
5.296376605E2,-4.714727675E1
5.297416195E2,-4.773723454E1
5.298470333E2,-4.865010042E1
5.299527719E2,-4.653755142E1
5.300543093E2,-4.914598971E1
5.301606032E2,-4.944445363E1
5.302637378E2,-3.997919123E1
5.303700755E2,-4.763558670E1
5.304740020E2,-4.927501989E1
5.305803924E2,-4.971388664E1
5.306866655E2,-4.903289180E1
5.307884608E2,-4.762721861E1
5.308917787E2,-4.937897673E1
5.309970055E2,-4.971619053E1
5.311031926E2,-4.863937324E1
5.312043761E2,-4.941343973E1
5.313107547E2,-4.752031461E1
5.314137241E2,-4.956314150E1
5.315200738E2,-4.871386052E1
5.316218395E2,-4.098210018E1
5.317281104E2,-4.643528055E1
5.318296843E2,-4.721097927E1
5.319302950E2,-4.749133975E1
5.320361067E2,-4.526865290E1
5.321415608E2,-4.601922363E1
5.322463708E2,-4.635501558E1
5.323477182E2,-4.555815001E1
5.324534653E2,-4.686866467E1
5.325552497E2,-4.554404060E1
5.326616082E2,-4.692438073E1
5.327637373E2,-4.985703961E1
5.328655635E2,-4.943626803E1
5.329711747E2,-4.885289312E1
5.330775018E2,-4.810417554E1
5.331803850E2,-4.973664284E1
5.332866107E2,-3.858545689E1
5.333878673E2,-3.163865487E1
5.334938784E2,-3.906690100E1
5.335970551E2,-4.232528099E1
5.337033999E2,-4.873425240E1
5.338053454E2,-4.762916835E1
5.339113753E2,-4.787049436E1
5.340136754E2,-4.960210830E1
5.341199615E2,-5.105808307E1
5.342213265E2,-4.951763431E1
5.343277226E2,-4.732514309E1
5.344316992E2,-4.903388236E1
5.345379798E2,-4.911115378E1
5.346415465E2,-4.868445584E1
5.347470268E2,-4.666299770E1
5.348533289E2,-4.732915045E1
5.349546669E2,-4.769473325E1
5.350609399E2,-4.991800389E1
5.351636721E2,-4.866599348E1
5.352699716E2,-4.926795268E1
5.353713521E2,-4.839479652E1
5.354776673E2,-4.895414037E1
5.355803367E2,-4.522048009E1
5.356866389E2,-4.389362127E1
5.357881280E2,-4.153487558E1
5.358938282E2,-3.962675452E1
5.359969967E2,-4.088282859E1
5.361032873E2,-3.994102269E1
5.362047691E2,-4.230412939E1
5.363063904E2,-4.367064157E1
5.364119462E2,-4.262106011E1
5.365137191E2,-3.623611961E1
5.366166652E2,-3.821981121E1
5.367215522E2,-4.018731216E1
5.368278812E2,-4.019110348E1
5.369303212E2,-4.192294141E1
5.370353149E2,-4.519279066E1
5.371381208E2,-4.737137651E1
5.372415918E2,-4.771849043E1
5.373470154E2,-5.048447905E1
5.374519876E2,-4.661964172E1
5.375547799E2,-4.909776171E1
5.376556488E2,-4.839472926E1
5.377619163E2,-4.834282681E1
5.378636463E2,-4.939997306E1
5.379696377E2,-4.853836430E1
5.380715663E2,-4.849344332E1
5.381735049E2,-4.708589403E1
5.382795633E2,-4.891680722E1
5.383858324E2,-5.058658951E1
5.384882737E2,-4.694680953E1
5.385946160E2,-4.882725939E1
5.386971280E2,-4.903618038E1
5.388035281E2,-4.940157746E1
5.389050086E2,-4.450495571E1
5.390083645E2,-5.027595301E1
5.391135655E2,-5.069189044E1
5.392193660E2,-4.804865535E1
5.393216684E2,-4.350176520E1
5.394254629E2,-4.470525328E1
5.395303979E2,-4.664663216E1
5.396354789E2,-4.374875809E1
5.397415905E2,-4.454781734E1
5.398470750E2,-4.835021472E1
5.399533508E2,-4.703587798E1
5.400558193E2,-5.093190255E1
5.401622168E2,-4.911895567E1
5.402637077E2,-4.979765914E1
5.403699808E2,-4.888872004E1
5.404718015E2,-4.658034246E1
5.405781338E2,-4.819676252E1
5.406798200E2,-4.960781660E1
5.407861973E2,-4.869870008E1
5.408884483E2,-4.759215074E1
5.409911812E2,-4.578088591E1
5.410938730E2,-4.793882600E1
5.411972982E2,-4.951878684E1
5.413007274E2,-4.828736055E1
5.414051483E2,-4.942600778E1
5.415114692E2,-5.122753117E1
5.416150661E2,-4.977607179E1
5.417214242E2,-4.870459245E1
5.418278077E2,-4.956308743E1
5.419316980E2,-4.879727785E1
5.420379700E2,-4.897916190E1
5.421415356E2,-5.046093558E1
5.422473848E2,-4.984331709E1
5.423536527E2,-4.860913772E1
5.424551635E2,-4.843857676E1
5.425611443E2,-5.009456524E1
5.426650407E2,-5.054969036E1
5.427714438E2,-4.853587371E1
5.428773578E2,-4.969563429E1
5.429817073E2,-4.949191994E1
5.430879756E2,-4.912125430E1
5.431893390E2,-5.022443818E1
5.432926708E2,-4.922514730E1
5.433983644E2,-4.129718385E1
5.435047016E2,-4.572328496E1
5.436061199E2,-4.469008969E1
5.437124266E2,-4.629180319E1
5.438150220E2,-4.380947482E1
5.439213422E2,-4.855357803E1
5.440227813E2,-4.697566845E1
5.441289828E2,-4.967192593E1
5.442324332E2,-5.060146808E1
5.443382443E2,-4.099939551E1
5.444415619E2,-3.993399426E1
5.445470668E2,-4.695128341E1
5.446533772E2,-5.004346569E1
5.447554329E2,-4.907588087E1
5.448600754E2,-4.819019137E1
5.449650302E2,-4.709989201E1
5.450713968E2,-4.500650394E1
5.451728910E2,-4.704151746E1
5.452791421E2,-4.764266019E1
5.453816752E2,-4.717659268E1
5.454879386E2,-4.601862744E1
5.455895860E2,-4.652060103E1
5.456959212E2,-4.879095796E1
5.457977418E2,-5.074005558E1
5.459040692E2,-4.682900397E1
5.460055625E2,-4.459844738E1
5.461118660E2,-4.535829416E1
5.462150070E2,-4.770940885E1
5.463212471E2,-4.755995765E1
5.464222102E2,-4.914016156E1
5.465240275E2,-4.808186034E1
5.466297392E2,-4.934494329E1
5.467316583E2,-4.859319194E1
5.468379443E2,-4.821633826E1
5.469414943E2,-5.058632064E1
5.470472513E2,-4.766731623E1
5.471535562E2,-4.665967974E1
5.472554880E2,-4.615606332E1
5.473600487E2,-4.856321447E1
5.474650364E2,-4.943800986E1
5.475712776E2,-4.581085929E1
5.476731095E2,-4.778973772E1
5.477749799E2,-4.547011993E1
5.478806283E2,-4.729189230E1
5.479867952E2,-4.843449389E1
5.480892455E2,-4.802010601E1
5.481946108E2,-4.808439403E1
5.482983889E2,-4.946042071E1
5.484046057E2,-4.807660439E1
5.485056819E2,-4.889878656E1
5.486100847E2,-5.122034849E1
5.487164273E2,-4.924549167E1
5.488224010E2,-5.063932236E1
5.489287375E2,-4.837761066E1
5.490350426E2,-4.847541462E1
5.491390712E2,-5.061707332E1
5.492415575E2,-5.040976727E1
5.493478009E2,-4.809938876E1
5.494530993E2,-4.955333756E1
5.495558181E2,-4.538508563E1
5.496621643E2,-4.629119954E1
5.497637482E2,-4.738233122E1
5.498698587E2,-4.577431360E1
5.499725064E2,-4.777728500E1
5.500788438E2,-4.858841054E1
5.501821550E2,-4.709577527E1
5.502865093E2,-4.713161780E1
5.503891720E2,-5.112011225E1
5.504936402E2,-4.963477472E1
5.505999913E2,-4.799838393E1
5.507058688E2,-4.850361914E1
5.508122625E2,-4.979621602E1
5.509185372E2,-4.643727142E1
5.510225567E2,-4.860399356E1
5.511288412E2,-4.924476287E1
5.512328028E2,-4.613742786E1
5.513386788E2,-4.784241553E1
5.514415065E2,-4.931574936E1
5.515472852E2,-4.930833499E1
5.516522603E2,-4.531469783E1
5.517558608E2,-4.735867029E1
5.518600753E2,-4.592256217E1
5.519663492E2,-4.657796135E1
5.520725203E2,-4.717118451E1
5.521734028E2,-4.762536283E1
5.522797667E2,-4.903375048E1
5.523861055E2,-4.819882963E1
5.524893355E2,-4.901713285E1
5.525959950E2,-4.881119726E1
5.527019282E2,-4.805740219E1
5.528060353E2,-4.964344244E1
5.529123049E2,-4.803380813E1
5.530180285E2,-5.015232397E1
5.531226754E2,-4.733325728E1
5.532290076E2,-5.096799922E1
5.533345899E2,-4.883575907E1
5.534393771E2,-4.776531218E1
5.535415531E2,-4.728790344E1
5.536472442E2,-4.612144958E1
5.537532961E2,-4.842816773E1
5.538560773E2,-4.556548608E1
5.539621725E2,-4.861903674E1
5.540684008E2,-4.641018536E1
5.541728928E2,-4.562142282E1
5.542791421E2,-4.474021872E1
5.543852212E2,-4.826500742E1
5.544894881E2,-4.718646788E1
5.545958552E2,-4.910187241E1
5.547021200E2,-4.798652921E1
5.548061950E2,-4.896964937E1
5.549125305E2,-4.446950148E1
5.550188883E2,-4.757951951E1
5.551227845E2,-4.655312344E1
5.552236397E2,-5.040036264E1
5.553299354E2,-4.920943601E1
5.554355062E2,-4.871412810E1
5.555415573E2,-5.030751639E1
5.556478157E2,-4.272300596E1
5.557535482E2,-4.810392964E1
5.558561971E2,-4.817024796E1
5.559570410E2,-4.880078469E1
5.560621640E2,-4.898736396E1
5.561641225E2,-4.723765090E1
5.562699342E2,-4.637668861E1
5.563729668E2,-4.352914341E1
5.564756086E2,-4.710335820E1
5.565776986E2,-4.898819824E1
5.566840010E2,-4.935549689E1
5.567896020E2,-4.702641461E1
5.568914250E2,-4.859029787E1
5.569976629E2,-5.016489249E1
5.571035816E2,-4.854580922E1
5.572063718E2,-4.869667707E1
5.573127584E2,-4.772345469E1
5.574190749E2,-4.856825277E1
5.575230435E2,-4.898937525E1
5.576255554E2,-4.866516231E1
5.577314611E2,-4.400315848E1
5.578368669E2,-4.226295246E1
5.579415810E2,-4.566384063E1
5.580454363E2,-4.622175502E1
5.581501707E2,-4.698777356E1
5.582564878E2,-4.857279476E1
5.583627539E2,-4.848460562E1
5.584654821E2,-4.961239482E1
5.585692192E2,-4.792928483E1
5.586739437E2,-4.910417704E1
5.587778046E2,-4.867625724E1
5.588839050E2,-4.951981248E1
5.589897915E2,-4.831057823E1
5.590944466E2,-4.957334444E1
5.592010470E2,-4.991062925E1
5.593064989E2,-5.182549077E1
5.594128330E2,-4.990204538E1
5.595193147E2,-4.785839048E1
5.596232495E2,-4.706569362E1
5.597295706E2,-4.990062529E1
5.598358784E2,-4.957454793E1
5.599407138E2,-4.882718221E1
5.600470229E2,-4.939069387E1
5.601529531E2,-4.907057721E1
5.602565755E2,-5.097554404E1
5.603600699E2,-5.047157846E1
5.604663080E2,-4.958473446E1
5.605706077E2,-3.829050283E1
5.606733281E2,-4.775503217E1
5.607796946E2,-4.930612784E1
5.608860533E2,-5.113552300E1
5.609899845E2,-4.835462795E1
5.610963108E2,-4.915809026E1
5.612026190E2,-5.017656170E1
5.613083880E2,-4.891981399E1
5.614146388E2,-4.826231998E1
5.615205899E2,-4.878435888E1
5.616234795E2,-4.984475482E1
5.617299855E2,-4.936878338E1
5.618363028E2,-4.905138103E1
5.619408635E2,-4.875300707E1
5.620448104E2,-4.953123802E1
5.621502168E2,-4.894151714E1
5.622536303E2,-5.156568792E1
5.623567289E2,-4.976603223E1
5.624629811E2,-4.935982089E1
5.625692852E2,-4.936774714E1
5.626734308E2,-4.949962757E1
5.627797691E2,-5.003053453E1
5.628833316E2,-4.769684688E1
5.629896560E2,-5.088790231E1
5.630959580E2,-4.894701708E1
5.631990668E2,-4.834542589E1
5.633005566E2,-4.732957500E1
5.634068139E2,-4.739214190E1
5.635130749E2,-4.837667241E1
5.636168517E2,-4.853576130E1
5.637231005E2,-5.015409947E1
5.638294741E2,-4.878431476E1
5.639333422E2,-4.948559522E1
5.640395972E2,-4.821514005E1
5.641410097E2,-4.763512151E1
5.642471945E2,-4.859623533E1
5.643500257E2,-4.813105868E1
5.644563959E2,-4.945773830E1
5.645627458E2,-4.787394291E1
5.646663022E2,-4.889093696E1
5.647678763E2,-5.046727461E1
5.648735744E2,-4.888964584E1
5.649755185E2,-4.768865677E1
5.650817871E2,-4.904085551E1
5.651833448E2,-4.821713659E1
5.652895541E2,-4.584738459E1
5.653911152E2,-4.787373763E1
5.654974560E2,-4.718711208E1
5.655999918E2,-4.828042767E1
5.657025712E2,-4.731470013E1
5.658070252E2,-4.856655345E1
5.659133598E2,-4.875600062E1
5.660166810E2,-4.578852593E1
5.661232866E2,-4.827978363E1
5.662246652E2,-4.937158152E1
5.663288410E2,-4.841695633E1
5.664333600E2,-4.816830825E1
5.665395987E2,-4.959201341E1
5.666412315E2,-4.989627346E1
5.667475436E2,-5.028563191E1
5.668499660E2,-5.045517718E1
5.669540198E2,-4.973920114E1
5.670570908E2,-4.814731145E1
5.671633847E2,-4.871939767E1
5.672664820E2,-4.804624468E1
5.673727196E2,-4.733466902E1
5.674790249E2,-4.876225465E1
5.675834560E2,-4.680322580E1
5.676897195E2,-4.962657410E1
5.677904953E2,-4.732530874E1
5.678968248E2,-4.881252366E1
5.679999185E2,-4.979585102E1
5.681050887E2,-4.876510291E1
5.682072012E2,-4.873867911E1
5.683125631E2,-4.860230731E1
5.684167425E2,-4.940367450E1
5.685195040E2,-4.936345461E1
5.686238860E2,-4.892662027E1
5.687299923E2,-4.780393102E1
5.688333985E2,-4.796790737E1
5.689396610E2,-4.909639119E1
5.690406247E2,-4.967748797E1
5.691471985E2,-5.030497951E1
5.692491202E2,-4.683750634E1
5.693542848E2,-4.990845208E1
5.694573308E2,-4.733746925E1
5.695636740E2,-4.651757138E1
5.696701095E2,-4.835858669E1
5.697738400E2,-4.935942447E1
5.698747355E2,-5.114183698E1
5.699787357E2,-4.962680882E1
5.700849777E2,-4.709442565E1
5.701906022E2,-4.417243361E1
5.702965881E2,-4.677737181E1
5.704028985E2,-4.874441367E1
5.705073575E2,-5.219887082E1
5.706101292E2,-4.974142546E1
5.707156418E2,-4.942764202E1
5.708210157E2,-4.781127616E1
5.709239815E2,-5.020994973E1
5.710248696E2,-4.905467336E1
5.711311708E2,-4.834504754E1
5.712378628E2,-4.836440970E1
5.713407999E2,-4.935544614E1
5.714470597E2,-4.733537271E1
5.715512341E2,-4.665865437E1
5.716574432E2,-5.007331401E1
5.717637819E2,-4.949285690E1
5.718701185E2,-4.672031974E1
5.719741390E2,-4.981027027E1
5.720804734E2,-4.835833085E1
5.721867340E2,-4.603446762E1
5.722908628E2,-4.769544947E1
5.723971096E2,-5.006752686E1
5.725016299E2,-4.795758689E1
5.726071699E2,-5.185158471E1
5.727136899E2,-5.116024336E1
5.728200831E2,-4.908223678E1
5.729242783E2,-4.971062820E1
5.730305092E2,-5.005517524E1
5.731353826E2,-4.872962309E1
5.732409643E2,-5.033966908E1
5.733437755E2,-4.942954413E1
5.734500747E2,-4.945315950E1
5.735547712E2,-4.960375762E1
5.736575975E2,-4.976538919E1
5.737638560E2,-4.918056168E1
5.738655413E2,-4.805332020E1
5.739713603E2,-4.702651149E1
5.740742772E2,-5.144144622E1
5.741805906E2,-4.945874030E1
5.742854407E2,-4.941911727E1
5.743909739E2,-4.637516708E1
5.744972441E2,-4.795408187E1
5.746036027E2,-4.965797375E1
5.747075682E2,-4.793912835E1
5.748136790E2,-4.710571642E1
5.749156050E2,-5.093491932E1
5.750207825E2,-4.899487213E1
5.751244269E2,-4.933980816E1
5.752308842E2,-4.904049888E1
5.753371133E2,-4.969200398E1
5.754411138E2,-5.108364740E1
5.755473309E2,-4.960038539E1
5.756491012E2,-4.863958959E1
5.757540330E2,-4.912343447E1
5.758577882E2,-4.765178554E1
5.759604577E2,-4.777636983E1
5.760627488E2,-4.776381043E1
5.761643511E2,-4.834574657E1
5.762687216E2,-4.678469971E1
5.763744915E2,-4.683827791E1
5.764789345E2,-4.856835378E1
5.765834442E2,-4.783845669E1
5.766880413E2,-4.252885080E1
5.767910689E2,-4.214765108E1
5.768927734E2,-4.643771290E1
5.769969562E2,-4.448996861E1
5.771027137E2,-4.884602975E1
5.772079075E2,-4.588901875E1
5.773124855E2,-4.612637728E1
5.774181652E2,-4.156467087E1
5.775241632E2,-4.038295474E1
5.776305532E2,-4.322523058E1
5.777349814E2,-4.638248804E1
5.778380519E2,-4.919471490E1
5.779411815E2,-4.772378541E1
5.780420642E2,-4.600274222E1
5.781476517E2,-4.876108574E1
5.782516958E2,-4.940310660E1
5.783579592E2,-4.575772519E1
5.784616773E2,-4.800237810E1
5.785681183E2,-4.715990382E1
5.786743178E2,-4.813848064E1
5.787807742E2,-4.751310180E1
5.788869963E2,-4.552066190E1
5.789913437E2,-4.873724742E1
5.790927114E2,-4.714584567E1
5.791990450E2,-4.969377410E1
5.793047194E2,-4.846901597E1
5.794080939E2,-4.792135045E1
5.795128323E2,-4.780303804E1
5.796192895E2,-4.919473129E1
5.797247457E2,-4.781339059E1
5.798310530E2,-4.967064741E1
5.799372185E2,-4.900950480E1
5.800414305E2,-5.051017037E1
5.801433963E2,-4.901731823E1
5.802491420E2,-4.956990553E1
5.803547035E2,-4.924269729E1
5.804581263E2,-4.985854086E1
5.805611795E2,-4.856553456E1
5.806678128E2,-4.837422986E1
5.807714190E2,-4.686821907E1
5.808776130E2,-4.722673638E1
5.809838326E2,-4.832482096E1
5.810892355E2,-4.961356159E1
5.811925053E2,-4.796822600E1
5.812981520E2,-4.747339785E1
5.814044751E2,-4.932889588E1
5.815081809E2,-4.879158805E1
5.816100810E2,-4.678189943E1
5.817117392E2,-4.995957537E1
5.818180535E2,-4.799245008E1
5.819213919E2,-5.076700915E1
5.820269474E2,-4.814236416E1
5.821282682E2,-4.881509050E1
5.822340580E2,-5.093959822E1
5.823380321E2,-4.967709966E1
5.824416680E2,-4.978733373E1
5.825479385E2,-4.817302870E1
5.826540362E2,-4.976087172E1
5.827583037E2,-4.794344989E1
5.828623967E2,-4.994741751E1
5.829655702E2,-4.759877872E1
5.830713375E2,-4.982561947E1
5.831750300E2,-5.102080190E1
5.832775013E2,-4.812950125E1
5.833813507E2,-4.845311232E1
5.834851025E2,-4.748715866E1
5.835912597E2,-4.895476372E1
5.836941241E2,-4.974295404E1
5.837950059E2,-4.850583115E1
5.838981552E2,-4.956078472E1
5.840019577E2,-5.095813550E1
5.841047685E2,-4.924210078E1
5.842084889E2,-4.780524442E1
5.843146940E2,-5.121790505E1
5.844213198E2,-4.856873950E1
5.845252152E2,-4.800614241E1
5.846270338E2,-4.716268622E1
5.847333011E2,-3.982152068E1
5.848380869E2,-4.110979943E1
5.849417580E2,-3.966884124E1
5.850479000E2,-3.978005932E1
5.851535597E2,-3.626722151E1
5.852585182E2,-3.624692601E1
5.853647677E2,-4.611441095E1
5.854688835E2,-4.100789049E1
5.855747700E2,-4.278488930E1
5.856811590E2,-4.703289273E1
5.857875137E2,-4.340617675E1
5.858918410E2,-4.448303431E1
5.859953900E2,-4.468719871E1
5.861016732E2,-4.266090011E1
5.862079732E2,-4.644753412E1
5.863092804E2,-4.769126304E1
5.864150372E2,-4.864473354E1
5.865215301E2,-4.829744100E1
5.866252690E2,-4.894392044E1
5.867266337E2,-4.718570575E1
5.868278565E2,-4.867172101E1
5.869323150E2,-4.815327685E1
5.870385240E2,-4.732143092E1
5.871419820E2,-4.931637535E1
5.872477171E2,-4.936979298E1
5.873539606E2,-4.828021076E1
5.874586850E2,-4.829865767E1
5.875622859E2,-4.914344917E1
5.876660065E2,-5.138825590E1
5.877717757E2,-4.906770295E1
5.878754003E2,-4.848245894E1
5.879781262E2,-4.774177344E1
5.880844963E2,-4.774971914E1
5.881907995E2,-4.941556101E1
5.882921461E2,-4.890075584E1
5.883984877E2,-4.775552690E1
5.885048782E2,-5.094500458E1
5.886088163E2,-4.768922353E1
5.887143333E2,-4.763332191E1
5.888206453E2,-4.714051096E1
5.889255350E2,-4.613795057E1
5.890318464E2,-4.686700154E1
5.891381566E2,-4.872017124E1
5.892421730E2,-3.726298883E1
5.893428877E2,-2.346155335E1
5.894492275E2,-2.201492870E1
5.895549231E2,-2.931139316E1
5.896588217E2,-2.632931886E1
5.897650997E2,-2.774844415E1
5.898694257E2,-3.524915854E1
5.899755156E2,-4.634618669E1
5.900818908E2,-5.143494093E1
5.901882133E2,-4.996028409E1
5.902922232E2,-4.923611597E1
5.903984986E2,-4.678549549E1
5.905047852E2,-4.810192298E1
5.906089221E2,-5.108952758E1
5.907152741E2,-5.040515775E1
5.908203447E2,-4.930341451E1
5.909255709E2,-4.889288434E1
5.910317034E2,-5.005020659E1
5.911360083E2,-4.709514737E1
5.912423151E2,-4.846210124E1
5.913486273E2,-4.965281816E1
5.914521105E2,-4.451271163E1
5.915577850E2,-4.511935280E1
5.916597415E2,-4.626482513E1
5.917660560E2,-4.478471424E1
5.918723016E2,-4.874187031E1
5.919756858E2,-4.974192685E1
5.920819840E2,-4.935384472E1
5.921882253E2,-5.007578199E1
5.922923679E2,-4.996672895E1
5.923985998E2,-4.797109932E1
5.925044229E2,-4.894269890E1
5.926090984E2,-4.830683994E1
5.927109745E2,-4.953253260E1
5.928148804E2,-4.965743640E1
5.929188740E2,-4.882541203E1
5.930252945E2,-4.825228556E1
5.931299874E2,-4.895077917E1
5.932330597E2,-5.034498662E1
5.933393428E2,-4.720137767E1
5.934425782E2,-4.288433658E1
5.935445101E2,-4.484761374E1
5.936505771E2,-4.406884985E1
5.937568633E2,-4.669881615E1
5.938591634E2,-4.051079845E1
5.939655083E2,-4.092070031E1
5.940718360E2,-4.436329671E1
5.941758277E2,-4.678761760E1
5.942819164E2,-4.928144668E1
5.943831235E2,-4.933741650E1
5.944851359E2,-4.926525046E1
5.945880300E2,-4.807044126E1
5.946924376E2,-4.889032101E1
5.947949170E2,-4.129734888E1
5.948971302E2,-4.482474521E1
5.950003612E2,-4.529231731E1
5.951063760E2,-4.060371465E1
5.952093126E2,-4.390572097E1
5.953156014E2,-4.894349304E1
5.954218828E2,-4.935095647E1
5.955273575E2,-4.837857144E1
5.956337156E2,-4.863269109E1
5.957400159E2,-4.913985635E1
5.958426686E2,-5.021899579E1
5.959489813E2,-5.019173099E1
5.960554444E2,-4.820931567E1
5.961592678E2,-4.941427916E1
5.962653690E2,-4.912526090E1
5.963716212E2,-5.101336705E1
5.964761443E2,-4.940543966E1
5.965818702E2,-5.025802424E1
5.966854986E2,-4.732176319E1
5.967897627E2,-3.785932948E1
5.968925997E2,-4.062731503E1
5.969934718E2,-4.134107489E1
5.970997189E2,-4.417999861E1
5.972060667E2,-4.541260419E1
5.973092585E2,-4.312224591E1
5.974149063E2,-4.405507914E1
5.975211891E2,-4.492245350E1
5.976259468E2,-4.435302077E1
5.977268642E2,-4.564809816E1
5.978330650E2,-4.835515180E1
5.979393561E2,-4.814367326E1
5.980427588E2,-4.633901524E1
5.981490515E2,-4.585547012E1
5.982553157E2,-4.914723188E1
5.983595028E2,-4.872009705E1
5.984657032E2,-4.841357796E1
5.985714255E2,-4.979736822E1
5.986761972E2,-4.922082009E1
5.987825089E2,-4.914870603E1
5.988838949E2,-4.899417222E1
5.989895259E2,-4.791344196E1
5.990928744E2,-4.806496891E1
5.991991146E2,-4.757862667E1
5.993053162E2,-4.785444879E1
5.994095841E2,-4.815728758E1
5.995159045E2,-5.113678582E1
5.996211781E2,-4.937015009E1
5.997262577E2,-4.717441687E1
5.998325164E2,-4.533794713E1
5.999382593E2,-3.774614894E1
6.000429438E2,-4.367364169E1
6.001492482E2,-4.238882819E1
6.002555547E2,-4.299321203E1
6.003596242E2,-4.287755026E1
6.004659616E2,-4.279948811E1
6.005724116E2,-4.457303634E1
6.006763140E2,-4.217961523E1
6.007825934E2,-4.598820303E1
6.008855367E2,-4.478688572E1
6.009900107E2,-4.358035293E1
6.010930323E2,-4.964719681E1
6.011994142E2,-4.960631144E1
6.013057238E2,-4.887269630E1
6.014097036E2,-4.847204437E1
6.015155695E2,-3.947193178E1
6.016219512E2,-3.973762889E1
6.017263896E2,-4.249134671E1
6.018326325E2,-4.718180521E1
6.019335315E2,-4.966222860E1
6.020397619E2,-5.025722653E1
6.021431510E2,-4.840222284E1
6.022494578E2,-4.985775936E1
6.023548950E2,-4.843088237E1
6.024598434E2,-5.118746653E1
6.025661477E2,-4.916306424E1
6.026719068E2,-4.930290048E1
6.027765012E2,-4.822597266E1
6.028826570E2,-5.053606905E1
6.029868898E2,-4.811500936E1
6.030926936E2,-4.827851685E1
6.031956102E2,-4.916944229E1
6.033016897E2,-4.572942322E1
6.034067368E2,-3.785880801E1
6.035098584E2,-3.701883352E1
6.036155468E2,-4.692925798E1
6.037171664E2,-4.677363557E1
6.038233765E2,-4.776103136E1
6.039265340E2,-4.976373956E1
6.040304469E2,-4.929413847E1
6.041347682E2,-4.875698410E1
6.042400241E2,-4.632889630E1
6.043456653E2,-4.938530648E1
6.044520552E2,-4.783211656E1
6.045566980E2,-4.741762606E1
6.046599615E2,-4.841003615E1
6.047662532E2,-4.687545460E1
6.048725969E2,-4.577424465E1
6.049777176E2,-4.969774193E1
6.050840468E2,-4.530690952E1
6.051899970E2,-4.858645896E1
6.052933698E2,-4.895646818E1
6.053997537E2,-4.957451651E1
6.055024161E2,-4.844317911E1
6.056067413E2,-4.871694333E1
6.057100409E2,-5.104084167E1
6.058125913E2,-4.172340229E1
6.059140435E2,-4.227846777E1
6.060189055E2,-4.101215817E1
6.061237243E2,-4.566170939E1
6.062267692E2,-4.036175801E1
6.063330067E2,-4.589547993E1
6.064393351E2,-4.502681841E1
6.065434357E2,-4.861461281E1
6.066488457E2,-4.719920321E1
6.067549112E2,-4.360060521E1
6.068601370E2,-4.640471827E1
6.069664306E2,-4.341667181E1
6.070724454E2,-4.811544557E1
6.071768235E2,-4.119846637E1
6.072775925E2,-3.890246987E1
6.073834825E2,-3.770326284E1
6.074888455E2,-3.819749666E1
6.075934644E2,-4.018651452E1
6.076994664E2,-4.395614437E1
6.078057434E2,-4.036256643E1
6.079100701E2,-4.162024450E1
6.080109849E2,-3.908872721E1
6.081141427E2,-3.945578406E1
6.082204782E2,-3.938174071E1
6.083263688E2,-4.654153555E1
6.084277287E2,-4.108052553E1
6.085338565E2,-4.001423988E1
6.086394412E2,-4.340553450E1
6.087435484E2,-4.326296647E1
6.088463592E2,-4.129101863E1
6.089525789E2,-4.268646582E1
6.090571280E2,-4.575591270E1
6.091603129E2,-4.760085655E1
6.092666249E2,-4.849936673E1
6.093729729E2,-5.013490609E1
6.094769770E2,-4.738216695E1
6.095833017E2,-5.034378856E1
6.096873886E2,-4.803342795E1
6.097936798E2,-5.030894967E1
6.098983936E2,-4.704084534E1
6.100047457E2,-4.745020073E1
6.101103975E2,-4.900324142E1
6.102166356E2,-4.815763911E1
6.103226420E2,-4.655500863E1
6.104271598E2,-4.961656284E1
6.105334872E2,-5.008578848E1
6.106376590E2,-4.999323093E1
6.107415677E2,-4.795560203E1
6.108437627E2,-4.745420180E1
6.109499685E2,-5.019717195E1
6.110523110E2,-4.852829880E1
6.111571376E2,-4.811808685E1
6.112604772E2,-4.710700177E1
6.113655158E2,-4.893828226E1
6.114718190E2,-4.983126557E1
6.115772404E2,-4.891212818E1
6.116833122E2,-4.739565352E1
6.117882322E2,-4.826583592E1
6.118938381E2,-4.969686120E1
6.119957146E2,-4.804839291E1
6.121004794E2,-4.837811629E1
6.122022452E2,-4.944029684E1
6.123070769E2,-4.999986127E1
6.124106293E2,-5.018723667E1
6.125170189E2,-5.012898347E1
6.126223142E2,-4.562994023E1
6.127272624E2,-4.182108293E1
6.128335336E2,-4.535441968E1
6.129385845E2,-4.170032326E1
6.130439043E2,-4.365580235E1
6.131475614E2,-4.488893167E1
6.132538102E2,-4.973793162E1
6.133561748E2,-4.798901961E1
6.134606598E2,-4.822674294E1
6.135669881E2,-4.322806342E1
6.136721765E2,-4.415060205E1
6.137773026E2,-4.786646624E1
6.138821767E2,-5.011764502E1
6.139879657E2,-4.867697308E1
6.140939931E2,-4.523812098E1
6.142002663E2,-4.613190022E1
6.143022010E2,-4.566704458E1
6.144068122E2,-4.782171277E1
6.145107009E2,-4.953391924E1
6.146142956E2,-3.834652507E1
6.147156475E2,-4.443090726E1
6.148223764E2,-4.638045786E1
6.149274324E2,-4.855035888E1
6.150337687E2,-4.484899258E1
6.151368730E2,-4.863109512E1
6.152415695E2,-4.711586779E1
6.153441032E2,-4.725648090E1
6.154488962E2,-4.941991882E1
6.155545063E2,-4.791927130E1
6.156603637E2,-4.448210409E1
6.157666652E2,-3.948388319E1
6.158712223E2,-4.779285831E1
6.159769668E2,-4.780678689E1
6.160814731E2,-4.858350304E1
6.161878167E2,-4.880538825E1
6.162941999E2,-4.843313899E1
6.164005497E2,-4.775503980E1
6.165033955E2,-4.638360684E1
6.166082297E2,-4.552275021E1
6.167108751E2,-4.488174368E1
6.168172185E2,-4.801446650E1
6.169234932E2,-4.884812152E1
6.170276031E2,-4.769940187E1
6.171338153E2,-4.852731631E1
6.172400190E2,-4.693752176E1
6.173442519E2,-4.755259028E1
6.174506319E2,-4.859171052E1
6.175529424E2,-4.941533256E1
6.176581546E2,-4.917547022E1
6.177608981E2,-4.721747594E1
6.178668853E2,-4.597395694E1
6.179731796E2,-4.840740101E1
6.180776067E2,-4.617667122E1
6.181836953E2,-4.500199675E1
6.182900284E2,-4.126588020E1
6.183943783E2,-4.196755244E1
6.185007929E2,-4.342723157E1
6.186071179E2,-4.392922760E1
6.187110217E2,-4.555581109E1
6.188172165E2,-4.500211467E1
6.189228042E2,-4.748661967E1
6.190276856E2,-4.786410170E1
6.191317246E2,-4.629130799E1
6.192377635E2,-4.324357542E1
6.193444485E2,-4.544771569E1
6.194461115E2,-5.106103360E1
6.195524977E2,-4.562134848E1
6.196581825E2,-4.566962180E1
6.197610794E2,-4.496137005E1
6.198674136E2,-5.031116739E1
6.199735270E2,-4.787527858E1
6.200777627E2,-4.859422652E1
6.201813346E2,-4.661820278E1
6.202877205E2,-4.928201040E1
6.203940717E2,-4.726622926E1
6.205003777E2,-4.951570819E1
6.206023389E2,-4.726435232E1
6.207084409E2,-4.746676621E1
6.208111897E2,-4.938787782E1
6.209139002E2,-4.750403055E1
6.210202311E2,-3.890097847E1
6.211251042E2,-3.850866410E1
6.212313237E2,-3.476707638E1
6.213376489E2,-3.582696212E1
6.214440408E2,-3.894117384E1
6.215465538E2,-4.073998943E1
6.216522322E2,-4.299949527E1
6.217580537E2,-4.760000723E1
6.218612736E2,-4.436981265E1
6.219678767E2,-4.744163159E1
6.220741580E2,-3.976870493E1
6.221779516E2,-4.759412618E1
6.222822627E2,-4.927642764E1
6.223871507E2,-4.546759139E1
6.224913984E2,-4.512631808E1
6.225947022E2,-4.511413177E1
6.227010384E2,-4.577502090E1
6.228074142E2,-4.756879015E1
6.229113492E2,-4.746544014E1
6.230139872E2,-4.649499790E1
6.231196898E2,-4.425098546E1
6.232250237E2,-4.704678699E1
6.233279760E2,-4.594588572E1
6.234288254E2,-4.904677142E1
6.235351072E2,-4.842422789E1
6.236407596E2,-4.928139375E1
6.237447271E2,-4.867579036E1
6.238510342E2,-4.855178834E1
6.239573762E2,-4.782317776E1
6.240614501E2,-4.986172667E1
6.241636968E2,-4.832700105E1
6.242694472E2,-4.791184840E1
6.243751360E2,-4.856486160E1
6.244781382E2,-4.777159726E1
6.245844779E2,-4.926915460E1
6.246867920E2,-4.941442419E1
6.247917292E2,-4.946692037E1
6.248948180E2,-4.990794922E1
6.250012143E2,-4.873966622E1
6.251059645E2,-4.638693450E1
6.252115160E2,-4.776592713E1
6.253179002E2,-5.101070060E1
6.254243531E2,-4.821144741E1
6.255281224E2,-4.608434509E1
6.256341554E2,-4.793795764E1
6.257356640E2,-4.920939229E1
6.258416142E2,-4.827104834E1
6.259448127E2,-4.582106185E1
6.260509691E2,-4.303269330E1
6.261571935E2,-4.604083508E1
6.262615901E2,-4.787907231E1
6.263679292E2,-4.537069570E1
6.264698554E2,-4.692829813E1
6.265748362E2,-4.899527846E1
6.266783386E2,-4.825129325E1
6.267801354E2,-4.955601614E1
6.268864480E2,-4.034311695E1
6.269919637E2,-4.850480935E1
6.270949920E2,-4.799710769E1
6.272013242E2,-4.804576882E1
6.273076806E2,-4.860944622E1
6.274117082E2,-4.915672477E1
6.275180616E2,-4.802403634E1
6.276244045E2,-4.879111868E1
6.277283927E2,-4.946612782E1
6.278347213E2,-5.199074554E1
6.279395333E2,-4.577888544E1
6.280454190E2,-4.460567799E1
6.281518437E2,-4.306359468E1
6.282581305E2,-4.428061811E1
6.283617507E2,-4.168429788E1
6.284655450E2,-4.676222059E1
6.285718982E2,-4.710679414E1
6.286779593E2,-4.412380442E1
6.287839892E2,-4.266523450E1
6.288896377E2,-4.477936623E1
6.289951342E2,-4.497929805E1
6.290991516E2,-4.695394263E1
6.292052045E2,-4.617961095E1
6.293114450E2,-4.882539088E1
6.294177505E2,-4.659932538E1
6.295234220E2,-4.709973545E1
6.296285119E2,-4.589037974E1
6.297347465E2,-4.677434610E1
6.298393047E2,-4.312860362E1
6.299451449E2,-4.780224728E1
6.300511777E2,-4.920358531E1
6.301575618E2,-4.868328417E1
6.302618827E2,-4.989731319E1
6.303682209E2,-4.905609070E1
6.304745007E2,-4.933329529E1
6.305785801E2,-4.901745324E1
6.306822770E2,-4.759057235E1
6.307886274E2,-4.841218191E1
6.308948483E2,-4.884475782E1
6.310011968E2,-4.788912409E1
6.311074943E2,-4.860770355E1
6.312119071E2,-4.946546351E1
6.313180674E2,-4.599012254E1
6.314245035E2,-4.848700161E1
6.315286310E2,-4.880556371E1
6.316348685E2,-4.892502478E1
6.317372305E2,-4.064077638E1
6.318415710E2,-5.072511455E1
6.319453657E2,-5.016850228E1
6.320472805E2,-4.982772488E1
6.321530054E2,-4.589040184E1
6.322592622E2,-4.179659851E1
6.323621186E2,-4.375710078E1
6.324683559E2,-4.709095476E1
6.325722174E2,-4.859511938E1
6.326782931E2,-4.873213563E1
6.327846525E2,-4.547623243E1
6.328910328E2,-4.800998597E1
6.329954587E2,-4.825185851E1
6.330995762E2,-4.906815733E1
6.332022773E2,-4.996405626E1
6.333086827E2,-4.816345180E1
6.334121697E2,-4.748109487E1
6.335185701E2,-4.723341042E1
6.336223543E2,-4.761936133E1
6.337283766E2,-4.961338464E1
6.338319126E2,-4.935290284E1
6.339377355E2,-4.742130015E1
6.340422970E2,-4.133786290E1
6.341454126E2,-4.882549572E1
6.342497550E2,-4.771570242E1
6.343561257E2,-4.960622083E1
6.344623264E2,-4.901625405E1
6.345685918E2,-4.776069831E1
6.346748349E2,-4.689432331E1
6.347788938E2,-4.895904182E1
6.348851687E2,-4.878696070E1
6.349914592E2,-4.922898097E1
6.350955992E2,-4.846050973E1
6.352019146E2,-4.733835903E1
6.353065227E2,-3.722251273E1
6.354123125E2,-4.585305894E1
6.355186250E2,-4.807095424E1
6.356249640E2,-4.710227532E1
6.357290164E2,-3.900222719E1
6.358353293E2,-4.071401573E1
6.359398180E2,-3.923602389E1
6.360457231E2,-4.716939705E1
6.361519786E2,-4.143819003E1
6.362581744E2,-4.386360494E1
6.363624835E2,-4.120027543E1
6.364687979E2,-4.052657054E1
6.365749711E2,-3.931057722E1
6.366789822E2,-4.368009827E1
6.367822095E2,-4.684519764E1
6.368885217E2,-4.937179584E1
6.369927958E2,-4.822103218E1
6.370957549E2,-4.669682019E1
6.372020807E2,-4.835825843E1
6.373064195E2,-4.775987167E1
6.374125065E2,-4.716167176E1
6.375188207E2,-4.712655088E1
6.376251527E2,-4.871631204E1
6.377292278E2,-4.708301820E1
6.378355490E2,-4.580999156E1
6.379415163E2,-5.007690593E1
6.380458733E2,-4.783458974E1
6.381489026E2,-4.974022282E1
6.382552442E2,-4.887482799E1
6.383593480E2,-4.660893691E1
6.384625393E2,-4.854292274E1
6.385644476E2,-4.897045816E1
6.386707524E2,-4.102901186E1
6.387760203E2,-4.109147623E1
6.388792553E2,-4.376021099E1
6.389839460E2,-4.276275580E1
6.390903003E2,-4.415864312E1
6.391959130E2,-3.900789834E1
6.393023441E2,-3.919884049E1
6.394087961E2,-4.276524514E1
6.395124984E2,-4.587698568E1
6.396134446E2,-4.226020154E1
6.397188483E2,-4.276663413E1
6.398212352E2,-4.261471204E1
6.399260195E2,-4.070710363E1
6.400292255E2,-4.225284067E1
6.401300887E2,-4.842156470E1
6.402357722E2,-4.324150396E1
6.403415943E2,-4.187000507E1
6.404460634E2,-4.184917039E1
6.405479240E2,-4.160678627E1
6.406509903E2,-4.289030529E1
6.407567183E2,-4.674783889E1
6.408626784E2,-4.654352585E1
6.409640751E2,-4.793472771E1
6.410700340E2,-4.677870871E1
6.411760387E2,-3.758056418E1
6.412794728E2,-2.662473066E1
6.413859125E2,-2.488875877E1
6.414921270E2,-2.548302790E1
6.415961066E2,-2.764002090E1
6.417023910E2,-2.847651636E1
6.418086684E2,-3.194113150E1
6.419126935E2,-4.135243154E1
6.420135619E2,-4.558404117E1
6.421199081E2,-3.431339365E1
6.422261494E2,-3.737961855E1
6.423294822E2,-3.574815818E1
6.424357618E2,-3.894179661E1
6.425414361E2,-4.180078635E1
6.426461392E2,-4.687342238E1
6.427524075E2,-4.798485361E1
6.428565687E2,-4.283974069E1
6.429628628E2,-4.218284477E1
6.430691015E2,-4.703008206E1
6.431749302E2,-4.754933775E1
6.432796470E2,-3.587626303E1
6.433860023E2,-3.507947574E1
6.434922982E2,-4.402179270E1
6.435962425E2,-3.075159282E1
6.437025040E2,-4.012475572E1
6.438052849E2,-4.464267628E1
6.439099303E2,-3.229943858E1
6.440129680E2,-3.137397287E1
6.441192947E2,-3.218455355E1
6.442256508E2,-3.031244089E1
6.443296510E2,-3.926977119E1
6.444359810E2,-3.931897123E1
6.445415518E2,-4.574945148E1
6.446462635E2,-4.361102235E1
6.447471718E2,-5.020916970E1
6.448534252E2,-3.338489371E1
6.449597419E2,-3.030416354E1
6.450630027E2,-4.476768628E1
6.451657397E2,-3.022807735E1
6.452713938E2,-3.490850553E1
6.453765350E2,-4.271561111E1
6.454797516E2,-3.758508414E1
6.455860790E2,-3.657330878E1
6.456873959E2,-4.421953869E1
6.457930458E2,-4.194076696E1
6.458964150E2,-4.482840543E1
6.459983905E2,-3.467368900E1
6.461048096E2,-4.761385657E1
6.462098435E2,-3.612467414E1
6.463131522E2,-4.291253839E1
6.464195078E2,-4.400249745E1
6.465256163E2,-3.873911262E1
6.466298434E2,-4.016452796E1
6.467356904E2,-3.735047334E1
6.468415755E2,-4.222582292E1
6.469464727E2,-3.831988018E1
6.470528230E2,-3.589315249E1
6.471590964E2,-4.242516349E1
6.472631288E2,-4.717013892E1
6.473639513E2,-4.619717985E1
6.474696152E2,-4.047756352E1
6.475756482E2,-3.796306296E1
6.476798808E2,-4.025926056E1
6.477855105E2,-4.234946348E1
6.478915355E2,-4.404666604E1
6.479966704E2,-4.582054361E1
6.481029540E2,-4.401109365E1
6.482056638E2,-3.755160489E1
6.483099183E2,-3.388751113E1
6.484133061E2,-4.558874572E1
6.485195008E2,-3.471147506E1
6.486255822E2,-4.201223651E1
6.487300179E2,-4.990703561E1
6.488356367E2,-4.786969995E1
6.489415332E2,-5.054205676E1
6.490467308E2,-4.904596071E1
6.491530582E2,-4.942606968E1
6.492574739E2,-4.847064647E1
6.493629172E2,-4.856436515E1
6.494656402E2,-4.853723949E1
6.495705367E2,-4.661335866E1
6.496753399E2,-4.677310377E1
6.497800492E2,-4.845927154E1
6.498854710E2,-4.911988601E1
6.499877103E2,-4.578513712E1
6.500938223E2,-4.802982927E1
6.501967714E2,-4.815689642E1
6.502992925E2,-4.703246701E1
6.504034751E2,-4.780340917E1
6.505057714E2,-4.765036555E1
6.506106165E2,-4.836804746E1
6.507134566E2,-5.046749421E1
6.508197225E2,-3.489378908E1
6.509260514E2,-4.760848048E1
6.510301327E2,-4.673963482E1
6.511364450E2,-4.001420998E1
6.512416371E2,-4.854935225E1
6.513468262E2,-4.717037789E1
6.514531254E2,-4.845640733E1
6.515595067E2,-4.904906928E1
6.516635405E2,-4.966356680E1
6.517699260E2,-4.807398220E1
6.518762125E2,-4.614679628E1
6.519802145E2,-4.749051457E1
6.520846054E2,-4.867143090E1
6.521860557E2,-4.932346792E1
6.522889845E2,-4.956337741E1
6.523941360E2,-4.805721661E1
6.524990338E2,-4.899251099E1
6.526053845E2,-5.052798626E1
6.527107992E2,-4.924610537E1
6.528144318E2,-4.849114314E1
6.529206777E2,-4.644249020E1
6.530269445E2,-4.826555200E1
6.531302724E2,-4.782027493E1
6.532365760E2,-4.438706695E1
6.533415940E2,-4.397056920E1
6.534470250E2,-4.574546575E1
6.535533802E2,-4.445369360E1
6.536596063E2,-4.688524880E1
6.537636727E2,-4.223330891E1
6.538699874E2,-4.210003152E1
6.539727492E2,-4.259092335E1
6.540771220E2,-3.819908015E1
6.541803830E2,-3.237848956E1
6.542867555E2,-3.150644555E1
6.543890023E2,-3.412409307E1
6.544941151E2,-4.024530488E1
6.545970912E2,-3.282940914E1
6.547034112E2,-2.844369937E1
6.548089988E2,-4.362793022E1
6.549137757E2,-4.291175470E1
6.550167191E2,-4.908807002E1
6.551230502E2,-4.923366889E1
6.552275877E2,-4.761583286E1
6.553304569E2,-4.719847049E1
6.554367124E2,-4.121262052E1
6.555415696E2,-3.749161974E1
6.556471582E2,-4.555334327E1
6.557534797E2,-4.768007259E1
6.558594827E2,-3.878302533E1
6.559638449E2,-4.246464686E1
6.560683419E2,-4.523522178E1
6.561741469E2,-4.707340578E1
6.562801183E2,-4.666031725E1
6.563830713E2,-4.128011255E1
6.564859132E2,-3.631786460E1
6.565908668E2,-3.707850923E1
6.566968300E2,-3.745570482E1
6.568031795E2,-4.457493794E1
6.569073100E2,-4.084372288E1
6.570134678E2,-3.824545613E1
6.571186569E2,-4.925529144E1
6.572216812E2,-4.348610476E1
6.573252772E2,-3.474853283E1
6.574306095E2,-3.318264414E1
6.575369169E2,-3.829103460E1
6.576415127E2,-4.103515004E1
6.577468305E2,-4.539232944E1
6.578531655E2,-4.903911012E1
6.579594326E2,-4.974076391E1
6.580639860E2,-5.112725024E1
6.581663150E2,-4.730582466E1
6.582720364E2,-4.211235150E1
6.583779399E2,-2.948539758E1
6.584806899E2,-2.899473813E1
6.585850471E2,-2.699186445E1
6.586903727E2,-2.801957171E1
6.587943460E2,-3.659761019E1
6.588973966E2,-3.963954909E1
6.589993472E2,-4.020375004E1
6.591050934E2,-3.564262873E1
6.592114614E2,-3.330196068E1
6.593141257E2,-3.437958653E1
6.594204812E2,-3.632962253E1
6.595222655E2,-3.122717286E1
6.596270623E2,-3.829344634E1
6.597308281E2,-3.996133892E1
6.598370092E2,-3.814682062E1
6.599415385E2,-4.613157263E1
6.600470242E2,-4.849772548E1
6.601533221E2,-3.541245374E1
6.602596622E2,-3.541001782E1
6.603641740E2,-4.000297719E1
6.604704924E2,-4.183733943E1
6.605754710E2,-3.220450852E1
6.606808660E2,-3.585986173E1
6.607872175E2,-3.919054850E1
6.608912594E2,-3.629292744E1
6.609971162E2,-4.524163255E1
6.611034498E2,-4.246098713E1
6.612058452E2,-4.766283869E1
6.613112492E2,-4.739566057E1
6.614142697E2,-4.398267557E1
6.615205961E2,-3.812079086E1
6.616224198E2,-3.551806777E1
6.617279064E2,-4.287904530E1
6.618309688E2,-4.952900321E1
6.619372017E2,-4.747449927E1
6.620415387E2,-4.625926310E1
6.621446484E2,-4.885205711E1
6.622477802E2,-4.827791196E1
6.623542536E2,-4.768710676E1
6.624605755E2,-4.646956304E1
6.625643291E2,-4.664463355E1
6.626704683E2,-4.823925532E1
6.627760951E2,-4.808969413E1
6.628810307E2,-4.817379902E1
6.629872045E2,-4.897662041E1
6.630896692E2,-4.876203721E1
6.631950676E2,-4.760168007E1
6.632977366E2,-4.738827099E1
6.634040471E2,-5.143551468E1
6.635099829E2,-4.754501652E1
6.636144626E2,-4.606781297E1
6.637208002E2,-4.737692120E1
6.638271203E2,-4.696935972E1
6.639311137E2,-4.777865603E1
6.640374770E2,-4.533980049E1
6.641415453E2,-4.722024227E1
6.642449803E2,-4.259501469E1
6.643477912E2,-4.390740052E1
6.644541131E2,-4.959797703E1
6.645603205E2,-4.743920960E1
6.646644857E2,-4.754012572E1
6.647708161E2,-4.899071953E1
6.648771354E2,-5.071338692E1
6.649811792E2,-4.884071352E1
6.650874241E2,-4.791749657E1
6.651937711E2,-4.951232421E1
6.652956508E2,-5.075697866E1
6.653978540E2,-4.831313618E1
6.655039455E2,-5.010610249E1
6.656102908E2,-4.845325529E1
6.657146111E2,-4.898705948E1
6.658197755E2,-4.972054124E1
6.659242437E2,-5.036968373E1
6.660280002E2,-4.916899913E1
6.661312842E2,-4.885784300E1
6.662375031E2,-4.905002555E1
6.663415717E2,-4.835852627E1
6.664475258E2,-4.816893067E1
6.665532926E2,-4.947269388E1
6.666588679E2,-4.866424275E1
6.667642088E2,-4.815795721E1
6.668705158E2,-4.729103696E1
6.669740887E2,-5.087281343E1
6.670783518E2,-5.032595112E1
6.671814095E2,-4.817064956E1
6.672878223E2,-5.038493292E1
6.673894237E2,-4.907707324E1
6.674939301E2,-4.885305158E1
6.675980641E2,-4.897356307E1
6.677043175E2,-4.670375377E1
6.678066799E2,-4.969845393E1
6.679123342E2,-4.744216317E1
6.680147568E2,-4.574627748E1
6.681192517E2,-4.857999174E1
6.682250382E2,-5.026797100E1
6.683310148E2,-4.968169569E1
6.684357327E2,-5.065498705E1
6.685415609E2,-4.785428417E1
6.686476597E2,-4.800437683E1
6.687507682E2,-4.908614310E1
6.688519783E2,-4.843853451E1
6.689583666E2,-4.931341223E1
6.690643704E2,-4.742831147E1
6.691685779E2,-4.924179737E1
6.692744433E2,-4.843491970E1
6.693785500E2,-4.748279403E1
6.694815305E2,-4.656812083E1
6.695878212E2,-4.799059303E1
6.696941138E2,-4.860720081E1
6.697982039E2,-4.767516185E1
6.699044680E2,-4.303251278E1
6.700099806E2,-4.593392161E1
6.701149148E2,-4.635268364E1
6.702213880E2,-4.558424373E1
6.703276571E2,-4.456212479E1
6.704315928E2,-4.562390566E1
6.705355866E2,-4.690054790E1
6.706415537E2,-4.757597353E1
6.707477279E2,-4.848553991E1
6.708490948E2,-4.847303044E1
6.709553541E2,-4.840474907E1
6.710616696E2,-4.818573355E1
6.711650864E2,-4.993117226E1
6.712715707E2,-4.860242246E1
6.713779170E2,-4.965013383E1
6.714817058E2,-4.667435820E1
6.715855861E2,-4.497767172E1
6.716890273E2,-4.944090807E1
6.717954832E2,-5.032585504E1
6.718982757E2,-4.607825197E1
6.719991972E2,-4.004646425E1
6.721055157E2,-4.188828932E1
6.722118827E2,-4.501159161E1
6.723151109E2,-4.787882823E1
6.724204648E2,-3.622599693E1
6.725262521E2,-4.143192545E1
6.726317978E2,-4.700181170E1
6.727350576E2,-4.777116891E1
6.728413800E2,-4.884745495E1
6.729454304E2,-4.872431411E1
6.730484743E2,-4.521952485E1
6.731548314E2,-4.338561668E1
6.732589433E2,-4.488223144E1
6.733651745E2,-4.481586054E1
6.734714106E2,-4.634037791E1
6.735774062E2,-4.784484639E1
6.736818394E2,-5.093758238E1
6.737881643E2,-4.841385416E1
6.738944850E2,-4.858554715E1
6.739985486E2,-4.759851670E1
6.741007847E2,-4.356848877E1
6.742071290E2,-4.851613711E1
6.743121401E2,-4.954820374E1
6.744153090E2,-4.669257477E1
6.745201308E2,-4.826342998E1
6.746266000E2,-4.432753051E1
6.747319345E2,-4.266836315E1
6.748381915E2,-4.784217865E1
6.749415566E2,-4.737554901E1
6.750455905E2,-4.241347782E1
6.751486744E2,-4.416801150E1
6.752550314E2,-4.465997833E1
6.753610560E2,-4.644232905E1
6.754653095E2,-3.892427658E1
6.755714602E2,-4.406404823E1
6.756771980E2,-4.444242551E1
6.757820327E2,-4.311584686E1
6.758883912E2,-4.301197191E1
6.759947881E2,-4.705023353E1
6.760987140E2,-4.838548533E1
6.762008600E2,-4.033755808E1
6.763072008E2,-3.877026627E1
6.764123133E2,-4.101157830E1
6.765153187E2,-3.759553458E1
6.766162167E2,-4.609990167E1
6.767189344E2,-4.685823168E1
6.768252668E2,-4.731446197E1
6.769289800E2,-4.796226006E1
6.770321126E2,-4.811041418E1
6.771383988E2,-4.929094207E1
6.772415894E2,-4.747142115E1
6.773461655E2,-4.777685336E1
6.774488041E2,-3.752915400E1
6.775529842E2,-4.121204349E1
6.776590873E2,-4.666845406E1
6.777629105E2,-4.883278192E1
6.778663113E2,-4.817479952E1
6.779726004E2,-4.827287913E1
6.780789046E2,-4.889831507E1
6.781822164E2,-4.866381988E1
6.782885294E2,-4.887608463E1
6.783944858E2,-4.842882081E1
6.784989094E2,-5.018545914E1
6.786051852E2,-4.911892791E1
6.787116452E2,-4.921269196E1
6.788155859E2,-4.880720121E1
6.789218295E2,-4.708047608E1
6.790280869E2,-4.972417771E1
6.791323275E2,-4.836420757E1
6.792388155E2,-4.955854303E1
6.793415462E2,-4.778721280E1
6.794462597E2,-4.950450069E1
6.795489552E2,-4.800268719E1
6.796530250E2,-4.608337280E1
6.797593298E2,-4.744769269E1
6.798651956E2,-4.983490474E1
6.799713575E2,-4.781411249E1
6.800770453E2,-4.977881533E1
6.801823313E2,-4.755299265E1
6.802865883E2,-4.859410762E1
6.803911014E2,-5.073909847E1
6.804962037E2,-4.504000647E1
6.805991115E2,-4.321064323E1
6.807052435E2,-4.126606903E1
6.808109512E2,-4.216787194E1
6.809157339E2,-3.953313192E1
6.810220110E2,-4.008232551E1
6.811282816E2,-4.207221649E1
6.812324527E2,-4.300473702E1
6.813385662E2,-4.115412196E1
6.814415825E2,-4.586648485E1
6.815462242E2,-3.645505696E1
6.816491176E2,-4.837258041E1
6.817554099E2,-4.836331420E1
6.818600655E2,-4.122553197E1
6.819658252E2,-4.881282624E1
6.820718682E2,-4.919963772E1
6.821777032E2,-4.304174798E1
6.822825307E2,-4.573115794E1
6.823888811E2,-4.717224139E1
6.824921447E2,-4.953850802E1
6.825963064E2,-4.927555010E1
6.826992240E2,-4.804620503E1
6.828055743E2,-4.873360691E1
6.829118576E2,-4.916728964E1
6.830159217E2,-5.033535244E1
6.831220221E2,-4.200519996E1
6.832284040E2,-4.329402086E1
6.833325869E2,-4.868614021E1
6.834388517E2,-4.332426085E1
6.835415511E2,-4.091130434E1
6.836461589E2,-3.876515140E1
6.837492730E2,-4.033692709E1
6.838555434E2,-4.425330859E1
6.839617186E2,-3.738456410E1
6.840659779E2,-4.007021134E1
6.841722545E2,-4.650435176E1
6.842785857E2,-4.589696922E1
6.843826945E2,-4.537364031E1
6.844845493E2,-4.809164991E1
6.845901153E2,-4.916585293E1
6.846961431E2,-4.834626230E1
6.847993611E2,-4.899551721E1
6.849019706E2,-4.555550922E1
6.850076400E2,-5.007529482E1
6.851128865E2,-4.970626580E1
6.852160678E2,-5.053071659E1
6.853168537E2,-4.585218500E1
6.854223748E2,-4.479741043E1
6.855286542E2,-4.665223884E1
6.856327370E2,-4.819567477E1
6.857389875E2,-4.840200255E1
6.858415417E2,-5.009803178E1
6.859461295E2,-4.643623176E1
6.860493921E2,-4.922828110E1
6.861535613E2,-4.918850352E1
6.862597983E2,-4.914990949E1
6.863657755E2,-4.943726923E1
6.864721038E2,-5.027185903E1
6.865783315E2,-4.629881097E1
6.866828649E2,-5.031350742E1
6.867858226E2,-4.718536820E1
6.868924741E2,-4.912792139E1
6.869961953E2,-4.794482747E1
6.870996074E2,-4.945045998E1
6.872059829E2,-4.485416253E1
6.873122847E2,-4.520037113E1
6.874162377E2,-4.391447619E1
6.875225756E2,-4.080654784E1
6.876288760E2,-3.809346039E1
6.877330030E2,-3.987461919E1
6.878392509E2,-3.954960188E1
6.879415375E2,-4.372029800E1
6.880462038E2,-4.545883885E1
6.881496691E2,-4.638951124E1
6.882559970E2,-4.635910800E1
6.883599939E2,-4.755363916E1
6.884658732E2,-4.971160168E1
6.885721668E2,-4.971790032E1
6.886783917E2,-4.847350334E1
6.887830729E2,-3.711693331E1
6.888893018E2,-4.097511545E1
6.889958295E2,-3.754852392E1
6.890997557E2,-4.318772584E1
6.892061161E2,-4.534771855E1
6.893070338E2,-4.358938675E1
6.894123775E2,-4.561574313E1
6.895164091E2,-4.257176886E1
6.896204090E2,-4.847799449E1
6.897222550E2,-4.685468526E1
6.898285075E2,-4.782335943E1
6.899331292E2,-3.863334714E1
6.900369754E2,-3.406658516E1
6.901416115E2,-3.779678414E1
6.902461348E2,-4.227685666E1
6.903497801E2,-4.646271510E1
6.904545894E2,-4.109584992E1
6.905557136E2,-4.231566907E1
6.906620507E2,-4.846293194E1
6.907666398E2,-4.331651855E1
6.908672647E2,-3.997424534E1
6.909690805E2,-4.802730093E1
6.910754083E2,-3.921605909E1
6.911795096E2,-3.818047913E1
6.912832070E2,-3.941110547E1
6.913868324E2,-4.824011223E1
6.914917076E2,-5.015129143E1
6.915961627E2,-3.715061981E1
6.916999154E2,-3.068972828E1
6.918062442E2,-3.254334444E1
6.919125309E2,-4.363123530E1
6.920164825E2,-4.879191891E1
6.921190534E2,-4.809558821E1
6.922254448E2,-4.800303166E1
6.923302773E2,-4.983122231E1
6.924335110E2,-4.844058806E1
6.925397140E2,-4.920155708E1
6.926415622E2,-4.922663195E1
6.927469727E2,-4.858886937E1
6.928499408E2,-3.963881221E1
6.929562662E2,-3.865892629E1
6.930613443E2,-3.704145310E1
6.931667340E2,-3.468349061E1
6.932730721E2,-3.074348391E1
6.933789048E2,-3.275180919E1
6.934833667E2,-3.803906217E1
6.935896377E2,-4.254082091E1
6.936958756E2,-4.915802067E1
6.938000594E2,-4.456205292E1
6.939019991E2,-3.890810434E1
6.940076980E2,-4.551081097E1
6.941133880E2,-4.071272734E1
6.942168023E2,-3.775941301E1
6.943231336E2,-4.084705868E1
6.944262880E2,-4.424890585E1
6.945303002E2,-4.660923151E1
6.946334449E2,-4.617669420E1
6.947342893E2,-4.529640818E1
6.948406025E2,-4.627490105E1
6.949428071E2,-3.577023985E1
6.950470191E2,-4.182444162E1
6.951501430E2,-4.125384179E1
6.952534394E2,-4.054927759E1
6.953597535E2,-4.334429791E1
6.954636061E2,-4.574187400E1
6.955668615E2,-4.624881856E1
6.956731005E2,-4.569647848E1
6.957782340E2,-4.812576283E1
6.958834546E2,-4.843710530E1
6.959844115E2,-4.713818250E1
6.960907236E2,-3.928370866E1
6.961967839E2,-4.211881186E1
6.963002477E2,-4.334582244E1
6.964032137E2,-4.461443105E1
6.965089952E2,-4.552065771E1
6.966137795E2,-4.824436719E1
6.967169099E2,-4.660861671E1
6.968231983E2,-4.901518942E1
6.969294879E2,-4.874429416E1
6.970343847E2,-4.984774192E1
6.971398885E2,-4.884838655E1
6.972415753E2,-4.898850353E1
6.973470627E2,-4.645911578E1
6.974503295E2,-4.430602264E1
6.975530467E2,-4.355310555E1
6.976593676E2,-4.208033262E1
6.977637228E2,-4.370678683E1
6.978670457E2,-4.360194750E1
6.979731707E2,-4.159686840E1
6.980795604E2,-4.613471232E1
6.981837305E2,-4.234866570E1
6.982894861E2,-3.799081593E1
6.983957805E2,-3.898903225E1
6.985003874E2,-3.807700983E1
6.986066887E2,-4.431536141E1
6.987131279E2,-4.596598553E1
6.988169782E2,-3.968024802E1
6.989179658E2,-4.239144773E1
6.990193615E2,-4.252411507E1
6.991224318E2,-4.246674197E1
6.992261700E2,-4.272146467E1
6.993304346E2,-4.491573902E1
6.994338065E2,-4.047957473E1
6.995398130E2,-4.163249802E1
6.996415560E2,-4.737847969E1
6.997470822E2,-4.633767796E1
6.998505022E2,-4.096167181E1
6.999557856E2,-4.533846784E1
7.000610072E2,-4.864124551E1
7.001671188E2,-4.039888718E1
7.002714607E2,-4.004650829E1
7.003760310E2,-4.240364501E1
7.004801696E2,-4.611305806E1
7.005839996E2,-3.986295269E1
7.006903987E2,-4.146244384E1
7.007968374E2,-4.402953746E1
7.009005539E2,-3.954059611E1
7.010067737E2,-4.343211175E1
7.011132060E2,-4.254808922E1
7.012172796E2,-4.565366096E1
7.013233312E2,-4.755086861E1
7.014289979E2,-4.882679192E1
7.015339280E2,-4.446251907E1
7.016397277E2,-4.683909344E1
7.017414805E2,-4.611070346E1
7.018472847E2,-4.017868372E1
7.019506963E2,-3.897713108E1
7.020570303E2,-4.236512602E1
7.021588537E2,-4.219609103E1
7.022645418E2,-4.080326069E1
7.023674137E2,-4.891935233E1
7.024738148E2,-4.621727576E1
7.025801879E2,-4.620966542E1
7.026840535E2,-4.697464282E1
7.027855375E2,-3.733148973E1
7.028871500E2,-4.466242641E1
7.029924455E2,-4.443246355E1
7.030976227E2,-3.927851133E1
7.032007664E2,-3.432925290E1
7.033071264E2,-4.420220796E1
7.034134457E2,-4.903642684E1
7.035195104E2,-4.712795610E1
7.036258893E2,-4.932747867E1
7.037312106E2,-5.029356319E1
7.038340169E2,-4.725730071E1
7.039395333E2,-4.694754622E1
7.040416255E2,-4.818672994E1
7.041474413E2,-4.870813810E1
7.042509291E2,-4.835219575E1
7.043572657E2,-4.817762382E1
7.044635420E2,-4.941477340E1
7.045675514E2,-4.816038603E1
7.046738985E2,-4.812753227E1
7.047802312E2,-4.880431702E1
7.048841356E2,-5.029369956E1
7.049899922E2,-4.879304127E1
7.050917037E2,-4.897362893E1
7.051982330E2,-4.769906103E1
7.053010274E2,-4.877497161E1
7.054070930E2,-4.962562202E1
7.055088623E2,-4.696424543E1
7.056148174E2,-4.897187707E1
7.057177783E2,-4.998703575E1
7.058241416E2,-4.754171111E1
7.059262095E2,-4.902931946E1
7.060314047E2,-4.931836167E1
7.061342248E2,-4.972127014E1
7.062350065E2,-4.817988315E1
7.063396144E2,-4.878653725E1
7.064414697E2,-4.858039722E1
7.065452474E2,-4.815623342E1
7.066504954E2,-4.794933277E1
7.067523595E2,-4.908431325E1
7.068578364E2,-4.740223747E1
7.069588800E2,-4.776734518E1
7.070611135E2,-4.872664552E1
7.071647059E2,-4.958699067E1
7.072677299E2,-4.572900481E1
7.073684725E2,-4.851609676E1
7.074740584E2,-4.912285866E1
7.075802922E2,-4.437980454E1
7.076843395E2,-4.512203524E1
7.077863455E2,-4.714195209E1
7.078887610E2,-4.623707998E1
7.079943670E2,-4.653095730E1
7.080981248E2,-4.487340137E1
7.082018583E2,-4.583287351E1
7.083025178E2,-4.389737321E1
7.084055375E2,-4.456168274E1
7.085073507E2,-4.485345611E1
7.086089374E2,-4.155292863E1
7.087111930E2,-3.527606951E1
7.088146940E2,-4.144492156E1
7.089177954E2,-3.908085802E1
7.090197217E2,-4.449929168E1
7.091242115E2,-3.428613387E1
7.092289665E2,-3.840638172E1
7.093340429E2,-3.542578293E1
7.094344206E2,-3.814355448E1
7.095352081E2,-4.471227380E1
7.096372195E2,-3.335297168E1
7.097413154E2,-3.898508267E1
7.098476219E2,-3.950973062E1
7.099512903E2,-4.717520700E1
7.100575445E2,-3.722385429E1
7.101638877E2,-3.739073987E1
7.102680205E2,-4.059901958E1
7.103708975E2,-4.772558864E1
7.104771942E2,-4.846994923E1
7.105814840E2,-4.930761751E1
7.106847287E2,-4.772005953E1
7.107909307E2,-4.775743384E1
7.108928872E2,-4.912167796E1
7.109982284E2,-4.627181936E1
7.111014514E2,-4.566254496E1
7.112077525E2,-4.239138465E1
7.113118095E2,-4.898439028E1
7.114179956E2,-4.385566720E1
7.115188931E2,-4.337683359E1
7.116242973E2,-4.490389782E1
7.117285047E2,-4.637481599E1
7.118343049E2,-4.670335136E1
7.119358437E2,-4.775507931E1
7.120415800E2,-4.714582707E1
7.121460695E2,-4.083429563E1
7.122513705E2,-4.753006768E1
7.123522227E2,-4.372161570E1
7.124585011E2,-4.222514080E1
7.125647919E2,-4.310112717E1
7.126681779E2,-4.649357193E1
7.127741514E2,-3.549497759E1
7.128803987E2,-3.409068142E1
7.129848978E2,-4.345432848E1
7.130913360E2,-4.823457858E1
7.131975459E2,-4.704977010E1
7.133015760E2,-4.749784701E1
7.134057347E2,-4.740614689E1
7.135119760E2,-4.867369964E1
7.136181963E2,-5.003034820E1
7.137241928E2,-4.978388819E1
7.138286043E2,-5.025958485E1
7.139344488E2,-3.427996421E1
7.140408645E2,-3.331706946E1
7.141457517E2,-3.770656630E1
7.142516594E2,-3.878055034E1
7.143557131E2,-4.218630659E1
7.144620308E2,-4.512393642E1
7.145682633E2,-4.880839465E1
7.146745118E2,-3.992770719E1
7.147768394E2,-4.054051978E1
7.148821186E2,-3.908437397E1
7.149850724E2,-3.914483719E1
7.150912899E2,-4.772308746E1
7.151971221E2,-5.004591748E1
7.153016861E2,-4.722198409E1
7.154079022E2,-4.527140478E1
7.155137012E2,-4.442606681E1
7.156184515E2,-4.902132840E1
7.157216098E2,-4.843274471E1
7.158264752E2,-4.796024614E1
7.159321819E2,-4.067060161E1
7.160350819E2,-4.090355033E1
7.161415600E2,-4.393846227E1
7.162456287E2,-4.599579614E1
7.163517593E2,-4.867447947E1
7.164556443E2,-4.839556751E1
7.165619565E2,-4.579941564E1
7.166680253E2,-3.655862555E1
7.167706041E2,-3.974635509E1
7.168766192E2,-4.180428090E1
7.169813037E2,-4.363217855E1
7.170851594E2,-4.531649924E1
7.171882977E2,-4.591670365E1
7.172946071E2,-3.743119042E1
7.173989509E2,-3.483977829E1
7.175018460E2,-4.930668279E1
7.176079599E2,-4.104293191E1
7.177142718E2,-4.280148379E1
7.178185448E2,-4.727150834E1
7.179249990E2,-4.856275921E1
7.180305001E2,-4.063557482E1
7.181352516E2,-3.644841004E1
7.182416387E2,-3.999794978E1
7.183437598E2,-4.200865571E1
7.184491512E2,-4.310428354E1
7.185554390E2,-3.056331580E1
7.186619281E2,-3.847252872E1
7.187681775E2,-3.633878494E1
7.188745467E2,-3.495880986E1
7.189809065E2,-3.770030011E1
7.190853420E2,-3.537829415E1
7.191916115E2,-3.871018500E1
7.192978388E2,-4.112293719E1
7.194020449E2,-3.850737747E1
7.195082631E2,-4.236231877E1
7.196107572E2,-4.745660277E1
7.197156865E2,-4.821967109E1
7.198185941E2,-3.929413860E1
7.199196980E2,-3.156212569E1
7.200252550E2,-3.382331531E1
7.201304400E2,-4.100836622E1
7.202352724E2,-2.878845915E1
7.203360298E2,-3.326175433E1
7.204414315E2,-3.627994484E1
7.205469499E2,-3.462494031E1
7.206519447E2,-4.019470548E1
7.207527349E2,-3.731525420E1
7.208560212E2,-4.123078846E1
7.209615099E2,-4.415400491E1
7.210651061E2,-3.938893546E1
7.211697322E2,-4.342226067E1
7.212751816E2,-3.685047196E1
7.213789100E2,-3.212663479E1
7.214823288E2,-3.772555159E1
7.215855980E2,-4.336010611E1
7.216919545E2,-3.711785428E1
7.217981260E2,-4.342231881E1
7.219021574E2,-4.052248989E1
7.220081531E2,-4.025358619E1
7.221144414E2,-4.200537537E1
7.222187738E2,-4.195760155E1
7.223195651E2,-4.010736783E1
7.224220212E2,-3.917903179E1
7.225235048E2,-3.943171613E1
7.226253366E2,-4.043532934E1
7.227306408E2,-4.045036151E1
7.228355187E2,-3.935450045E1
7.229363431E2,-3.886319514E1
7.230414937E2,-3.568617567E1
7.231436970E2,-4.114313871E1
7.232491114E2,-4.151981140E1
7.233522306E2,-4.436447282E1
7.234530010E2,-4.191805831E1
7.235560057E2,-4.129750047E1
7.236581382E2,-4.719269128E1
7.237591992E2,-4.710255551E1
7.238612760E2,-5.046899169E1
7.239658242E2,-4.693521848E1
7.240697579E2,-4.892879111E1
7.241709800E2,-4.619664183E1
7.242722960E2,-4.790512599E1
7.243737539E2,-4.497498747E1
7.244793015E2,-4.865592629E1
7.245825280E2,-4.966168317E1
7.246857445E2,-4.854823481E1
7.247920902E2,-4.208504389E1
7.248961656E2,-4.649906467E1
7.250023282E2,-4.147289893E1
7.251032206E2,-5.070741815E1
7.252089329E2,-3.862148156E1
7.253150575E2,-4.238525035E1
7.254191107E2,-4.225421353E1
7.255218415E2,-3.481222804E1
7.256256880E2,-4.156811412E1
7.257302780E2,-3.747981071E1
7.258357062E2,-4.007600929E1
7.259366578E2,-3.875839572E1
7.260416006E2,-4.603546447E1
7.261479219E2,-4.684996230E1
7.262525506E2,-3.775962259E1
7.263550243E2,-4.272763980E1
7.264608263E2,-4.236381812E1
7.265652576E2,-4.366682732E1
7.266692184E2,-4.083987654E1
7.267711138E2,-4.287500654E1
7.268773201E2,-4.221829482E1
7.269835055E2,-4.464554883E1
7.270857928E2,-4.872959914E1
7.271867010E2,-4.690264053E1
7.272930238E2,-4.587375566E1
7.273993246E2,-4.873041161E1
7.275026232E2,-4.879339880E1
7.276055562E2,-4.658576946E1
7.277112637E2,-4.654212787E1
7.278167526E2,-4.497984067E1
7.279193508E2,-4.277506610E1
7.280201215E2,-3.881429454E1
7.281253340E2,-4.748507376E1
7.282314597E2,-4.796349961E1
7.283360017E2,-4.899514264E1
7.284416109E2,-4.916619261E1
7.285452814E2,-4.703604447E1
7.286500601E2,-4.676239635E1
7.287527231E2,-4.686757879E1
7.288590617E2,-4.422486443E1
7.289654185E2,-4.593044590E1
7.290692735E2,-4.808690674E1
7.291723353E2,-4.417567856E1
7.292786728E2,-3.767008462E1
7.293833849E2,-3.908482649E1
7.294859606E2,-4.181727826E1
7.295868773E2,-4.720351116E1
7.296930904E2,-4.528840429E1
7.297989540E2,-4.317492642E1
7.299028631E2,-4.147884027E1
7.300093064E2,-3.891361285E1
7.301156708E2,-3.962079822E1
7.302195110E2,-4.337066483E1
7.303258243E2,-4.286739560E1
7.304315218E2,-4.206192595E1
7.305361478E2,-4.590805676E1
7.306413882E2,-4.760647281E1
7.307469876E2,-4.859984320E1
7.308528547E2,-4.758738508E1
7.309592100E2,-4.945292670E1
7.310655247E2,-4.742534903E1
7.311695575E2,-4.229521850E1
7.312723860E2,-4.795204857E1
7.313767565E2,-4.673166765E1
7.314822987E2,-4.680584398E1
7.315862284E2,-4.578731743E1
7.316922382E2,-4.797673179E1
7.317953744E2,-4.823931516E1
7.319000235E2,-4.809346874E1
7.320029799E2,-4.928835350E1
7.321093573E2,-4.900039912E1
7.322156130E2,-4.862507924E1
7.323196810E2,-4.636170108E1
7.324260237E2,-4.884168721E1
7.325323708E2,-4.786186006E1
7.326363236E2,-4.845864206E1
7.327414972E2,-4.615202841E1
7.328469212E2,-3.958344223E1
7.329531941E2,-3.905144302E1
7.330595681E2,-4.065807463E1
7.331658993E2,-4.800922318E1
7.332697505E2,-4.903159567E1
7.333722883E2,-4.897791619E1
7.334779891E2,-5.067116860E1
7.335832639E2,-4.869824954E1
7.336864040E2,-4.891496593E1
7.337896303E2,-4.910899032E1
7.338928571E2,-4.950405377E1
7.339968545E2,-4.685699723E1
7.341031394E2,-4.631296008E1
7.342094788E2,-4.736593784E1
7.343157943E2,-4.789221614E1
7.344198060E2,-4.888365345E1
7.345261225E2,-4.976693781E1
7.346324367E2,-4.783996143E1
7.347364813E2,-4.879816139E1
7.348415734E2,-4.864678750E1
7.349472309E2,-4.742783215E1
7.350532167E2,-4.830859347E1
7.351591458E2,-5.117989320E1
7.352653171E2,-4.836375146E1
7.353699381E2,-4.940442510E1
7.354723540E2,-4.789694691E1
7.355780348E2,-4.661909082E1
7.356823939E2,-5.041950896E1
7.357864612E2,-4.956436519E1
7.358881132E2,-4.494250403E1
7.359945499E2,-4.435772878E1
7.361008667E2,-4.437452282E1
7.362032619E2,-4.455631744E1
7.363095247E2,-4.940300152E1
7.364157839E2,-4.946143433E1
7.365199522E2,-5.068389128E1
7.366219296E2,-5.042260617E1
7.367279805E2,-4.975418321E1
7.368341974E2,-4.916769411E1
7.369367058E2,-4.528466310E1
7.370415775E2,-4.815502024E1
7.371478692E2,-4.803114676E1
7.372533455E2,-4.386541712E1
7.373593710E2,-3.617392132E1
7.374657102E2,-4.906035577E1
7.375700299E2,-5.128684177E1
7.376751604E2,-4.941063848E1
7.377812046E2,-4.444572883E1
7.378868084E2,-3.563107893E1
7.379931955E2,-4.424156299E1
7.380994863E2,-4.686592087E1
7.382034755E2,-5.047953187E1
7.383097586E2,-4.689654979E1
7.384123992E2,-4.975588789E1
7.385178495E2,-4.835665322E1
7.386201110E2,-4.821961135E1
7.387251192E2,-4.573863249E1
7.388280153E2,-4.793040655E1
7.389338801E2,-4.797210298E1
7.390368022E2,-4.645206328E1
7.391411487E2,-4.759106084E1
7.392424860E2,-4.933101576E1
7.393487755E2,-4.661766216E1
7.394535106E2,-5.098086694E1
7.395598271E2,-4.948936868E1
7.396637740E2,-4.782718892E1
7.397678493E2,-4.856575729E1
7.398702731E2,-4.796970768E1
7.399757294E2,-4.786276871E1
7.400814768E2,-4.451824477E1
7.401869257E2,-4.774848365E1
7.402924879E2,-4.629924797E1
7.403988741E2,-4.782733113E1
7.405034786E2,-4.600722590E1
7.406057377E2,-4.701789046E1
7.407120968E2,-4.649169827E1
7.408178390E2,-3.670255922E1
7.409204111E2,-3.399032079E1
7.410256443E2,-3.765656139E1
7.411320685E2,-3.650008802E1
7.412370128E2,-3.658473222E1
7.413405278E2,-3.673968863E1
7.414415799E2,-3.564092951E1
7.415454011E2,-3.912231665E1
7.416506686E2,-3.486525355E1
7.417537086E2,-3.919695519E1
7.418600212E2,-4.076838822E1
7.419659066E2,-3.861943742E1
7.420703743E2,-4.346389871E1
7.421754174E2,-4.889284525E1
7.422773679E2,-4.604651527E1
7.423790803E2,-4.222791896E1
7.424844478E2,-4.527013091E1
7.425871441E2,-3.850415801E1
7.426919807E2,-4.741162419E1
7.427963433E2,-4.263329530E1
7.429007844E2,-4.596098378E1
7.430037959E2,-4.810986906E1
7.431101615E2,-4.729641761E1
7.432164049E2,-4.300209081E1
7.433205116E2,-4.894065059E1
7.434229505E2,-4.844803309E1
7.435291993E2,-4.745331030E1
7.436341338E2,-4.725092703E1
7.437372179E2,-5.089279388E1
7.438414880E2,-4.958967750E1
7.439477482E2,-4.930904998E1
7.440538559E2,-4.950719626E1
7.441601093E2,-4.812360148E1
7.442622552E2,-4.749454417E1
7.443669477E2,-4.776713354E1
7.444704949E2,-4.715575639E1
7.445714367E2,-4.996707774E1
7.446776845E2,-4.846890415E1
7.447823756E2,-4.855074032E1
7.448872865E2,-4.935744523E1
7.449928529E2,-4.904137439E1
7.450988750E2,-4.778449064E1
7.452039790E2,-4.861371489E1
7.453103546E2,-3.643495150E1
7.454167118E2,-3.825509974E1
7.455206553E2,-4.252703792E1
7.456256347E2,-4.665994205E1
7.457319389E2,-4.179103955E1
7.458373314E2,-3.736448157E1
7.459415774E2,-3.738776346E1
7.460477629E2,-3.710196721E1
7.461535481E2,-3.737544834E1
7.462598932E2,-3.507700960E1
7.463644707E2,-4.105070821E1
7.464702606E2,-4.106435770E1
7.465748611E2,-4.335926820E1
7.466805877E2,-4.146336082E1
7.467841513E2,-4.252325647E1
7.468874830E2,-4.156025007E1
7.469898431E2,-4.682565483E1
7.470918267E2,-4.907126828E1
7.471943625E2,-4.335515990E1
7.473000104E2,-4.657228359E1
7.474041309E2,-4.281065387E1
7.475104462E2,-4.671646670E1
7.476167384E2,-5.034514657E1
7.477207976E2,-5.114139026E1
7.478272133E2,-4.604280387E1
7.479336021E2,-4.738826743E1
7.480374843E2,-4.635395561E1
7.481415538E2,-3.529139244E1
7.482472156E2,-3.772116013E1
7.483507810E2,-4.189278257E1
7.484541939E2,-4.110241105E1
7.485605115E2,-3.755757285E1
7.486668345E2,-3.544618799E1
7.487708408E2,-3.607795217E1
7.488727935E2,-4.360674602E1
7.489791450E2,-4.330277215E1
7.490841759E2,-3.942848979E1
7.491876055E2,-4.630394452E1
7.492920507E2,-4.293110487E1
7.493983546E2,-4.568071620E1
7.495042881E2,-4.780681521E1
7.496105540E2,-5.030105808E1
7.497168803E2,-4.775646953E1
7.498210640E2,-5.072732093E1
7.499275322E2,-4.981672480E1
7.500337831E2,-5.036974913E1
7.501376502E2,-4.832055257E1
7.502415804E2,-4.516869327E1
7.503471609E2,-4.623174780E1
7.504507597E2,-4.484765677E1
7.505542598E2,-4.847223656E1
7.506551686E2,-4.856734781E1
7.507614931E2,-4.621958841E1
7.508674729E2,-4.644638051E1
7.509710637E2,-4.703328442E1
7.510748203E2,-4.678922854E1
7.511806254E2,-4.862676102E1
7.512852055E2,-4.779135872E1
7.513877408E2,-4.486867037E1
7.514941329E2,-4.745179861E1
7.515957400E2,-4.921618598E1
7.517018590E2,-4.848751402E1
7.518046212E2,-4.545498658E1
7.519111090E2,-4.820925279E1
7.520168764E2,-4.796879100E1
7.521211382E2,-4.889052589E1
7.522257800E2,-4.540122325E1
7.523320089E2,-4.511482516E1
7.524378262E2,-4.702331690E1
7.525415784E2,-5.000433991E1
7.526478506E2,-4.695789642E1
7.527541271E2,-4.794009896E1
7.528604474E2,-4.675336945E1
7.529668549E2,-4.747577852E1
7.530711909E2,-4.925728646E1
7.531775097E2,-4.853368210E1
7.532835142E2,-4.688832241E1
7.533879250E2,-4.690879558E1
7.534942645E2,-4.878164680E1
7.536005638E2,-4.693406152E1
7.537044552E2,-4.746503970E1
7.538054424E2,-4.856171728E1
7.539118241E2,-4.847357521E1
7.540181728E2,-4.756605770E1
7.541212057E2,-4.670052730E1
7.542228950E2,-4.945497662E1
7.543281519E2,-4.977657733E1
7.544296073E2,-4.705887903E1
7.545349319E2,-4.685463500E1
7.546379971E2,-4.800686031E1
7.547415256E2,-4.678683379E1
7.548453417E2,-4.811147689E1
7.549515402E2,-4.809821123E1
7.550547070E2,-4.478159587E1
7.551570075E2,-4.788253239E1
7.552614059E2,-4.505422234E1
7.553672270E2,-4.751562626E1
7.554713010E2,-4.819259121E1
7.555721630E2,-4.615146457E1
7.556784594E2,-4.997731080E1
7.557846810E2,-4.978423332E1
7.558881319E2,-4.736298141E1
7.559947901E2,-4.758099008E1
7.561010319E2,-4.569921620E1
7.562047994E2,-4.582052014E1
7.563099309E2,-4.635768421E1
7.564159369E2,-4.940489947E1
7.565214945E2,-4.925928000E1
7.566278415E2,-5.066256056E1
7.567334835E2,-4.901697785E1
7.568382828E2,-4.985845235E1
7.569415470E2,-4.863181781E1
7.570478890E2,-4.909173842E1
7.571515392E2,-4.841281654E1
7.572549596E2,-4.709537762E1
7.573590644E2,-4.810126685E1
7.574653782E2,-5.038498747E1
7.575715500E2,-4.811930876E1
7.576778288E2,-4.799959585E1
7.577841336E2,-4.916286507E1
7.578882492E2,-4.940083687E1
7.579945445E2,-5.065868331E1
7.581009054E2,-4.906161859E1
7.582050096E2,-3.954615487E1
7.583081676E2,-3.837781299E1
7.584116860E2,-4.140077254E1
7.585180100E2,-4.138041247E1
7.586214801E2,-4.461712260E1
7.587224442E2,-4.197379423E1
7.588280924E2,-4.514463973E1
7.589347069E2,-4.374593479E1
7.590384534E2,-4.583936755E1
7.591415722E2,-4.847194723E1
7.592478283E2,-4.345433227E1
7.593520080E2,-4.432033779E1
7.594549685E2,-4.306416789E1
7.595579212E2,-3.926274349E1
7.596641995E2,-4.218353179E1
7.597687353E2,-4.752232386E1
7.598717333E2,-4.901425021E1
7.599780248E2,-4.787043921E1
7.600802249E2,-4.859798914E1
7.601853336E2,-4.865758914E1
7.602884644E2,-4.763120767E1
7.603947631E2,-5.026016963E1
7.604959717E2,-4.239491056E1
7.606017472E2,-3.922360652E1
7.607051447E2,-3.204818203E1
7.608115322E2,-3.775933520E1
7.609181422E2,-4.324812348E1
7.610217836E2,-4.787965044E1
7.611279367E2,-4.767964751E1
7.612327226E2,-4.738454634E1
7.613384952E2,-4.935344273E1
7.614415747E2,-4.922260240E1
7.615472301E2,-4.720783514E1
7.616520110E2,-4.899692972E1
7.617552791E2,-4.689019552E1
7.618600625E2,-4.819917188E1
7.619664045E2,-4.659009319E1
7.620718917E2,-4.879165170E1
7.621782235E2,-4.638149056E1
7.622845494E2,-4.441914371E1
7.623886304E2,-4.192178189E1
7.624949445E2,-4.720654822E1
7.626012256E2,-3.813095603E1
7.627052859E2,-3.527443954E1
7.628115164E2,-4.436996529E1
7.629173317E2,-4.644987273E1
7.630219958E2,-4.451954719E1
7.631282886E2,-4.893898993E1
7.632332709E2,-4.740040894E1
7.633385164E2,-4.372283556E1
7.634416253E2,-4.356959639E1
7.635450402E2,-4.627964202E1
7.636514007E2,-4.842353037E1
7.637554265E2,-4.743799442E1
7.638617702E2,-4.884277763E1
7.639680928E2,-4.792382688E1
7.640719236E2,-4.765587722E1
7.641728211E2,-4.683989584E1
7.642790632E2,-4.647290483E1
7.643823576E2,-4.817002096E1
7.644882945E2,-4.748632544E1
7.645945455E2,-4.895899935E1
7.646970645E2,-4.971472895E1
7.648021041E2,-5.005846562E1
7.649079180E2,-3.930604487E1
7.650124182E2,-4.181262009E1
7.651186437E2,-4.815260761E1
7.652221955E2,-4.058857876E1
7.653281430E2,-4.664879611E1
7.654343932E2,-5.023909704E1
7.655389188E2,-4.853229269E1
7.656415544E2,-4.739284008E1
7.657471795E2,-4.788382037E1
7.658523513E2,-4.877239906E1
7.659555626E2,-4.967869449E1
7.660618968E2,-4.885424612E1
7.661671692E2,-5.023653507E1
7.662722566E2,-4.712669360E1
7.663785655E2,-4.757704032E1
7.664807720E2,-5.075450660E1
7.665859004E2,-5.019738327E1
7.666889733E2,-4.836249674E1
7.667953251E2,-4.917154930E1
7.669013798E2,-4.714001521E1
7.670056174E2,-4.882352124E1
7.671100758E2,-4.786360676E1
7.672166513E2,-4.915893330E1
7.673223790E2,-4.983294842E1
7.674286968E2,-4.897333217E1
7.675326956E2,-5.110797149E1
7.676386065E2,-4.738349834E1
7.677416568E2,-4.841041464E1
7.678473808E2,-4.798399147E1
7.679525271E2,-4.954718123E1
7.680556090E2,-4.853831335E1
7.681564563E2,-5.013429189E1
7.682627710E2,-4.765570254E1
7.683682258E2,-4.896411351E1
7.684723718E2,-4.962187112E1
7.685786317E2,-4.730780875E1
7.686843662E2,-4.846104400E1
7.687891203E2,-5.027106716E1
7.688911345E2,-4.742661579E1
7.689972464E2,-4.917781990E1
7.691025065E2,-4.885319139E1
7.692057848E2,-4.620398793E1
7.693120223E2,-4.404363779E1
7.694180811E2,-4.483460619E1
7.695224831E2,-4.764507550E1
7.696270505E2,-4.292244922E1
7.697333542E2,-4.503208128E1
7.698391380E2,-4.473423999E1
7.699415527E2,-4.364358379E1
7.700477910E2,-4.486765939E1
7.701525364E2,-4.504853079E1
7.702558499E2,-4.725870786E1
7.703621667E2,-4.978321888E1
7.704683455E2,-4.919993768E1
7.705725219E2,-4.684380092E1
7.706788393E2,-4.490901802E1
7.707851951E2,-4.470705269E1
7.708891736E2,-4.562111148E1
7.709900409E2,-4.757717551E1
7.710963861E2,-4.560379758E1
7.712025350E2,-4.439028001E1
7.713058813E2,-4.734000804E1
7.714103097E2,-4.453592600E1
7.715166657E2,-4.488857305E1
7.716226249E2,-4.589160262E1
7.717291790E2,-4.937453083E1
7.718348918E2,-4.796134348E1
7.719391898E2,-4.771846146E1
7.720415027E2,-4.857223130E1
7.721456868E2,-4.491838754E1
7.722519884E2,-4.147194044E1
7.723560030E2,-4.327102882E1
7.724623272E2,-4.158241553E1
7.725651410E2,-3.953616376E1
7.726692093E2,-4.842898519E1
7.727727759E2,-4.199703233E1
7.728756877E2,-4.459824510E1
7.729820132E2,-4.232554402E1
7.730858217E2,-4.457879611E1
7.731894517E2,-4.581657798E1
7.732957542E2,-4.909922511E1
7.734010968E2,-4.561342397E1
7.735061721E2,-4.368534240E1
7.736100152E2,-4.397580354E1
7.737158379E2,-4.205817341E1
7.738223886E2,-4.479914108E1
7.739287663E2,-4.640898051E1
7.740351141E2,-4.389815202E1
7.741394642E2,-4.807767691E1
7.742431365E2,-4.739057834E1
7.743494029E2,-4.459984435E1
7.744557185E2,-4.328352911E1
7.745620248E2,-4.579400632E1
7.746683248E2,-4.791444995E1
7.747729232E2,-4.845338059E1
7.748793042E2,-5.001539315E1
7.749850487E2,-4.970024723E1
7.750895425E2,-4.758906825E1
7.751932902E2,-4.900553215E1
7.752995665E2,-4.967256774E1
7.754057945E2,-4.981381672E1
7.755119355E2,-4.896317916E1
7.756183524E2,-4.950912442E1
7.757229984E2,-4.869237652E1
7.758293377E2,-4.780018087E1
7.759300933E2,-4.640051968E1
7.760357448E2,-4.720176384E1
7.761415402E2,-4.406243144E1
7.762442370E2,-4.642706250E1
7.763462901E2,-4.603509810E1
7.764520533E2,-4.542448858E1
7.765563389E2,-4.352080976E1
7.766626536E2,-4.633824203E1
7.767688869E2,-4.658049922E1
7.768730458E2,-4.419465125E1
7.769793907E2,-3.662398204E1
7.770857120E2,-3.697526335E1
7.771897301E2,-3.750074769E1
7.772919807E2,-3.996206946E1
7.773977486E2,-3.724099921E1
7.775025935E2,-3.045447057E1
7.776064462E2,-3.281670430E1
7.777094473E2,-3.695664778E1
7.778148458E2,-4.048207464E1
7.779192727E2,-4.329044426E1
7.780231461E2,-4.672196938E1
7.781258500E2,-4.740775603E1
7.782321415E2,-4.530666566E1
7.783357100E2,-4.571226780E1
7.784398971E2,-4.810886675E1
7.785463313E2,-4.660106882E1
7.786525633E2,-4.686791518E1
7.787565688E2,-4.830259866E1
7.788623105E2,-4.598204742E1
7.789657946E2,-4.206753651E1
7.790691822E2,-4.225052826E1
7.791731930E2,-4.519104221E1
7.792794877E2,-4.688429200E1
7.793836193E2,-5.029656443E1
7.794898797E2,-4.951660613E1
7.795961637E2,-4.992575721E1
7.797022904E2,-4.778122782E1
7.798066710E2,-4.697198709E1
7.799129518E2,-4.878244085E1
7.800192215E2,-4.462111888E1
7.801232198E2,-4.446396759E1
7.802288189E2,-4.261165964E1
7.803337462E2,-4.366532995E1
7.804358991E2,-4.559498445E1
7.805407784E2,-4.827797497E1
7.806440545E2,-4.747412527E1
7.807467406E2,-4.227029183E1
7.808530621E2,-4.380616629E1
7.809566582E2,-4.204649170E1
7.810629110E2,-4.335852301E1
7.811686633E2,-4.380115058E1
7.812733615E2,-4.980508276E1
7.813796973E2,-4.742514943E1
7.814853335E2,-4.741908871E1
7.815900702E2,-4.266920709E1
7.816958515E2,-4.618142605E1
7.818022735E2,-4.704049398E1
7.819075664E2,-4.746516198E1
7.820139626E2,-4.843493296E1
7.821203264E2,-4.635151527E1
7.822234819E2,-4.969203232E1
7.823297430E2,-4.799550220E1
7.824360317E2,-4.634406279E1
7.825409765E2,-4.610739035E1
7.826473262E2,-4.601272085E1
7.827524966E2,-4.508357367E1
7.828568445E2,-4.675798949E1
7.829632098E2,-4.491382481E1
7.830695567E2,-4.568987925E1
7.831733742E2,-4.918161890E1
7.832742898E2,-4.852118482E1
7.833757659E2,-4.931570675E1
7.834821104E2,-5.059863794E1
7.835872430E2,-5.117271684E1
7.836901643E2,-4.973968534E1
7.837910082E2,-4.754382171E1
7.838973294E2,-5.030745164E1
7.840036396E2,-4.847959305E1
7.841068325E2,-4.893309526E1
7.842076945E2,-4.948562833E1
7.843090960E2,-4.770534746E1
7.844154380E2,-4.917577972E1
7.845207047E2,-4.969131332E1
7.846270562E2,-4.645630094E1
7.847285050E2,-4.995195310E1
7.848350200E2,-4.842136598E1
7.849402901E2,-4.917778149E1
7.850464218E2,-4.761818735E1
7.851519673E2,-5.013156056E1
7.852569953E2,-4.651302830E1
7.853599903E2,-4.816390968E1
7.854657198E2,-4.664437370E1
7.855707692E2,-4.709775291E1
7.856737790E2,-4.637173872E1
7.857801622E2,-4.548880816E1
7.858864836E2,-4.614963767E1
7.859904454E2,-4.516359399E1
7.860967715E2,-4.705930055E1
7.861982496E2,-4.707504076E1
7.863039865E2,-4.573487192E1
7.864070866E2,-4.742046872E1
7.865099667E2,-4.975051662E1
7.866139511E2,-4.974012618E1
7.867190008E2,-4.769291796E1
7.868238253E2,-4.887405993E1
7.869301570E2,-4.950459454E1
7.870365171E2,-4.826773740E1
7.871412725E2,-4.714579213E1
7.872476012E2,-4.784541623E1
7.873539450E2,-5.156586449E1
7.874570761E2,-4.776796822E1
7.875627243E2,-4.899246160E1
7.876691430E2,-4.565329876E1
7.877739233E2,-4.674341451E1
7.878802006E2,-4.705656053E1
7.879862244E2,-5.086742789E1
7.880905594E2,-5.037125990E1
7.881962431E2,-4.991891331E1
7.882991038E2,-4.861213697E1
7.884041010E2,-5.024049953E1
7.885072863E2,-4.562115375E1
7.886134917E2,-4.934724315E1
7.887191678E2,-4.803631586E1
7.888240021E2,-4.735504333E1
7.889302885E2,-4.958784116E1
7.890365280E2,-4.905041253E1
7.891406334E2,-4.960726003E1
7.892468664E2,-4.753579636E1
7.893490185E2,-4.284590826E1
7.894540770E2,-4.246481903E1
7.895573625E2,-4.343669840E1
7.896637427E2,-4.393818841E1
7.897691198E2,-4.345391163E1
7.898738851E2,-4.704395147E1
7.899791561E2,-4.968723646E1
7.900855025E2,-4.765167702E1
7.901907033E2,-4.838812646E1
7.902969967E2,-4.688282106E1
7.903990104E2,-4.329392836E1
7.905044588E2,-4.591298456E1
7.906074592E2,-4.577256383E1
7.907138072E2,-4.021895078E1
7.908159227E2,-4.229978628E1
7.909210781E2,-4.639721725E1
7.910240917E2,-4.471066998E1
7.911303994E2,-4.466987146E1
7.912366526E2,-4.474584067E1
7.913408152E2,-4.457698086E1
7.914459332E2,-4.708717790E1
7.915521743E2,-4.727240667E1
7.916575174E2,-4.887089333E1
7.917638698E2,-4.691253205E1
7.918690745E2,-4.529502472E1
7.919741856E2,-4.550470995E1
7.920804249E2,-4.514115684E1
7.921867606E2,-4.439736714E1
7.922908708E2,-4.633018056E1
7.923971177E2,-3.731627800E1
7.924990610E2,-3.827458007E1
7.926046365E2,-4.322834383E1
7.927076114E2,-4.085022540E1
7.928141047E2,-3.620469291E1
7.929189920E2,-3.863620113E1
7.930242857E2,-3.569186286E1
7.931305450E2,-4.713156831E1
7.932333233E2,-3.815860390E1
7.933379631E2,-4.100432412E1
7.934408730E2,-4.599031083E1
7.935417320E2,-4.572847128E1
7.936480187E2,-4.823295531E1
7.937544268E2,-4.955874440E1
7.938576372E2,-4.851962065E1
7.939590343E2,-5.078813762E1
7.940650061E2,-4.923731312E1
7.941712604E2,-4.955849788E1
7.942743940E2,-4.719356710E1
7.943770760E2,-4.814499920E1
7.944799432E2,-4.540207474E1
7.945855927E2,-4.981174482E1
7.946910947E2,-4.744164257E1
7.947975323E2,-4.574739479E1
7.949023191E2,-4.266740977E1
7.950077449E2,-4.196149699E1
7.951140185E2,-4.530841758E1
7.952202995E2,-4.482321205E1
7.953243837E2,-4.867417445E1
7.954304315E2,-4.814713094E1
7.955360237E2,-4.386064360E1
7.956411372E2,-4.840152299E1
7.957437810E2,-4.710198135E1
7.958501322E2,-4.633894449E1
7.959556042E2,-4.602878620E1
7.960577883E2,-4.760175129E1
7.961624845E2,-4.941180518E1
7.962688296E2,-4.942529238E1
7.963744994E2,-5.031541518E1
7.964808506E2,-4.753180420E1
7.965823950E2,-4.808928416E1
7.966885278E2,-5.030119449E1
7.967912011E2,-4.958365755E1
7.968975337E2,-4.897552124E1
7.970037405E2,-4.751670540E1
7.971078388E2,-4.924734614E1
7.972138194E2,-4.639746620E1
7.973200942E2,-5.049533316E1
7.974253484E2,-4.730006583E1
7.975316522E2,-4.677700281E1
7.976324137E2,-4.700216017E1
7.977378332E2,-4.883492529E1
7.978413009E2,-4.834055468E1
7.979419185E2,-4.898426572E1
7.980476096E2,-4.976605566E1
7.981538496E2,-4.401944410E1
7.982579673E2,-3.656348077E1
7.983642712E2,-4.165939913E1
7.984682443E2,-4.752787757E1
7.985717922E2,-4.724644322E1
7.986747315E2,-4.927548616E1
7.987811330E2,-4.866509153E1
7.988874859E2,-4.749344602E1
7.989912630E2,-4.878620111E1
7.990969662E2,-4.488570558E1
7.992033057E2,-4.696919346E1
7.993081634E2,-5.050907425E1
7.994145081E2,-4.381093977E1
7.995202403E2,-4.515825288E1
7.996248658E2,-4.228091206E1
7.997313117E2,-4.031708927E1
7.998376362E2,-3.861576633E1
7.999414854E2,-3.909783561E1
8.000422202E2,-4.120571385E1
8.001485037E2,-4.832913300E1
8.002510520E2,-4.882069366E1
8.003551300E2,-4.885540630E1
8.004581603E2,-4.122259723E1
8.005644885E2,-4.064840277E1
8.006708490E2,-4.158065415E1
8.007748373E2,-4.028331108E1
8.008811549E2,-4.424215219E1
8.009873861E2,-4.163545639E1
8.010915417E2,-3.983473311E1
8.011956227E2,-4.208432330E1
8.013020074E2,-4.805729063E1
8.014082277E2,-3.854757230E1
8.015145420E2,-3.978561731E1
8.016209227E2,-3.615042214E1
8.017249155E2,-4.092761254E1
8.018272115E2,-4.273656326E1
8.019329719E2,-4.797211977E1
8.020390865E2,-4.754356319E1
8.021415887E2,-4.992315455E1
8.022445579E2,-4.830237822E1
8.023454356E2,-4.821922784E1
8.024517920E2,-5.036929021E1
8.025578679E2,-4.895789573E1
8.026601862E2,-4.877125706E1
8.027658194E2,-4.972389906E1
8.028722059E2,-4.968184720E1
8.029749918E2,-4.918906748E1
8.030813460E2,-4.791936909E1
8.031854237E2,-4.888518829E1
8.032916987E2,-4.803776843E1
8.033976273E2,-4.815407338E1
8.035037635E2,-4.998297895E1
8.036092590E2,-4.915570267E1
8.037156646E2,-5.021511223E1
8.038220179E2,-5.010606624E1
8.039251345E2,-4.942340839E1
8.040314835E2,-5.133769047E1
8.041355210E2,-4.975381730E1
8.042387729E2,-4.876586083E1
8.043417723E2,-4.829722392E1
8.044457282E2,-4.909336340E1
8.045520645E2,-5.052319414E1
8.046579717E2,-4.742611731E1
8.047592786E2,-4.522543644E1
8.048656110E2,-4.877762655E1
8.049672765E2,-4.909723403E1
8.050721620E2,-4.991181700E1
8.051752131E2,-4.158193393E1
8.052812141E2,-4.120529060E1
8.053841563E2,-4.306877546E1
8.054888202E2,-4.582626262E1
8.055919200E2,-4.158382063E1
8.056983420E2,-4.417862514E1
8.058046608E2,-4.361571981E1
8.059085622E2,-4.563555991E1
8.060148520E2,-4.673522384E1
8.061210647E2,-4.690447390E1
8.062253371E2,-4.396192867E1
8.063315866E2,-3.854672130E1
8.064378791E2,-3.427664067E1
8.065419636E2,-3.562684562E1
8.066482834E2,-3.578172647E1
8.067546788E2,-4.226544893E1
8.068586223E2,-4.128340306E1
8.069600412E2,-4.481484170E1
8.070656791E2,-4.669192700E1
8.071686803E2,-4.845539625E1
8.072748930E2,-4.759541859E1
8.073763993E2,-4.819997548E1
8.074784188E2,-4.489343235E1
8.075849545E2,-4.318298719E1
8.076890600E2,-4.726215980E1
8.077920319E2,-4.835804556E1
8.078982947E2,-4.972894021E1
8.080046902E2,-4.529539342E1
8.081087299E2,-4.411875609E1
8.082151037E2,-4.563890734E1
8.083215397E2,-4.640098059E1
8.084254163E2,-5.014714454E1
8.085316482E2,-4.843808536E1
8.086380244E2,-4.779764816E1
8.087420595E2,-4.983284891E1
8.088480855E2,-4.930114161E1
8.089543700E2,-4.974025104E1
8.090588460E2,-4.845714385E1
8.091638034E2,-4.955448009E1
8.092653923E2,-4.704250246E1
8.093717074E2,-4.827404998E1
8.094754256E2,-4.879428060E1
8.095808492E2,-4.808645237E1
8.096872570E2,-4.854499712E1
8.097922062E2,-4.869413189E1
8.098952403E2,-4.833390689E1
8.099990834E2,-4.957010475E1
8.101054608E2,-4.688115586E1
8.102089177E2,-4.893152816E1
8.103152107E2,-4.951040734E1
8.104214844E2,-4.839627022E1
8.105255882E2,-4.937546084E1
8.106290467E2,-4.795251019E1
8.107299143E2,-4.713399039E1
8.108359887E2,-4.818815910E1
8.109415356E2,-4.699389423E1
8.110430328E2,-4.885959313E1
8.111488116E2,-5.044705982E1
8.112551215E2,-4.774246704E1
8.113589741E2,-4.774126332E1
8.114652134E2,-4.811922924E1
8.115677680E2,-4.483770171E1
8.116728461E2,-4.754270275E1
8.117756687E2,-4.661415600E1
8.118808429E2,-4.736568418E1
8.119863727E2,-4.861016761E1
8.120923795E2,-4.796597309E1
8.121977774E2,-4.953304267E1
8.123041146E2,-4.602951137E1
8.124089601E2,-4.820072064E1
8.125146961E2,-4.788242140E1
8.126210702E2,-4.664389583E1
8.127258233E2,-4.894364502E1
8.128320604E2,-5.014716139E1
8.129382520E2,-4.676718404E1
8.130424285E2,-4.923945482E1
8.131445771E2,-4.797852050E1
8.132509383E2,-4.833099137E1
8.133562160E2,-4.879244519E1
8.134591393E2,-4.786200899E1
8.135651869E2,-4.888488437E1
8.136716047E2,-4.914016409E1
8.137758624E2,-4.878815623E1
8.138821531E2,-4.783392229E1
8.139868162E2,-4.182602190E1
8.140925207E2,-3.824371235E1
8.141988433E2,-4.152991800E1
8.143051431E2,-4.374313982E1
8.144091814E2,-4.479945305E1
8.145115319E2,-4.713998502E1
8.146175501E2,-4.349047985E1
8.147231645E2,-4.095476475E1
8.148259617E2,-4.563342012E1
8.149320740E2,-3.450184959E1
8.150383226E2,-4.356394851E1
8.151425526E2,-3.859926817E1
8.152446290E2,-3.830479422E1
8.153509858E2,-3.961874462E1
8.154563714E2,-3.497836268E1
8.155593511E2,-4.048986971E1
8.156625858E2,-4.619634234E1
8.157676922E2,-4.111950627E1
8.158729394E2,-4.308153651E1
8.159759898E2,-4.033008131E1
8.160778891E2,-3.885253262E1
8.161823943E2,-4.205762632E1
8.162888427E2,-4.039130518E1
8.163927126E2,-4.600904257E1
8.164974223E2,-4.186505003E1
8.166023782E2,-4.423880858E1
8.167064190E2,-4.634538965E1
8.168094006E2,-4.251741611E1
8.169156517E2,-4.612830764E1
8.170219191E2,-4.721076059E1
8.171261211E2,-5.007838781E1
8.172320410E2,-5.149306180E1
8.173385030E2,-4.844180765E1
8.174427938E2,-4.977292036E1
8.175455020E2,-4.971321096E1
8.176515721E2,-5.070746762E1
8.177567287E2,-4.986171298E1
8.178593597E2,-4.583799356E1
8.179612394E2,-4.709940686E1
8.180675343E2,-4.572473789E1
8.181732417E2,-4.736668155E1
8.182761722E2,-4.847910272E1
8.183793547E2,-4.778127161E1
8.184856008E2,-4.833475092E1
8.185899622E2,-4.743970287E1
8.186928576E2,-4.762552952E1
8.187968158E2,-4.718113233E1
8.188983803E2,-4.675894176E1
8.190027106E2,-4.668363097E1
8.191071658E2,-4.823982590E1
8.192096546E2,-4.717310201E1
8.193160185E2,-4.812791876E1
8.194223251E2,-4.984059869E1
8.195263623E2,-4.769793467E1
8.196327192E2,-4.566228797E1
8.197386235E2,-4.739747884E1
8.198429517E2,-4.611012707E1
8.199492409E2,-4.783229321E1
8.200555634E2,-4.671986308E1
8.201599956E2,-5.010771529E1
8.202662200E2,-4.958456613E1
8.203725256E2,-4.901997708E1
8.204761755E2,-4.703580123E1
8.205771774E2,-4.901687304E1
8.206835839E2,-4.989870496E1
8.207899570E2,-4.796948100E1
8.208930548E2,-4.780639659E1
8.209953082E2,-4.739880146E1
8.211016058E2,-4.813372582E1
8.212074987E2,-4.836944119E1
8.213118220E2,-4.850974665E1
8.214175258E2,-4.812462500E1
8.215239230E2,-4.987941920E1
8.216264625E2,-4.718139916E1
8.217327948E2,-4.812366846E1
8.218369572E2,-4.806649461E1
8.219426623E2,-4.814512867E1
8.220489955E2,-4.693063421E1
8.221511137E2,-4.744926205E1
8.222573103E2,-4.728123424E1
8.223597484E2,-4.751488102E1
8.224658025E2,-4.803596778E1
8.225721763E2,-4.414875640E1
8.226765199E2,-4.542929077E1
8.227777588E2,-4.725979376E1
8.228833823E2,-4.720185381E1
8.229850544E2,-4.780508126E1
8.230906207E2,-4.600749993E1
8.231931825E2,-4.781991650E1
8.232994553E2,-4.837477384E1
8.234057509E2,-4.889510876E1
8.235099710E2,-5.177743687E1
8.236164375E2,-4.821624640E1
8.237227015E2,-4.842655892E1
8.238265919E2,-4.879301631E1
8.239329084E2,-3.988144340E1
8.240392000E2,-4.219517454E1
8.241432004E2,-4.190346698E1
8.242492367E2,-4.033077125E1
8.243555527E2,-3.927699723E1
8.244599546E2,-4.698989311E1
8.245663001E2,-4.515033198E1
8.246685680E2,-4.864969775E1
8.247740188E2,-4.902441298E1
8.248766657E2,-4.819053828E1
8.249829360E2,-4.802854871E1
8.250892133E2,-4.902093059E1
8.251933540E2,-4.985833095E1
8.252996233E2,-4.809001276E1
8.254059562E2,-4.793963567E1
8.255099724E2,-4.702988437E1
8.256108847E2,-4.318575454E1
8.257162565E2,-4.056211554E1
8.258224750E2,-4.154344533E1
8.259267939E2,-3.909713137E1
8.260290349E2,-3.307778533E1
8.261348729E2,-4.024099026E1
8.262397372E2,-4.307987569E1
8.263435110E2,-4.339230569E1
8.264499375E2,-4.494411569E1
8.265528869E2,-4.310603681E1
8.266572376E2,-4.484609050E1
8.267601475E2,-4.479366686E1
8.268664622E2,-4.612332068E1
8.269726157E2,-4.568659630E1
8.270768820E2,-4.764197910E1
8.271832034E2,-4.507957905E1
8.272895102E2,-4.923067133E1
8.273935180E2,-4.571085534E1
8.274991708E2,-4.681050039E1
8.276048203E2,-4.615685858E1
8.277102261E2,-4.852304229E1
8.278149651E2,-4.675992565E1
8.279190302E2,-4.755881668E1
8.280238894E2,-4.834985634E1
8.281269151E2,-4.787044753E1
8.282332506E2,-4.718970828E1
8.283390436E2,-4.566987084E1
8.284436528E2,-4.593805401E1
8.285491180E2,-4.795048415E1
8.286554792E2,-4.842901484E1
8.287603020E2,-4.896119247E1
8.288661847E2,-5.062466416E1
8.289718073E2,-5.027968721E1
8.290769772E2,-4.853073072E1
8.291833025E2,-4.852104581E1
8.292895520E2,-4.783025119E1
8.293948442E2,-4.938321044E1
8.295012496E2,-4.849311098E1
8.296071777E2,-4.951592110E1
8.297102510E2,-4.933450392E1
8.298139041E2,-4.945437867E1
8.299202359E2,-4.835322567E1
8.300238678E2,-4.943926322E1
8.301269503E2,-4.802098990E1
8.302290193E2,-4.741348516E1
8.303345795E2,-4.775897926E1
8.304374476E2,-4.785619342E1
8.305408268E2,-4.761149193E1
8.306437518E2,-4.883298583E1
8.307494715E2,-4.784544532E1
8.308552913E2,-5.033850287E1
8.309604487E2,-5.064616436E1
8.310667526E2,-4.829815766E1
8.311687464E2,-4.846549714E1
8.312741776E2,-4.843552289E1
8.313771562E2,-4.800154231E1
8.314835893E2,-4.491532657E1
8.315899699E2,-4.700441261E1
8.316937252E2,-4.706240364E1
8.317959146E2,-4.685388878E1
8.319021707E2,-3.630476210E1
8.320077547E2,-4.062949851E1
8.321105199E2,-4.124973517E1
8.322125466E2,-4.045379327E1
8.323189042E2,-4.648950688E1
8.324243544E2,-4.107355155E1
8.325290647E2,-4.224933069E1
8.326346715E2,-3.501149154E1
8.327409932E2,-3.951038237E1
8.328439266E2,-4.239834170E1
8.329502490E2,-3.344457628E1
8.330564685E2,-4.263455872E1
8.331606241E2,-4.830867169E1
8.332668796E2,-5.027936409E1
8.333731744E2,-4.902083853E1
8.334773761E2,-4.908126952E1
8.335835873E2,-5.029408071E1
8.336892766E2,-4.688220186E1
8.337940117E2,-5.033905306E1
8.339003377E2,-4.928187178E1
8.340059772E2,-4.833890691E1
8.341107079E2,-4.981595361E1
8.342170368E2,-4.014060982E1
8.343233834E2,-4.707735520E1
8.344273396E2,-4.805610306E1
8.345321690E2,-4.789247910E1
8.346384947E2,-4.845908085E1
8.347440671E2,-3.898246070E1
8.348491990E2,-3.703175207E1
8.349554595E2,-3.640206372E1
8.350607712E2,-4.518580013E1
8.351671279E2,-4.739207724E1
8.352734338E2,-4.990633195E1
8.353774624E2,-5.275311481E1
8.354837913E2,-5.065366386E1
8.355878874E2,-4.905649326E1
8.356941669E2,-5.429397514E1
8.357964986E2,-5.517764739E1
8.358991772E2,-5.443709177E1
8.360053920E2,-5.366966744E1
8.361108738E2,-5.206816024E1
8.362171675E2,-5.446843308E1
8.363234876E2,-5.244242839E1
8.364274715E2,-5.295988633E1
8.365291856E2,-5.080156791E1
8.366355484E2,-5.261814007E1
8.367409689E2,-5.146394160E1
8.368442273E2,-5.097210794E1
8.369505493E2,-5.324484543E1
8.370568207E2,-5.363786493E1
8.371609279E2,-5.501946793E1
8.372630398E2,-5.188964183E1
8.373687527E2,-5.222800724E1
8.374743465E2,-5.315907040E1
8.375775128E2,-4.879223080E1
8.376784396E2,-5.363091892E1
8.377846950E2,-5.302241937E1
8.378910068E2,-5.303332765E1
8.379943354E2,-5.043902600E1
8.381006149E2,-5.330615404E1
8.382069547E2,-5.302419488E1
8.383109351E2,-5.302019963E1
8.384118216E2,-5.822897345E1
8.385181732E2,-5.236120964E1
8.386245672E2,-5.281782083E1
8.387277135E2,-5.202837831E1
8.388339720E2,-5.352748960E1
8.389394983E2,-5.089638856E1
8.390443983E2,-5.300576980E1
8.391485937E2,-5.210202003E1
8.392546127E2,-5.292165551E1
8.393606458E2,-5.380972559E1
8.394669998E2,-5.272665411E1
8.395734091E2,-5.334469698E1
8.396777408E2,-5.248545608E1
8.397837839E2,-4.890036484E1
8.398890973E2,-5.278993039E1
8.399944794E2,-5.250632078E1
8.401007527E2,-5.159027813E1
8.402044024E2,-5.132975518E1
8.403084334E2,-5.379213356E1
8.404110606E2,-5.163941123E1
8.405118904E2,-5.095695414E1
8.406162378E2,-5.261471806E1
8.407168591E2,-5.309386910E1
8.408225654E2,-5.071694548E1
8.409279507E2,-4.886405666E1
8.410342434E2,-5.108928028E1
8.411403947E2,-5.266124014E1
8.412444827E2,-4.885516050E1
8.413452399E2,-4.807708211E1
8.414485814E2,-4.802243364E1
8.415540412E2,-5.269516909E1
8.416579172E2,-5.011271725E1
8.417612699E2,-4.788820309E1
8.418674787E2,-4.910277842E1
8.419706267E2,-4.936472275E1
8.420745120E2,-5.140135696E1
8.421780249E2,-4.939060460E1
8.422842940E2,-5.228815745E1
8.423906504E2,-5.168174612E1
8.424947577E2,-5.030235922E1
8.425969376E2,-4.910619134E1
8.427033023E2,-5.088479180E1
8.428074661E2,-5.219339290E1
8.429113589E2,-5.297033257E1
8.430176585E2,-5.278845911E1
8.431231948E2,-5.078439050E1
8.432280906E2,-5.182816414E1
8.433329207E2,-5.275557093E1
8.434383448E2,-5.170533653E1
8.435442930E2,-5.051012714E1
8.436506364E2,-4.949336352E1
8.437569765E2,-5.136019509E1
8.438614117E2,-5.023225256E1
8.439637403E2,-5.078947132E1
8.440657683E2,-5.258509354E1
8.441720750E2,-5.167379719E1
8.442781424E2,-4.917130588E1
8.443821675E2,-5.149538276E1
8.444878105E2,-5.164410799E1
8.445918312E2,-5.304395468E1
8.446949030E2,-5.153654325E1
8.448012603E2,-5.312522742E1
8.449052894E2,-5.506722520E1
8.450111243E2,-5.167639232E1
8.451174367E2,-5.399198801E1
8.452237973E2,-5.431699879E1
8.453282167E2,-5.111909734E1
8.454317801E2,-5.303482938E1
8.455374073E2,-5.233613206E1
8.456416070E2,-5.146353104E1
8.457449033E2,-5.261415668E1
8.458512430E2,-5.350763772E1
8.459567510E2,-5.363808619E1
8.460615973E2,-5.347554812E1
8.461658283E2,-5.390893575E1
8.462721585E2,-5.200792669E1
8.463783025E2,-5.200781929E1
8.464844500E2,-4.943128594E1
8.465901037E2,-5.233899764E1
8.466949931E2,-5.049785415E1
8.468013435E2,-4.928042493E1
8.469076682E2,-4.910586996E1
8.470115565E2,-5.109904748E1
8.471168157E2,-5.482015212E1
8.472231674E2,-5.097457535E1
8.473283632E2,-5.203461696E1
8.474347592E2,-5.204865646E1
8.475376335E2,-4.982782200E1
8.476416122E2,-4.787378677E1
8.477450355E2,-4.885435316E1
8.478513595E2,-5.313031740E1
8.479554749E2,-5.251934615E1
8.480616439E2,-5.055900531E1
8.481625810E2,-5.190115028E1
8.482689003E2,-5.251827177E1
8.483750654E2,-5.152847021E1
8.484784992E2,-4.998507385E1
8.485847880E2,-5.010453184E1
8.486887705E2,-4.983845721E1
8.487947181E2,-4.985860588E1
8.489010822E2,-4.221685638E1
8.490073481E2,-4.992473890E1
8.491119046E2,-5.089452557E1
8.492182607E2,-4.812975358E1
8.493245903E2,-5.013096906E1
8.494286309E2,-5.012627657E1
8.495349863E2,-4.703771136E1
8.496410509E2,-4.632855538E1
8.497452214E2,-4.700766336E1
8.498479086E2,-4.706129642E1
8.499505450E2,-4.583093798E1
8.500524491E2,-4.753623273E1
8.501583187E2,-4.716378885E1
8.502619804E2,-4.148401982E1
8.503656768E2,-4.875822292E1
8.504714555E2,-4.758612555E1
8.505750325E2,-4.686645277E1
8.506786332E2,-4.761914511E1
8.507849003E2,-5.009340153E1
8.508910110E2,-4.880563992E1
8.509953193E2,-4.942672273E1
8.511017808E2,-4.856803952E1
8.512079939E2,-4.717498860E1
8.513120400E2,-4.700681970E1
8.514184707E2,-4.941265330E1
8.515220045E2,-4.766572981E1
8.516282185E2,-4.543231914E1
8.517344195E2,-4.608519626E1
8.518398817E2,-4.664904733E1
8.519453680E2,-4.712367393E1
8.520517039E2,-4.874018440E1
8.521555021E2,-4.848778300E1
8.522581939E2,-4.869163079E1
8.523620626E2,-4.937300196E1
8.524658337E2,-4.806077668E1
8.525683632E2,-4.975535417E1
8.526709801E2,-4.909248687E1
8.527750019E2,-4.847934028E1
8.528787657E2,-4.740631794E1
8.529850037E2,-4.728617810E1
8.530910568E2,-4.919470229E1
8.531954580E2,-4.419961671E1
8.533016675E2,-4.615738070E1
8.534058783E2,-4.404766500E1
8.535121654E2,-4.541584264E1
8.536185273E2,-4.981256034E1
8.537248762E2,-4.955078956E1
8.538288640E2,-4.803982179E1
8.539350835E2,-4.709737060E1
8.540414148E2,-4.926612811E1
8.541455552E2,-4.906417419E1
8.542484359E2,-4.810231763E1
8.543546957E2,-4.868044657E1
8.544582567E2,-4.477360299E1
8.545622581E2,-4.786739939E1
8.546670398E2,-4.958269090E1
8.547727357E2,-4.871623823E1
8.548789636E2,-4.674219003E1
8.549850697E2,-4.839465943E1
8.550873141E2,-4.619228809E1
8.551926404E2,-4.893198232E1
8.552956541E2,-4.393374964E1
8.554019896E2,-4.311393279E1
8.555083808E2,-4.601865915E1
8.556140972E2,-4.682798162E1
8.557197511E2,-4.285771714E1
8.558260676E2,-4.623886342E1
8.559290734E2,-4.545054987E1
8.560298192E2,-4.474143460E1
8.561314661E2,-4.521566713E1
8.562341161E2,-4.746812395E1
8.563392148E2,-5.061502837E1
8.564431173E2,-5.010095782E1
8.565457337E2,-4.359007181E1
8.566479605E2,-4.697053333E1
8.567533497E2,-4.787784071E1
8.568596570E2,-4.632832665E1
8.569623669E2,-4.701063941E1
8.570654225E2,-4.849417617E1
8.571716640E2,-4.909794730E1
8.572764617E2,-4.778375993E1
8.573791710E2,-4.962305505E1
8.574825751E2,-4.969184469E1
8.575889539E2,-5.027358827E1
8.576933821E2,-4.840650527E1
8.577958197E2,-4.878051896E1
8.579021485E2,-4.850012794E1
8.580085444E2,-4.800519050E1
8.581125743E2,-5.052869131E1
8.582188264E2,-4.817934190E1
8.583247995E2,-4.733054777E1
8.584292598E2,-4.893993552E1
8.585300041E2,-4.575484220E1
8.586363208E2,-4.404060314E1
8.587415576E2,-4.636679884E1
8.588458796E2,-4.885885072E1
8.589521835E2,-4.748372946E1
8.590584515E2,-4.861031803E1
8.591637996E2,-4.843790528E1
8.592701340E2,-4.641480912E1
8.593752661E2,-4.487306902E1
8.594792498E2,-4.656669785E1
8.595825715E2,-4.690000127E1
8.596889273E2,-4.759509110E1
8.597923774E2,-4.658879376E1
8.598960034E2,-4.687657597E1
8.600022587E2,-4.712754286E1
8.601086371E2,-4.784894943E1
8.602127311E2,-4.791983193E1
8.603155502E2,-4.808026999E1
8.604219123E2,-4.592492206E1
8.605263562E2,-4.669261647E1
8.606293953E2,-4.424119992E1
8.607356355E2,-4.360888034E1
8.608415527E2,-4.667143427E1
8.609460636E2,-4.483850479E1
8.610523967E2,-4.939863004E1
8.611586965E2,-4.635244671E1
8.612628452E2,-4.610992970E1
8.613649681E2,-4.775320559E1
8.614676884E2,-4.742252059E1
8.615734183E2,-4.517314258E1
8.616789526E2,-4.521854374E1
8.617801270E2,-4.595438602E1
8.618856855E2,-4.794805340E1
8.619919906E2,-4.944563220E1
8.620961739E2,-4.847396122E1
8.622024740E2,-4.773615346E1
8.623088470E2,-5.004764671E1
8.624128962E2,-4.838245424E1
8.625160208E2,-4.914023098E1
8.626223028E2,-4.795293982E1
8.627272177E2,-4.893225370E1
8.628295525E2,-4.855466327E1
8.629357925E2,-4.679406506E1
8.630365848E2,-4.823921218E1
8.631409974E2,-4.817198881E1
8.632463530E2,-4.982178807E1
8.633527636E2,-4.984098996E1
8.634591625E2,-4.987603125E1
8.635629378E2,-4.788514051E1
8.636676003E2,-4.907065036E1
8.637692417E2,-4.965654620E1
8.638718114E2,-5.047915283E1
8.639753398E2,-4.775750532E1
8.640802462E2,-4.729064438E1
8.641817406E2,-5.039779711E1
8.642829387E2,-4.722961808E1
8.643884595E2,-4.772792359E1
8.644913925E2,-4.616661896E1
8.645967541E2,-4.887626569E1
8.646984970E2,-4.785141059E1
8.648048225E2,-4.792337419E1
8.649068814E2,-4.642870416E1
8.650131213E2,-4.768298788E1
8.651151645E2,-4.647762430E1
8.652173505E2,-4.895301962E1
8.653235912E2,-4.922789653E1
8.654297617E2,-4.794382130E1
8.655305519E2,-5.070132182E1
8.656368261E2,-4.887716084E1
8.657415701E2,-4.964417861E1
8.658464427E2,-4.985503389E1
8.659524373E2,-4.845713497E1
8.660560535E2,-4.570150583E1
8.661624011E2,-4.793807883E1
8.662653384E2,-4.955193993E1
8.663707742E2,-4.890185401E1
8.664771415E2,-4.923649782E1
8.665806843E2,-4.722262581E1
8.666869739E2,-5.080650111E1
8.667925310E2,-5.092642580E1
8.668965590E2,-4.991643449E1
8.669993269E2,-5.080442802E1
8.671042056E2,-4.882107902E1
8.672079319E2,-4.668240747E1
8.673132437E2,-5.017432460E1
8.674195744E2,-4.993441029E1
8.675259323E2,-4.918739856E1
8.676299197E2,-4.935544296E1
8.677363232E2,-4.782872929E1
8.678415780E2,-4.731280221E1
8.679465839E2,-4.897915662E1
8.680524454E2,-4.921567633E1
8.681582522E2,-4.959364646E1
8.682633993E2,-4.830410723E1
8.683698705E2,-4.797918846E1
8.684762563E2,-4.951391221E1
8.685799713E2,-4.850550226E1
8.686859198E2,-4.910509905E1
8.687923747E2,-4.948992894E1
8.688967455E2,-4.961704957E1
8.690030661E2,-5.019277196E1
8.691095405E2,-4.861905816E1
8.692133383E2,-4.946586165E1
8.693194934E2,-5.002745517E1
8.694234187E2,-4.760427927E1
8.695272298E2,-4.915064813E1
8.696300431E2,-5.082385386E1
8.697318312E2,-4.981844479E1
8.698370292E2,-5.030069972E1
8.699416556E2,-4.976738224E1
8.700468038E2,-4.946170335E1
8.701490802E2,-5.038098425E1
8.702547165E2,-4.845608284E1
8.703604261E2,-4.769003251E1
8.704657483E2,-5.068531316E1
8.705714592E2,-5.033121110E1
8.706778315E2,-4.818495890E1
8.707823219E2,-5.158584899E1
8.708881155E2,-5.112339934E1
8.709944900E2,-4.877632959E1
8.710990918E2,-5.112975857E1
8.712047693E2,-4.860634510E1
8.713098985E2,-4.993778375E1
8.714157333E2,-4.963149351E1
8.715214950E2,-4.871614749E1
8.716267000E2,-4.961551262E1
8.717323655E2,-4.337478472E1
8.718380716E2,-3.452494471E1
8.719433808E2,-3.470695993E1
8.720490722E2,-3.108295038E1
8.721547188E2,-4.038458958E1
8.722595616E2,-4.311236819E1
8.723657994E2,-3.873481998E1
8.724714583E2,-3.577945452E1
8.729279523E2,-4.149496981E1
8.730333172E2,-4.992369525E1
8.731389549E2,-4.716184726E1
8.732448658E2,-4.827321958E1
8.733502146E2,-4.856968887E1
8.734527537E2,-5.088798201E1
8.735584671E2,-5.163921186E1
8.736643049E2,-5.231685112E1
8.737668772E2,-4.921538541E1
8.738732636E2,-4.988405337E1
8.739782690E2,-4.730562592E1
8.740835333E2,-4.960852794E1
8.741851919E2,-4.929484721E1
8.742915956E2,-4.725998663E1
8.743949322E2,-4.611501921E1
8.744994297E2,-4.755125133E1
8.746052991E2,-4.793997709E1
8.747112027E2,-4.745331013E1
8.748168799E2,-4.748614402E1
8.749232220E2,-4.835382117E1
8.750283104E2,-4.639412785E1
8.751335172E2,-4.861828900E1
8.752403090E2,-4.782462154E1
8.753449885E2,-4.740207960E1
8.754502119E2,-4.850071414E1
8.755545582E2,-4.806916728E1
8.756592678E2,-4.759362577E1
8.757616757E2,-4.773431022E1
8.758668527E2,-4.926405609E1
8.759731771E2,-5.072648601E1
8.760783780E2,-4.406852960E1
8.761835162E2,-4.445907159E1
8.762900478E2,-4.370608851E1
8.763951687E2,-4.117738931E1
8.765002945E2,-4.057513975E1
8.766067055E2,-4.538993561E1
8.767117650E2,-3.907184550E1
8.768169335E2,-3.932662967E1
8.769232886E2,-4.334088081E1
8.770285002E2,-4.754742331E1
8.771335403E2,-4.672492084E1
8.772398209E2,-4.506717505E1
8.773451018E2,-4.803442861E1
8.774501994E2,-4.836358880E1
8.775565507E2,-4.828312965E1
8.776618938E2,-4.973567736E1
8.777668480E2,-4.259331216E1
8.778699787E2,-4.059357580E1
8.779763505E2,-4.372169361E1
8.780784957E2,-4.877195643E1
8.781836324E2,-4.203652907E1
8.782866873E2,-3.912033581E1
8.783919177E2,-3.953246236E1
8.784953556E2,-4.798087090E1
8.785995761E2,-4.973126310E1
8.787031968E2,-4.829735889E1
8.788089029E2,-4.976488641E1
8.789118249E2,-4.822188180E1
8.790169562E2,-4.888250201E1
8.791198698E2,-5.044118137E1
8.792255697E2,-4.962119222E1
8.793286341E2,-4.764829756E1
8.794335032E2,-4.939525387E1
8.795367353E2,-4.900355731E1
8.796428277E2,-5.018008926E1
8.797453252E2,-5.006583665E1
8.798501630E2,-4.798166072E1
8.799533208E2,-5.049445034E1
8.800594035E2,-4.831284176E1
8.801620702E2,-4.973055310E1
8.802668452E2,-4.783452736E1
8.803699932E2,-4.911267486E1
8.804735333E2,-4.925936945E1
8.805787616E2,-5.040892536E1
8.806830350E2,-4.794282011E1
8.807890581E2,-4.894593635E1
8.808954411E2,-4.466202473E1
8.810001924E2,-4.642340887E1
8.811033259E2,-4.771575535E1
8.812083992E2,-4.495607790E1
8.813121242E2,-5.068035777E1
8.814168402E2,-4.505827630E1
8.815200151E2,-4.736787104E1
8.816250938E2,-4.837041335E1
8.817288263E2,-4.822393795E1
8.818335295E2,-4.997812226E1
8.819366597E2,-4.849771392E1
8.820409915E2,-4.840663660E1
8.821455267E2,-4.946083721E1
8.822522476E2,-4.934362049E1
8.823586170E2,-5.038047117E1
8.824622212E2,-5.024931533E1
8.825668988E2,-4.961536376E1
8.826705587E2,-4.912995577E1
8.827730992E2,-4.958897691E1
8.828783748E2,-4.801272452E1
8.829854389E2,-4.843853751E1
8.830872316E2,-4.827080112E1
8.831910963E2,-4.926304230E1
8.832956222E2,-4.821075854E1
8.834019348E2,-4.575410914E1
8.835034380E2,-4.966767481E1
8.836059469E2,-4.938664686E1
8.837118109E2,-4.815604224E1
8.838175264E2,-5.008036229E1
8.839200947E2,-5.095711476E1
8.840267539E2,-4.594776656E1
8.841290033E2,-4.557890410E1
8.842343553E2,-5.071406405E1
8.843365413E2,-4.865277435E1
8.844385455E2,-5.011724951E1
8.845449336E2,-4.819113292E1
8.846507003E2,-5.053001184E1
8.847532210E2,-4.815359714E1
8.848594363E2,-4.674758726E1
8.849624332E2,-4.993809447E1
8.850674587E2,-4.941468753E1
8.851700544E2,-4.931646198E1
8.852766300E2,-5.023505424E1
8.853791292E2,-5.022432590E1
8.854838212E2,-4.788491738E1
8.855866184E2,-4.929055874E1
8.856931400E2,-4.920708767E1
8.857958135E2,-4.913519409E1
8.859007786E2,-4.567007304E1
8.860032486E2,-4.989009135E1
8.861097245E2,-5.035527311E1
8.862124927E2,-5.008570793E1
8.863173933E2,-4.590490578E1
8.864199442E2,-4.818412248E1
8.865265567E2,-4.695527405E1
8.866292184E2,-4.733413098E1
8.867341302E2,-4.679091851E1
8.868365787E2,-4.985063563E1
8.869431709E2,-5.081020811E1
8.870459171E2,-4.998472985E1
8.871507580E2,-5.033772861E1
8.872532106E2,-4.910581818E1
8.873593320E2,-4.761023729E1
8.874626662E2,-4.597736208E1
8.875674037E2,-4.944686094E1
8.876698889E2,-4.907266940E1
8.877718657E2,-4.967891173E1
8.878781472E2,-4.951035834E1
8.879841684E2,-4.901495627E1
8.880865778E2,-5.050056177E1
8.881909362E2,-4.866959521E1
8.882959906E2,-5.084348255E1
8.884006847E2,-4.759156896E1
8.885032759E2,-4.948733181E1
8.886098348E2,-4.947888216E1
8.887126855E2,-5.091642280E1
8.888174426E2,-4.614531642E1
8.889198770E2,-4.611819295E1
8.890261720E2,-4.900197760E1
8.891292859E2,-5.001161328E1
8.892340513E2,-4.878478613E1
8.893365530E2,-4.877382492E1
8.894428647E2,-5.099710653E1
8.895460011E2,-4.727040731E1
8.896507438E2,-4.933851248E1
8.897532327E2,-4.823365124E1
8.898593593E2,-5.124380574E1
8.899627648E2,-4.806242409E1
8.900674973E2,-4.829834095E1
8.901699325E2,-4.773721413E1
8.902761872E2,-4.644817513E1
8.903794897E2,-4.456172156E1
8.904841194E2,-4.313261896E1
8.905898393E2,-4.522539057E1
8.906958275E2,-4.927119019E1
8.908022545E2,-4.212167349E1
8.909040467E2,-4.079085771E1
8.910055663E2,-4.601515839E1
8.911115813E2,-4.233297311E1
8.912128607E2,-4.082599291E1
8.913191988E2,-3.880144365E1
8.914207464E2,-3.961656814E1
8.915223354E2,-4.104039706E1
8.916286893E2,-4.364641365E1
8.917351223E2,-4.942484584E1
8.918373246E2,-5.024890788E1
8.919393333E2,-4.984427024E1
8.920418045E2,-5.047853018E1
8.921462339E2,-4.925977871E1
8.922483177E2,-4.956520332E1
8.923540405E2,-4.832067287E1
8.924594595E2,-4.922365575E1
8.925629853E2,-5.027259016E1
8.926694712E2,-4.823631775E1
8.927726844E2,-4.813053885E1
8.928789838E2,-4.883965984E1
8.929842868E2,-4.853300515E1
8.930873218E2,-5.118080582E1
8.931893246E2,-4.522963865E1
8.932949583E2,-4.685639570E1
8.933964270E2,-4.553225126E1
8.935028975E2,-4.700286385E1
8.936063497E2,-4.817750450E1
8.937126188E2,-4.750547232E1
8.938190012E2,-4.816658853E1
8.939206181E2,-4.982872322E1
8.940229633E2,-4.553893501E1
8.941293243E2,-4.684550741E1
8.942357635E2,-4.753714568E1
8.943373258E2,-4.950455199E1
8.944405842E2,-4.491872098E1
8.945464590E2,-4.694911091E1
8.946528714E2,-4.654424342E1
8.947571824E2,-4.824090714E1
8.948631455E2,-4.925781456E1
8.949695611E2,-5.006800534E1
8.950738405E2,-4.754525187E1
8.951798357E2,-4.870525312E1
8.952863345E2,-4.739765857E1
8.953906546E2,-4.760504371E1
8.954965425E2,-4.707718710E1
8.956017965E2,-4.452399608E1
8.957039735E2,-3.671798410E1
8.958071660E2,-3.927139801E1
8.959132519E2,-4.590839495E1
8.960174068E2,-3.582090060E1
8.961198719E2,-4.780499785E1
8.962263742E2,-4.950586708E1
8.963298254E2,-4.752353006E1
8.964341250E2,-4.787502147E1
8.965365690E2,-5.042240744E1
8.966412557E2,-5.119000498E1
8.967465875E2,-4.894098963E1
8.968534712E2,-4.676563856E1
8.969593785E2,-4.802831274E1
8.970633308E2,-4.791554084E1
8.971696896E2,-4.513765671E1
8.972760332E2,-4.624548474E1
8.973801039E2,-4.502110339E1
8.974867217E2,-4.768210010E1
8.975931645E2,-4.800392522E1
8.976967104E2,-5.061421634E1
8.978012089E2,-4.951199313E1
8.979039475E2,-5.011164715E1
8.980105038E2,-5.040776573E1
8.981133846E2,-4.966308585E1
8.982189977E2,-4.849970394E1
8.983237840E2,-4.863720400E1
8.984301191E2,-5.021460549E1
8.985336306E2,-4.912026003E1
8.986372978E2,-4.373013139E1
8.987436782E2,-4.428144886E1
8.988467557E2,-4.568265243E1
8.989532416E2,-4.586140548E1
8.990594192E2,-4.715083772E1
8.991634300E2,-4.697594364E1
8.992698490E2,-4.668167658E1
8.993763525E2,-4.424573555E1
8.994801641E2,-4.532100917E1
8.995862680E2,-4.932366370E1
8.996925779E2,-4.802075858E1
8.997968794E2,-4.507464592E1
8.999033955E2,-4.688838487E1
9.000076270E2,-4.838739710E1
9.001135281E2,-5.016977195E1
9.002198227E2,-4.638774887E1
9.003261302E2,-4.906099053E1
9.004302591E2,-3.916299985E1
9.005345878E2,-4.248210135E1
9.006374115E2,-4.640325256E1
9.007434531E2,-4.095575140E1
9.008468824E2,-4.404072971E1
9.009528949E2,-4.823899776E1
9.010592235E2,-4.277948154E1
9.011636495E2,-4.396209868E1
9.012676473E2,-3.436901241E1
9.013707015E2,-3.634065538E1
9.014768476E2,-4.280124878E1
9.015803746E2,-3.750498862E1
9.016867764E2,-3.990588089E1
9.017931863E2,-4.032479568E1
9.018969881E2,-4.253808042E1
9.020033210E2,-4.688655929E1
9.021076452E2,-4.647525073E1
9.022137132E2,-4.471140732E1
9.023199400E2,-4.166869895E1
9.024262973E2,-4.084975429E1
9.025303527E2,-4.196801940E1
9.026367105E2,-4.424444711E1
9.027420399E2,-4.849626755E1
9.028470699E2,-4.955477754E1
9.029518406E2,-4.738839532E1
9.030574628E2,-4.027544701E1
9.031637372E2,-2.829704771E1
9.032694035E2,-2.264920566E1
9.033757140E2,-2.047944725E1
9.034803523E2,-2.786375146E1
9.035860225E2,-3.266299747E1
9.036914960E2,-3.719874442E1
9.037967681E2,-4.232396936E1
9.039032880E2,-4.788752503E1
9.040096889E2,-4.857363389E1
9.041138025E2,-4.691278947E1
9.042201909E2,-4.806450428E1
9.043266268E2,-4.190198300E1
9.044305380E2,-3.421912143E1
9.045343617E2,-3.260923977E1
9.046406829E2,-3.440220860E1
9.047467542E2,-3.093528699E1
9.048531569E2,-2.872118614E1
9.049593315E2,-3.296134257E1
9.050639124E2,-3.197469567E1
9.051702877E2,-3.837355329E1
9.052743633E2,-4.379844682E1
9.053806580E2,-4.737102843E1
9.054871490E2,-3.762127897E1
9.055910877E2,-3.614735717E1
9.056973095E2,-3.728044564E1
9.058036730E2,-3.338919853E1
9.059086484E2,-3.634657374E1
9.060140674E2,-3.304967552E1
9.061203666E2,-3.330229743E1
9.062260198E2,-4.197821951E1
9.063314542E2,-3.652902172E1
9.064377116E2,-4.085499633E1
9.065440289E2,-4.765923821E1
9.066481130E2,-4.624801625E1
9.067544312E2,-4.893087109E1
9.068593837E2,-3.817719263E1
9.069640817E2,-3.456935868E1
9.070704145E2,-3.597881456E1
9.071766990E2,-3.774111007E1
9.072815405E2,-3.600135209E1
9.073873981E2,-3.660370227E1
9.074938559E2,-3.507740072E1
9.075982432E2,-4.680967779E1
9.077045305E2,-3.496271034E1
9.078107950E2,-3.613287468E1
9.079148941E2,-3.976453948E1
9.080167077E2,-3.905936962E1
9.081230387E2,-3.952488325E1
9.082292779E2,-4.081270945E1
9.083308964E2,-4.042004768E1
9.084374529E2,-4.056152120E1
9.085394759E2,-4.054038237E1
9.086410286E2,-4.485887030E1
9.087470892E2,-4.436618656E1
9.088536560E2,-4.579109448E1
9.089593987E2,-3.991165090E1
9.090642436E2,-4.290659454E1
9.091707198E2,-4.495622658E1
9.092727825E2,-4.795024713E1
9.093793562E2,-4.033972438E1
9.094809557E2,-4.570803635E1
9.095875130E2,-4.522953017E1
9.096894612E2,-4.726149274E1
9.097958746E2,-4.796184515E1
9.098976282E2,-4.709829381E1
9.100040363E2,-4.234899419E1
9.101061357E2,-4.206428090E1
9.102125855E2,-3.750649260E1
9.103143285E2,-3.686870543E1
9.104178872E2,-4.099619715E1
9.105228020E2,-3.947641247E1
9.106292709E2,-3.622219043E1
9.107310168E2,-4.091125884E1
9.108374622E2,-4.163603963E1
9.109393690E2,-4.716169446E1
9.110417792E2,-4.251891008E1
9.111477062E2,-4.435910589E1
9.112540962E2,-5.093153493E1
9.113594898E2,-5.063973275E1
9.114645142E2,-5.028814538E1
9.115710582E2,-4.871157406E1
9.116728064E2,-4.863642814E1
9.117792228E2,-4.802413971E1
9.118822816E2,-4.878033048E1
9.119887169E2,-4.842633501E1
9.120943145E2,-5.045211716E1
9.121989392E2,-5.142552198E1
9.123044975E2,-4.797353418E1
9.124059209E2,-4.922046483E1
9.125091420E2,-4.824258079E1
9.126144960E2,-4.942676734E1
9.127210025E2,-5.007309409E1
9.128225112E2,-5.013526689E1
9.129288995E2,-4.840476681E1
9.130322787E2,-4.996939731E1
9.131387120E2,-5.049801028E1
9.132451348E2,-5.066991682E1
9.133489768E2,-4.847152999E1
9.134529169E2,-4.885731081E1
9.135558509E2,-4.785195027E1
9.136593747E2,-4.831340347E1
9.137655817E2,-4.918643310E1
9.138720124E2,-4.994059960E1
9.139782705E2,-4.871671963E1
9.140813007E2,-4.837191514E1
9.141877058E2,-4.663675533E1
9.142916434E2,-4.843326059E1
9.143979856E2,-5.041991552E1
9.145044303E2,-4.762341469E1
9.146060157E2,-4.890824572E1
9.147123420E2,-4.902247905E1
9.148146516E2,-4.762058169E1
9.149209617E2,-5.003624528E1
9.150226661E2,-4.969309936E1
9.151276496E2,-4.686807622E1
9.152313511E2,-4.760236365E1
9.153378103E2,-4.865131592E1
9.154393690E2,-5.029472389E1
9.155457500E2,-4.860881604E1
9.156480619E2,-4.992299374E1
9.157544469E2,-5.083700810E1
9.158594019E2,-4.931399099E1
9.159646806E2,-5.035665447E1
9.160655547E2,-4.793003039E1
9.161720433E2,-4.991780331E1
9.162788812E2,-5.004398993E1
9.163814670E2,-5.064374164E1
9.164878215E2,-4.875676479E1
9.165893327E2,-4.760299650E1
9.166911064E2,-4.850374498E1
9.167974727E2,-4.909287571E1
9.169009922E2,-4.769117399E1
9.170059836E2,-4.377904771E1
9.171109426E2,-4.071066185E1
9.172148060E2,-4.453444596E1
9.173211355E2,-4.763531232E1
9.174226743E2,-5.029774339E1
9.175289850E2,-5.070819130E1
9.176315226E2,-5.129099985E1
9.177373064E2,-4.889103627E1
9.178392800E2,-5.016131580E1
9.179456000E2,-4.912773621E1
9.180482468E2,-4.822505315E1
9.181545776E2,-4.768788969E1
9.182594015E2,-5.074207985E1
9.183649764E2,-4.788218303E1
9.184713515E2,-4.752219418E1
9.185776808E2,-4.604728546E1
9.186816163E2,-4.389183727E1
9.187879698E2,-4.438629492E1
9.188941792E2,-4.203695566E1
9.189983233E2,-4.483013660E1
9.191046873E2,-4.416871586E1
9.192109837E2,-4.470158173E1
9.193150648E2,-4.891154891E1
9.194209901E2,-4.710523882E1
9.195267201E2,-4.151171734E1
9.196316697E2,-4.266522426E1
9.197337036E2,-4.028767654E1
9.198400192E2,-4.685118355E1
9.199463841E2,-4.011233453E1
9.200484057E2,-3.862085746E1
9.201547233E2,-4.456250636E1
9.202593990E2,-3.627091260E1
9.203651147E2,-3.937689968E1
9.204714127E2,-3.564076517E1
9.205777472E2,-4.120745068E1
9.206818454E2,-4.780473812E1
9.207881847E2,-4.774315744E1
9.208929051E2,-4.695766469E1
9.209985137E2,-4.770880840E1
9.211048407E2,-5.150117863E1
9.212111496E2,-4.562375214E1
9.213151672E2,-4.684013629E1
9.214215625E2,-4.279331498E1
9.215278405E2,-4.844594088E1
9.216318294E2,-5.125478492E1
9.217380844E2,-4.748257163E1
9.218443033E2,-4.578167751E1
9.219484651E2,-4.873628244E1
9.220547698E2,-4.953097787E1
9.221592902E2,-4.713285155E1
9.222651573E2,-4.860810865E1
9.223714522E2,-4.814326113E1
9.224778035E2,-5.039587313E1
9.225818607E2,-4.959059726E1
9.226882417E2,-4.937147861E1
9.227942488E2,-4.984995346E1
9.228986228E2,-4.993681705E1
9.230050223E2,-4.831461378E1
9.231108982E2,-4.800252369E1
9.232152876E2,-4.982733844E1
9.233218195E2,-4.895164868E1
9.234276160E2,-4.526251291E1
9.235320150E2,-4.549422148E1
9.236385671E2,-4.691824918E1
9.237442391E2,-4.700170614E1
9.238486997E2,-4.678974478E1
9.239550830E2,-4.946812814E1
9.240608967E2,-4.188430094E1
9.241653912E2,-4.668426783E1
9.242718688E2,-4.860789101E1
9.243775878E2,-4.673021645E1
9.244820976E2,-3.770879143E1
9.245884087E2,-4.529235844E1
9.246917491E2,-4.653474748E1
9.247938332E2,-4.829793326E1
9.248987783E2,-4.893795186E1
9.250050930E2,-5.003142394E1
9.251105058E2,-4.944208773E1
9.252154546E2,-4.859738091E1
9.253219981E2,-4.643057128E1
9.254246840E2,-4.945575259E1
9.255271410E2,-4.968053253E1
9.256321595E2,-4.978729905E1
9.257385649E2,-4.957239799E1
9.258417346E2,-4.702943441E1
9.259438399E2,-4.887568390E1
9.260488722E2,-5.031013176E1
9.261553301E2,-4.951413530E1
9.262584250E2,-4.865350124E1
9.263605150E2,-5.060955478E1
9.264655704E2,-5.195274074E1
9.265719516E2,-4.943286484E1
9.266750808E2,-4.840180518E1
9.267772536E2,-4.778839796E1
9.268822427E2,-4.751690624E1
9.269885670E2,-4.587056550E1
9.270917758E2,-4.756576147E1
9.271939478E2,-4.766965379E1
9.272990196E2,-4.613301786E1
9.274055668E2,-4.847878735E1
9.275084154E2,-4.616539279E1
9.276104916E2,-4.770483486E1
9.277156245E2,-4.701714837E1
9.278219878E2,-4.868414675E1
9.279250375E2,-3.611111564E1
9.280271286E2,-4.469514555E1
9.281322822E2,-4.799915945E1
9.282375967E2,-4.713334628E1
9.283417506E2,-4.842607272E1
9.284438191E2,-4.995817357E1
9.285490302E2,-4.581426427E1
9.286554124E2,-5.102736631E1
9.287584653E2,-4.794903324E1
9.288605336E2,-4.860346349E1
9.289657449E2,-4.811603148E1
9.290687895E2,-4.853497255E1
9.291743249E2,-4.965796396E1
9.292772395E2,-4.542455664E1
9.293824579E2,-4.811883332E1
9.294880294E2,-4.874858715E1
9.295943462E2,-4.978838716E1
9.296991478E2,-4.713663568E1
9.298046770E2,-4.825646938E1
9.299109430E2,-4.661195770E1
9.300157758E2,-4.964325183E1
9.301214103E2,-4.916731351E1
9.302276403E2,-4.560654118E1
9.303324932E2,-4.502877975E1
9.304380609E2,-4.459483124E1
9.305443007E2,-4.574628038E1
9.306491457E2,-4.488273364E1
9.307547322E2,-4.351268379E1
9.308609835E2,-4.428621246E1
9.309658762E2,-4.652305510E1
9.310714256E2,-4.545515980E1
9.311776247E2,-4.665585896E1
9.312826728E2,-4.679899826E1
9.313880779E2,-4.548047138E1
9.314942747E2,-4.708340517E1
9.315992248E2,-4.545855689E1
9.317047099E2,-4.719833345E1
9.318110474E2,-4.718584016E1
9.319159023E2,-4.460293535E1
9.320213844E2,-4.714298914E1
9.321276059E2,-4.671857141E1
9.322326675E2,-4.610388157E1
9.323381065E2,-4.676844776E1
9.324443140E2,-4.530893777E1
9.325492823E2,-3.720405925E1
9.326547711E2,-4.527938131E1
9.327594280E2,-4.593394984E1
9.328655314E2,-4.492081751E1
9.329709146E2,-4.610198229E1
9.330772702E2,-4.765048754E1
9.331826708E2,-4.840490065E1
9.332881682E2,-4.591358902E1
9.333946330E2,-4.570148507E1
9.334993701E2,-4.317095023E1
9.336047590E2,-4.567329469E1
9.337110882E2,-4.949311659E1
9.338160825E2,-4.713973542E1
9.339213817E2,-5.070314637E1
9.340276708E2,-4.799412409E1
9.341327792E2,-5.032222399E1
9.342376778E2,-4.703128131E1
9.343442135E2,-4.780878812E1
9.344494160E2,-4.096318455E1
9.345547454E2,-4.538937489E1
9.346593812E2,-5.037399877E1
9.347656840E2,-4.684914864E1
9.348714560E2,-4.748017652E1
9.349777768E2,-4.783654164E1
9.350828400E2,-4.583483967E1
9.351880649E2,-5.134854715E1
9.352944069E2,-4.793860392E1
9.353995272E2,-4.588697548E1
9.355047515E2,-4.507648620E1
9.356104387E2,-4.868678453E1
9.357161904E2,-5.172416235E1
9.358213864E2,-5.082899657E1
9.359266975E2,-4.840277895E1
9.360329017E2,-4.944243505E1
9.361381090E2,-4.786088378E1
9.362445362E2,-4.843473616E1
9.363495836E2,-4.912268625E1
9.364547663E2,-4.718557101E1
9.365593672E2,-4.779918457E1
9.366656298E2,-5.078003034E1
9.367707998E2,-4.664760381E1
9.368743277E2,-4.816661477E1
9.369804632E2,-5.001708228E1
9.370829780E2,-4.786308400E1
9.371875535E2,-4.913126631E1
9.372940116E2,-4.801618403E1
9.373996745E2,-5.041841408E1
9.375046943E2,-4.792459526E1
9.376109801E2,-4.928693118E1
9.377163387E2,-4.904794058E1
9.378213528E2,-4.793219131E1
9.379276155E2,-4.788037135E1
9.380330775E2,-4.774712004E1
9.381381650E2,-4.917960385E1
9.382445570E2,-4.656005143E1
9.383497951E2,-4.868709085E1
9.384547457E2,-4.952605419E1
9.385593512E2,-5.019952940E1
9.386656639E2,-5.003626040E1
9.387713958E2,-4.814783366E1
9.388777799E2,-5.069791860E1
9.389831332E2,-4.992624093E1
9.390877619E2,-4.893077329E1
9.391942107E2,-4.808401129E1
9.392998022E2,-4.443939428E1
9.394062009E2,-4.740449410E1
9.395097116E2,-4.546917583E1
9.396160209E2,-4.671610191E1
9.397209768E2,-4.827980306E1
9.398266258E2,-4.797583779E1
9.399327248E2,-4.948458390E1
9.400385584E2,-4.568577174E1
9.401410420E2,-4.587627009E1
9.402440548E2,-4.717636470E1
9.403498929E2,-4.691480009E1
9.404529670E2,-4.699032470E1
9.405593561E2,-4.606765966E1
9.406636070E2,-4.795070440E1
9.407667041E2,-4.620781132E1
9.408730460E2,-4.695723936E1
9.409767934E2,-4.823371617E1
9.410828442E2,-4.712683985E1
9.411891572E2,-4.673537054E1
9.412955752E2,-4.631816727E1
9.414010752E2,-4.595402433E1
9.415074666E2,-4.816805839E1
9.416137575E2,-5.026406013E1
9.417174735E2,-4.384000691E1
9.418233632E2,-4.646249447E1
9.419296395E2,-4.973287727E1
9.420341601E2,-4.841803876E1
9.421404920E2,-4.639197191E1
9.422467747E2,-4.673099927E1
9.423500365E2,-4.588045216E1
9.424528985E2,-4.533427783E1
9.425593179E2,-4.764587391E1
9.426656142E2,-4.792346918E1
9.427675147E2,-4.743844354E1
9.428738142E2,-4.608212422E1
9.429801490E2,-4.636816979E1
9.430842437E2,-4.802034241E1
9.431906903E2,-4.774819724E1
9.432971044E2,-4.666214560E1
9.434009356E2,-4.918294914E1
9.435072786E2,-4.222473650E1
9.436136146E2,-4.275779254E1
9.437176070E2,-4.482788951E1
9.438239115E2,-4.020774437E1
9.439269242E2,-4.039498531E1
9.440330540E2,-3.610786099E1
9.441394610E2,-4.063256756E1
9.442458380E2,-4.721024682E1
9.443510256E2,-4.600557466E1
9.444570137E2,-4.662983943E1
9.445593586E2,-4.909149913E1
9.446657237E2,-4.927235772E1
9.447677044E2,-4.761709240E1
9.448740542E2,-5.038757765E1
9.449803665E2,-5.057153902E1
9.450843771E2,-4.797609772E1
9.451907858E2,-4.864207112E1
9.452972288E2,-4.869179403E1
9.454010619E2,-4.780225579E1
9.455073507E2,-4.709653439E1
9.456137619E2,-4.882143604E1
9.457169549E2,-4.792659203E1
9.458178070E2,-4.984939667E1
9.459208168E2,-5.026474588E1
9.460271146E2,-5.008775165E1
9.461332581E2,-5.039894222E1
9.462389857E2,-4.872631839E1
9.463452893E2,-4.854289125E1
9.464504810E2,-4.696732383E1
9.465568319E2,-4.857509680E1
9.466604607E2,-4.992935435E1
9.467666477E2,-4.857490250E1
9.468730334E2,-4.987132104E1
9.469771283E2,-4.767947145E1
9.470833562E2,-4.905927487E1
9.471877324E2,-4.936594859E1
9.472937888E2,-4.788260062E1
9.473999815E2,-4.672268885E1
9.475062833E2,-4.916380704E1
9.476103977E2,-4.762968201E1
9.477166646E2,-4.999038911E1
9.478229954E2,-4.838080348E1
9.479271027E2,-4.935234292E1
9.480333780E2,-4.785222938E1
9.481396901E2,-4.171267167E1
9.482437353E2,-4.256298328E1
9.483500225E2,-4.360970541E1
9.484528402E2,-4.458188581E1
9.485591912E2,-4.180648018E1
9.486654741E2,-4.408776226E1
9.487671722E2,-4.558819293E1
9.488735473E2,-4.490514197E1
9.489771175E2,-4.789882297E1
9.490834509E2,-4.970478237E1
9.491898430E2,-4.827060114E1
9.492938020E2,-4.561575597E1
9.494001598E2,-4.777053818E1
9.495066687E2,-4.895473106E1
9.496104885E2,-4.961013169E1
9.497167727E2,-4.326044436E1
9.498180200E2,-4.779327139E1
9.499243356E2,-5.011900668E1
9.500271108E2,-4.880332538E1
9.501335168E2,-5.049333782E1
9.502398667E2,-4.847896065E1
9.503443618E2,-4.742891447E1
9.504506921E2,-4.722744029E1
9.505569597E2,-4.596500330E1
9.506604370E2,-4.407207720E1
9.507666828E2,-4.442058960E1
9.508681082E2,-4.585718539E1
9.509744332E2,-4.905076638E1
9.510770695E2,-4.892575638E1
9.511817420E2,-4.777695711E1
9.512841002E2,-4.866213822E1
9.513904818E2,-4.946277895E1
9.514937508E2,-5.006878491E1
9.515976493E2,-4.921854105E1
9.517007706E2,-4.817572724E1
9.518070634E2,-4.841472917E1
9.519104443E2,-4.771418596E1
9.520166781E2,-5.053692979E1
9.521182540E2,-4.708419022E1
9.522240107E2,-4.953274554E1
9.523278658E2,-4.838261075E1
9.524341507E2,-4.784230332E1
9.525405226E2,-4.963773143E1
9.526438286E2,-4.816831988E1
9.527455208E2,-4.921262591E1
9.528508260E2,-4.843796946E1
9.529571447E2,-4.949065725E1
9.530593876E2,-4.952143368E1
9.531610903E2,-4.821906715E1
9.532671252E2,-4.690591162E1
9.533735038E2,-4.537337415E1
9.534798092E2,-4.532738430E1
9.535842302E2,-4.610690332E1
9.536906535E2,-4.421448340E1
9.537969622E2,-4.743467338E1
9.539009459E2,-4.785236060E1
9.540072344E2,-4.624646452E1
9.541121486E2,-4.527573343E1
9.542176160E2,-4.789681548E1
9.543239953E2,-4.957074391E1
9.544303580E2,-4.794136690E1
9.545351040E2,-4.678188357E1
9.546413404E2,-4.696213315E1
9.547476685E2,-4.619153932E1
9.548509615E2,-4.678254925E1
9.549573170E2,-4.459841781E1
9.550593752E2,-4.777602784E1
9.551646818E2,-4.792612322E1
9.552676107E2,-4.535509317E1
9.553733073E2,-4.483202905E1
9.554795443E2,-4.633065772E1
9.555843712E2,-4.537549820E1
9.556899748E2,-4.622994320E1
9.557962812E2,-5.045630053E1
9.559010550E2,-4.868335034E1
9.560066095E2,-4.779370349E1
9.561098383E2,-4.669508396E1
9.562158168E2,-4.689285524E1
9.563185746E2,-4.771294285E1
9.564249342E2,-4.965849176E1
9.565281960E2,-4.945518195E1
9.566344262E2,-4.765634072E1
9.567407407E2,-4.579785952E1
9.568470044E2,-4.630473566E1
9.569519624E2,-5.024516478E1
9.570582408E2,-4.832758726E1
9.571646070E2,-4.550284377E1
9.572679502E2,-4.646013912E1
9.573742284E2,-5.011886587E1
9.574804936E2,-4.896790476E1
9.575845871E2,-4.581487088E1
9.576876645E2,-4.466153104E1
9.577939514E2,-4.635300782E1
9.578977788E2,-4.700242521E1
9.580012836E2,-4.957159786E1
9.581077879E2,-4.718954029E1
9.582141078E2,-4.863241451E1
9.583179831E2,-5.108570650E1
9.584243997E2,-4.806462828E1
9.585307102E2,-4.873453336E1
9.586346002E2,-4.909324747E1
9.587377727E2,-4.954409110E1
9.588412592E2,-4.808455752E1
9.589475791E2,-4.821905957E1
9.590513078E2,-4.804031292E1
9.591573480E2,-4.611920210E1
9.592593604E2,-4.567902027E1
9.593656877E2,-4.608874569E1
9.594688436E2,-4.920241202E1
9.595751980E2,-4.390059162E1
9.596778647E2,-4.712606997E1
9.597842032E2,-4.408887276E1
9.598905125E2,-4.679333092E1
9.599945202E2,-4.840358974E1
9.601008299E2,-4.811054868E1
9.602074390E2,-4.694050825E1
9.603137632E2,-4.780781465E1
9.604180850E2,-4.836781713E1
9.605244130E2,-4.938519880E1
9.606284921E2,-4.856434959E1
9.607347502E2,-4.569483013E1
9.608376459E2,-4.754973916E1
9.609427966E2,-4.520041909E1
9.610452885E2,-4.654875101E1
9.611514400E2,-4.795048437E1
9.612522436E2,-4.694188635E1
9.613586391E2,-4.756257623E1
9.614618181E2,-4.635016694E1
9.615681345E2,-4.959492278E1
9.616715172E2,-4.833432885E1
9.617775534E2,-4.777594800E1
9.618838007E2,-4.767825696E1
9.619856233E2,-5.103103195E1
9.620871639E2,-4.225765821E1
9.621910163E2,-3.860551023E1
9.622952052E2,-4.379902050E1
9.624010942E2,-4.111278809E1
9.625074145E2,-3.914223514E1
9.626110519E2,-4.027202945E1
9.627173115E2,-4.104955470E1
9.628190343E2,-4.325499678E1
9.629246221E2,-3.935985785E1
9.630284908E2,-3.894609826E1
9.631346375E2,-3.898430608E1
9.632376150E2,-3.986939253E1
9.633438941E2,-4.447573812E1
9.634452185E2,-4.355952961E1
9.635511829E2,-4.464848769E1
9.636563745E2,-4.563385277E1
9.637618163E2,-4.194395634E1
9.638679137E2,-4.252831015E1
9.639742510E2,-3.636679974E1
9.640785084E2,-4.109112073E1
9.641846017E2,-3.762470837E1
9.642909019E2,-3.829084277E1
9.643952106E2,-4.094590759E1
9.645012822E2,-4.144230330E1
9.646076438E2,-4.309420594E1
9.647118187E2,-4.482466750E1
9.648179414E2,-4.537361634E1
9.649242659E2,-4.662628356E1
9.650284950E2,-4.810260338E1
9.651347510E2,-4.955518740E1
9.652412765E2,-4.763505111E1
9.653452102E2,-4.670600256E1
9.654513419E2,-5.056438985E1
9.655572741E2,-5.088340487E1
9.656593962E2,-4.961539475E1
9.657656497E2,-4.941675616E1
9.658684732E2,-4.778968613E1
9.659734657E2,-4.639578567E1
9.660778730E2,-4.721427744E1
9.661842012E2,-4.920975085E1
9.662906215E2,-4.630592883E1
9.663969967E2,-4.925497752E1
9.665018867E2,-4.665376570E1
9.666072055E2,-4.642768437E1
9.667134793E2,-4.831528399E1
9.668185380E2,-4.663337280E1
9.669238445E2,-4.525720022E1
9.670301462E2,-4.473042211E1
9.671352880E2,-4.719702260E1
9.672405920E2,-4.697889355E1
9.673456623E2,-4.697176976E1
9.674519840E2,-4.614480744E1
9.675572112E2,-4.658150183E1
9.676593855E2,-4.838561511E1
9.677617647E2,-4.626225612E1
9.678681320E2,-4.684163382E1
9.679744916E2,-4.754271158E1
9.680808356E2,-4.673816498E1
9.681853490E2,-4.663620835E1
9.682917174E2,-4.622318611E1
9.683977345E2,-4.926349224E1
9.685020485E2,-5.026004049E1
9.686082897E2,-4.606823946E1
9.687145060E2,-4.751611352E1
9.688187030E2,-4.949882676E1
9.689249972E2,-4.946154743E1
9.690312420E2,-4.703795176E1
9.691354999E2,-4.577962879E1
9.692419204E2,-4.717039942E1
9.693482603E2,-4.854073045E1
9.694521867E2,-4.793527061E1
9.695577197E2,-4.603386350E1
9.696593553E2,-4.949817188E1
9.697656635E2,-4.895138928E1
9.698687849E2,-4.710655509E1
9.699739680E2,-4.726586849E1
9.700771821E2,-4.752796403E1
9.701836392E2,-4.790902966E1
9.702854959E2,-4.888736713E1
9.703910838E2,-4.870338876E1
9.704973848E2,-4.850356925E1
9.706021784E2,-4.793101871E1
9.707076916E2,-4.752794263E1
9.708139623E2,-4.877305397E1
9.709188803E2,-4.674238917E1
9.710244048E2,-5.116159453E1
9.711308030E2,-5.007566640E1
9.712356039E2,-5.019648873E1
9.713410889E2,-4.686670672E1
9.714474629E2,-4.954631042E1
9.715523727E2,-4.935486644E1
9.716578188E2,-5.034666455E1
9.717593768E2,-4.840239749E1
9.718620414E2,-4.933473693E1
9.719677215E2,-5.008018162E1
9.720697953E2,-4.887228287E1
9.721761395E2,-4.850257519E1
9.722825573E2,-4.565445787E1
9.723875865E2,-4.330455268E1
9.724915001E2,-4.356877240E1
9.725978017E2,-4.298559533E1
9.727023372E2,-4.390888233E1
9.728042387E2,-4.226915360E1
9.729105460E2,-4.149389375E1
9.730127580E2,-4.174240481E1
9.731184390E2,-4.267855445E1
9.732208968E2,-4.153629047E1
9.733272250E2,-4.106093759E1
9.734334918E2,-4.160381376E1
9.735375649E2,-4.616781277E1
9.736438993E2,-5.011550747E1
9.737502238E2,-4.948695971E1
9.738523969E2,-4.691061880E1
9.739581969E2,-5.159930313E1
9.740618021E2,-4.987353749E1
9.741681588E2,-5.052553494E1
9.742699166E2,-4.788533706E1
9.743762371E2,-4.975370587E1
9.744784505E2,-5.038536099E1
9.745847120E2,-5.136906723E1
9.746866267E2,-4.929034640E1
9.747928751E2,-5.003700657E1
9.748950027E2,-4.842954033E1
9.750011425E2,-4.801971172E1
9.751026008E2,-4.884000526E1
9.752090435E2,-4.864839786E1
9.753117378E2,-4.818308896E1
9.754179639E2,-4.958920997E1
9.755200280E2,-5.057200757E1
9.756262792E2,-5.174212993E1
9.757325910E2,-4.958912808E1
9.758367099E2,-4.924752494E1
9.759429794E2,-4.993079089E1
9.760457154E2,-4.759999577E1
9.761521033E2,-4.878279000E1
9.762584520E2,-5.089722903E1
9.763647360E2,-4.767882348E1
9.764701493E2,-4.942409741E1
9.765765122E2,-5.065092575E1
9.766827637E2,-4.927345053E1
9.767860154E2,-4.858729128E1
9.768922870E2,-4.717717250E1
9.769986095E2,-5.100213076E1
9.771035192E2,-5.070487763E1
9.772099567E2,-5.208442116E1
9.773111493E2,-4.822129348E1
9.774174320E2,-5.009667802E1
9.775201616E2,-4.850509721E1
9.776259348E2,-4.992295074E1
9.777321735E2,-4.867269251E1
9.778368517E2,-4.726004314E1
9.779409941E2,-5.032459575E1
9.780458447E2,-4.971295581E1
9.781509933E2,-5.062585452E1
9.782535841E2,-4.799320052E1
9.783593483E2,-4.932872700E1
9.784648835E2,-4.963886527E1
9.785702628E2,-4.839424879E1
9.786766659E2,-4.929674448E1
9.787829474E2,-4.863886817E1
9.788869430E2,-4.975744490E1
9.789932161E2,-4.981780612E1
9.790957465E2,-4.916838882E1
9.792001979E2,-4.935432991E1
9.793028631E2,-4.943618638E1
9.794091888E2,-5.205552650E1
9.795155525E2,-4.811849803E1
9.796195122E2,-4.790947993E1
9.797203647E2,-4.867015569E1
9.798266762E2,-4.901953133E1
9.799329881E2,-5.116229903E1
9.800362909E2,-4.981256516E1
9.801427737E2,-4.915978998E1
9.802491029E2,-4.980206732E1
9.803529095E2,-4.707624744E1
9.804592756E2,-4.816009041E1
9.805654038E2,-4.987489414E1
9.806704450E2,-5.099401910E1
9.807741336E2,-4.657965388E1
9.808789969E2,-5.023871475E1
9.809826070E2,-4.901834682E1
9.810863779E2,-5.042804960E1
9.811927662E2,-4.959401940E1
9.812991117E2,-4.954628557E1
9.814030061E2,-4.696361080E1
9.815093007E2,-4.804374202E1
9.816156208E2,-4.929196169E1
9.817197300E2,-4.957406884E1
9.818254014E2,-4.843374877E1
9.819316452E2,-4.553384257E1
9.820364373E2,-4.514222263E1
9.821428892E2,-4.771191525E1
9.822483121E2,-4.730584002E1
9.823530532E2,-4.463723309E1
9.824593640E2,-4.520510004E1
9.825611244E2,-4.572182339E1
9.826674210E2,-4.844579017E1
9.827697571E2,-4.561187080E1
9.828753011E2,-4.775781159E1
9.829815465E2,-4.622559472E1
9.830865279E2,-4.704300354E1
9.831919738E2,-4.791018474E1
9.832983165E2,-4.562398465E1
9.834031295E2,-4.586547042E1
9.835084395E2,-4.767961540E1
9.836140377E2,-4.487633879E1
9.837198232E2,-4.690795930E1
9.838261081E2,-4.896144202E1
9.839303525E2,-4.999068192E1
9.840365753E2,-4.782908995E1
9.841385577E2,-4.929012498E1
9.842448817E2,-4.686037373E1
9.843501642E2,-4.753573096E1
9.844532753E2,-5.001074747E1
9.845593060E2,-4.625945392E1
9.846611517E2,-4.249629405E1
9.847657762E2,-4.514852288E1
9.848699520E2,-4.864566947E1
9.849752060E2,-4.367567702E1
9.850795194E2,-4.347301084E1
9.851858851E2,-4.641350447E1
9.852874119E2,-4.423832382E1
9.853936875E2,-4.556462872E1
9.854961657E2,-4.736214704E1
9.856025028E2,-4.782376895E1
9.857041746E2,-4.644160624E1
9.858104965E2,-4.850398100E1
9.859168073E2,-4.919421059E1
9.860208876E2,-5.069362496E1
9.861272835E2,-4.798378950E1
9.862335846E2,-4.824178229E1
9.863375363E2,-5.008375615E1
9.864438156E2,-5.000937606E1
9.865459985E2,-4.880104664E1
9.866522671E2,-4.215746060E1
9.867542351E2,-4.382446759E1
9.868593795E2,-4.614545185E1
9.869657076E2,-4.519224501E1
9.870709536E2,-4.766604937E1
9.871772835E2,-4.612241084E1
9.872835942E2,-4.622785157E1
9.873875883E2,-4.531415694E1
9.874938721E2,-4.508944063E1
9.876001858E2,-4.588791552E1
9.877042855E2,-4.666964964E1
9.878106357E2,-4.446140722E1
9.879170872E2,-4.776895698E1
9.880202694E2,-4.240963616E1
9.881259917E2,-4.238531425E1
9.882311476E2,-4.241934643E1
9.883368961E2,-4.279940809E1
9.884434632E2,-4.755723190E1
9.885459924E2,-4.831016544E1
9.886522556E2,-4.748650315E1
9.887578346E2,-4.815147963E1
9.888610312E2,-4.938352634E1
9.889673641E2,-4.870012826E1
9.890702967E2,-4.906795241E1
9.891757495E2,-4.838405204E1
9.892820484E2,-4.644942481E1
9.893869842E2,-4.668936936E1
9.894924055E2,-4.712699817E1
9.895987302E2,-4.710631490E1
9.897035951E2,-4.871514707E1
9.898090633E2,-4.822506049E1
9.899146587E2,-4.644305518E1
9.900203705E2,-5.144858668E1
9.901268285E2,-4.937624314E1
9.902301301E2,-4.857812538E1
9.903354548E2,-4.841201813E1
9.904370683E2,-4.767045990E1
9.905410328E2,-5.053684016E1
9.906473145E2,-5.025155411E1
9.907532463E2,-5.191700522E1
9.908592892E2,-5.002039211E1
9.909610320E2,-4.961476534E1
9.910673720E2,-4.864895196E1
9.911712593E2,-5.008448995E1
9.912731141E2,-4.912486827E1
9.913794171E2,-4.930614550E1
9.914856953E2,-5.109940044E1
9.915879392E2,-4.945866984E1
9.916942529E2,-4.949512588E1
9.917981379E2,-4.848947266E1
9.919038034E2,-5.021259563E1
9.920101595E2,-4.705539678E1
9.921166104E2,-4.783812685E1
9.922213300E2,-4.662802641E1
9.923277077E2,-4.846557415E1
9.924310753E2,-4.998070920E1
9.925371797E2,-4.922985498E1
9.926410826E2,-4.732422887E1
9.927474046E2,-4.884409829E1
9.928534523E2,-4.768670235E1
9.929593721E2,-4.778912271E1
9.930657130E2,-5.083571398E1
9.931716063E2,-4.708883189E1
9.932768537E2,-4.939063782E1
9.933816382E2,-4.846781280E1
9.934873173E2,-4.623031455E1
9.935936942E2,-4.906296828E1
9.936999688E2,-4.827410876E1
9.938039765E2,-4.899168371E1
9.939103497E2,-4.981004088E1
9.940167094E2,-4.886057158E1
9.941206606E2,-4.773365729E1
9.942270064E2,-4.744574097E1
9.943334415E2,-4.983662941E1
9.944373593E2,-4.827798862E1
9.945437677E2,-4.851601717E1
9.946477971E2,-4.860776040E1
9.947540289E2,-4.777385962E1
9.948593488E2,-4.967000015E1
9.949657901E2,-4.742074385E1
9.950707343E2,-4.727530318E1
9.951771252E2,-4.883610636E1
9.952834462E2,-4.780786106E1
9.953874515E2,-4.819211218E1
9.954937928E2,-4.807221083E1
9.956001365E2,-4.921501077E1
9.957041080E2,-4.834052810E1
9.958104505E2,-5.100557671E1
9.959166927E2,-4.705024962E1
9.960209089E2,-5.156397501E1
9.961273577E2,-4.985533798E1
9.962303906E2,-4.985843338E1
9.963366422E2,-4.849682203E1
9.964383300E2,-4.851346774E1
9.965446522E2,-4.886818296E1
9.966509534E2,-4.912914808E1
9.967549816E2,-4.854234757E1
9.968593471E2,-4.808370706E1
9.969657531E2,-4.698781905E1
9.970708926E2,-4.786877952E1
9.971772230E2,-5.077427573E1
9.972835933E2,-4.780479787E1
9.973883597E2,-4.740405182E1
9.974943925E2,-4.871365953E1
9.976007474E2,-5.002650340E1
9.977050396E2,-4.742857101E1
9.978112868E2,-4.725062150E1
9.979169222E2,-5.199108290E1
9.980217903E2,-4.772607868E1
9.981244260E2,-5.090104884E1
9.982275258E2,-5.043465990E1
9.983338223E2,-4.911881198E1
9.984384529E2,-4.954202696E1
9.985443796E2,-5.160260930E1
9.986506313E2,-4.966533919E1
9.987551204E2,-5.064004750E1
9.988593877E2,-4.800118703E1
9.989657491E2,-4.946423413E1
9.990710011E2,-4.997724975E1
9.991773246E2,-4.969608800E1
9.992814385E2,-4.288512939E1
9.993876857E2,-4.289520998E1
9.994940392E2,-4.290017139E1
9.996003678E2,-4.295230506E1
9.997051937E2,-4.221442623E1
9.998115012E2,-4.576016938E1
9.999137663E2,-4.984926827E1
1.000019325E3,-4.722888877E1
1.000121885E3,-4.004261868E1
1.000228157E3,-3.896549335E1
1.000334413E3,-4.307950311E1
1.000439107E3,-4.012048041E1
1.000542952E3,-4.225766473E1
1.000649171E3,-4.457533089E1
1.000754427E3,-4.728375293E1
1.000859380E3,-4.932867269E1
1.000965832E3,-4.905899503E1
1.001071175E3,-5.057360479E1
1.001173623E3,-4.825240339E1
1.001279985E3,-4.634275792E1
1.001385800E3,-4.761888537E1
1.001487906E3,-5.006381559E1
1.001594187E3,-5.035268974E1
1.001696216E3,-5.003172361E1
1.001802480E3,-4.833434959E1
1.001904621E3,-4.823187028E1
1.002007263E3,-4.884508449E1
1.002112919E3,-4.996279451E1
1.002219141E3,-4.792049863E1
1.002321247E3,-4.806906372E1
1.002427503E3,-4.761186761E1
1.002534639E3,-4.883950558E1
1.002637936E3,-4.862317009E1
1.002744273E3,-4.943110918E1
1.002850607E3,-4.791392408E1
1.002954682E3,-5.014640715E1
1.003059416E3,-4.877972179E1
1.003164509E3,-4.925250887E1
1.003270855E3,-4.289502313E1
1.003377201E3,-4.160886251E1
1.003483542E3,-4.322138653E1
1.003588022E3,-4.754672855E1
1.003693427E3,-4.128820737E1
1.003799713E3,-4.085259976E1
1.003904711E3,-4.372564701E1
1.004010122E3,-4.469368964E1
1.004116531E3,-4.758568570E1
1.004221375E3,-4.663091164E1
1.004326721E3,-4.613312788E1
1.004431798E3,-4.990346213E1
1.004537672E3,-5.058263464E1
1.004643949E3,-4.353909347E1
1.004750243E3,-4.354481565E1
1.004854759E3,-4.591956476E1
1.004959432E3,-4.813149130E1
1.005064302E3,-4.945439691E1
1.005170655E3,-4.393448684E1
1.005272251E3,-4.497958265E1
1.005378619E3,-4.803943822E1
1.005480981E3,-4.654774417E1
1.005587284E3,-4.600875052E1
1.005691372E3,-4.915116979E1
1.005797637E3,-4.884400122E1
1.005903944E3,-4.570831264E1
1.006005637E3,-4.743736673E1
1.006111976E3,-4.537497396E1
1.006214282E3,-4.714789135E1
1.006315986E3,-4.751171134E1
1.006421537E3,-4.953440686E1
1.006527296E3,-4.745162344E1
1.006630964E3,-5.096530702E1
1.006736076E3,-4.570724647E1
1.006838242E3,-4.977693982E1
1.006944547E3,-4.944491498E1
1.007047663E3,-4.875516509E1
1.007153945E3,-4.883821602E1
1.007259391E3,-4.851969522E1
1.007364311E3,-4.960033055E1
1.007470562E3,-4.690153761E1
1.007572476E3,-4.479510481E1
1.007678729E3,-4.532215300E1
1.007780945E3,-4.590073409E1
1.007887236E3,-4.776251605E1
1.007989163E3,-4.947359084E1
1.008095572E3,-4.925339785E1
1.008197650E3,-4.952048366E1
1.008303952E3,-4.912299639E1
1.008405830E3,-4.926679618E1
1.008508444E3,-4.937521196E1
1.008614287E3,-4.882288992E1
1.008720509E3,-5.157408538E1
1.008822590E3,-4.774678591E1
1.008926694E3,-4.860784292E1
1.009030983E3,-4.759332210E1
1.009137305E3,-5.084112880E1
1.009241173E3,-4.985687677E1
1.009344394E3,-4.668368377E1
1.009447647E3,-4.383907994E1
1.009554011E3,-4.391725288E1
1.009659395E3,-4.509148048E1
1.009764275E3,-4.521783586E1
1.009870571E3,-4.755052847E1
1.009971934E3,-4.857826810E1
1.010078380E3,-4.947658574E1
1.010180984E3,-4.600953242E1
1.010287304E3,-4.672330815E1
1.010389331E3,-4.951568460E1
1.010491170E3,-4.935342514E1
1.010595315E3,-4.875132064E1
1.010701542E3,-4.390864364E1
1.010805257E3,-5.024658832E1
1.010910800E3,-4.469946825E1
1.011013499E3,-5.097394975E1
1.011116303E3,-4.959298363E1
1.011221931E3,-4.887158252E1
1.011327298E3,-5.019542706E1
1.011433311E3,-5.307198530E1
1.011538654E3,-4.782596734E1
1.011644022E3,-4.810575508E1
1.011745417E3,-4.707272406E1
1.011851690E3,-4.928475639E1
1.011955374E3,-4.719560872E1
1.012060715E3,-4.752820542E1
1.012165753E3,-4.947023782E1
1.012271981E3,-4.868977361E1
1.012377390E3,-4.812105820E1
1.012483833E3,-4.796176807E1
1.012588711E3,-4.800427629E1
1.012694046E3,-4.967837807E1
1.012799606E3,-4.871790583E1
1.012905502E3,-4.938595820E1
1.013010738E3,-5.085283820E1
1.013116827E3,-4.881829544E1
1.013222105E3,-4.079993877E1
1.013327376E3,-4.549952762E1
1.013433626E3,-4.716567290E1
1.013538806E3,-4.224544356E1
1.013644019E3,-4.514892297E1
1.013749093E3,-4.874075306E1
1.013855038E3,-4.862535347E1
1.013960667E3,-4.461918368E1
1.014067125E3,-4.735087380E1
1.014172162E3,-4.481654493E1
1.014277441E3,-4.776989507E1
1.014383732E3,-4.981521258E1
1.014488957E3,-4.147609287E1
1.014594048E3,-4.869167234E1
1.014700334E3,-4.724773997E1
1.014805537E3,-3.858034041E1
1.014911162E3,-3.967228299E1
1.015017008E3,-4.182351371E1
1.015122236E3,-4.693960013E1
1.015228630E3,-5.034787923E1
1.015332138E3,-4.306558309E1
1.015437801E3,-4.338846624E1
1.015539735E3,-4.655065263E1
1.015646048E3,-4.796505201E1
1.015748786E3,-4.681748907E1
1.015855048E3,-4.365014260E1
1.015959465E3,-4.469954685E1
1.016065431E3,-4.650688269E1
1.016171820E3,-4.773761859E1
1.016278112E3,-4.824602673E1
1.016382087E3,-4.863240339E1
1.016488385E3,-4.615440492E1
1.016589769E3,-4.344086142E1
1.016696107E3,-4.110626206E1
1.016799413E3,-4.461795994E1
1.016905771E3,-4.322791911E1
1.017012119E3,-4.790699219E1
1.017115371E3,-4.188432799E1
1.017220986E3,-4.663426579E1
1.017322365E3,-3.952865032E1
1.017425667E3,-4.049725597E1
1.017532104E3,-4.554418849E1
1.017638397E3,-4.925893179E1
1.017739861E3,-4.651364514E1
1.017846153E3,-4.744542084E1
1.017948802E3,-4.786498542E1
1.018051155E3,-5.008959514E1
1.018155830E3,-5.069092955E1
1.018259367E3,-4.618556477E1
1.018365419E3,-4.848468587E1
1.018471682E3,-4.622820791E1
1.018577877E3,-4.640423259E1
1.018682013E3,-4.706771020E1
1.018788276E3,-4.862149356E1
1.018890035E3,-4.624461610E1
1.018996429E3,-4.682686342E1
1.019098744E3,-4.937234534E1
1.019201712E3,-4.992471434E1
1.019305901E3,-4.856591389E1
1.019412209E3,-4.920725645E1
1.019518503E3,-5.150669589E1
1.019622558E3,-4.814472385E1
1.019728886E3,-4.457902427E1
1.019835170E3,-4.679253384E1
1.019939291E3,-4.758458428E1
1.020045705E3,-4.324132091E1
1.020149318E3,-4.798232896E1
1.020255495E3,-4.947177078E1
1.020359376E3,-5.011733229E1
1.020465737E3,-5.028047495E1
1.020571131E3,-4.804084270E1
1.020672690E3,-4.706476153E1
1.020779024E3,-4.947044329E1
1.020885470E3,-4.700998409E1
1.020989386E3,-4.844709904E1
1.021095746E3,-4.953188777E1
1.021202036E3,-4.860432571E1
1.021306050E3,-4.840153878E1
1.021406811E3,-4.880599296E1
1.021513119E3,-4.983379213E1
1.021619409E3,-4.900990992E1
1.021722700E3,-4.820620333E1
1.021827857E3,-5.013966840E1
1.021934178E3,-4.926984723E1
1.022039424E3,-4.954451740E1
1.022145801E3,-4.785992674E1
1.022248321E3,-4.672479155E1
1.022352233E3,-4.502287661E1
1.022456160E3,-5.007381215E1
1.022561523E3,-4.599461487E1
1.022667814E3,-4.488079312E1
1.022772844E3,-5.071134367E1
1.022879198E3,-4.869073791E1
1.022983251E3,-4.830298950E1
1.023089486E3,-4.510155824E1
1.023195660E3,-4.636867904E1
1.023296912E3,-4.552287989E1
1.023398407E3,-4.809212969E1
1.023503082E3,-4.981654482E1
1.023606230E3,-4.811795402E1
1.023712579E3,-4.713199219E1
1.023818185E3,-4.947110273E1
1.023922947E3,-4.820748449E1
1.024029368E3,-4.905038373E1
1.024135768E3,-4.871720182E1
1.024239577E3,-4.875948886E1
1.024345922E3,-4.849194448E1
1.024452235E3,-4.814008515E1
1.024556307E3,-4.938511323E1
1.024659400E3,-4.861345442E1
1.024765740E3,-5.027117668E1
1.024869775E3,-4.897589967E1
1.024972991E3,-5.061819923E1
1.025079273E3,-5.252461936E1
1.025185625E3,-4.943394663E1
1.025289678E3,-4.924156550E1
1.025395987E3,-5.069219286E1
1.025502311E3,-4.475782729E1
1.025606368E3,-4.463776182E1
1.025712680E3,-4.533501777E1
1.025818936E3,-4.827289336E1
1.025923051E3,-4.979629761E1
1.026028797E3,-4.669093834E1
1.026135152E3,-4.755368188E1
1.026239721E3,-4.785818615E1
1.026345454E3,-4.796431283E1
1.026451072E3,-4.982176391E1
1.026556406E3,-4.866719721E1
1.026662133E3,-5.043997404E1
1.026768432E3,-4.665306119E1
1.026873173E3,-4.743002416E1
1.026978400E3,-4.927609696E1
1.027084784E3,-4.658283352E1
1.027189837E3,-4.901250989E1
1.027295471E3,-4.782108014E1
1.027401820E3,-4.906116327E1
1.027506498E3,-5.069398417E1
1.027612176E3,-4.770135059E1
1.027717824E3,-4.884111247E1
1.027823160E3,-4.314606356E1
1.027927952E3,-4.402050119E1
1.028034212E3,-4.372890137E1
1.028139850E3,-4.426719119E1
1.028245438E3,-4.725089979E1
1.028351709E3,-4.705157613E1
1.028456597E3,-4.629826197E1
1.028562151E3,-4.866077373E1
1.028668426E3,-4.608435954E1
1.028773318E3,-4.590156000E1
1.028878808E3,-4.746716229E1
1.028985296E3,-5.026745649E1
1.029089936E3,-5.145647497E1
1.029195436E3,-5.169783566E1
1.029301734E3,-5.008353559E1
1.029406656E3,-4.944032991E1
1.029512113E3,-4.944170539E1
1.029618367E3,-4.901207372E1
1.029723330E3,-4.901544923E1
1.029828787E3,-4.719136058E1
1.029935170E3,-4.150463707E1
1.030040040E3,-4.309677043E1
1.030145490E3,-4.647562042E1
1.030251775E3,-4.776037421E1
1.030356730E3,-4.501948149E1
1.030462122E3,-4.752777108E1
1.030568412E3,-4.874089766E1
1.030673416E3,-4.516950257E1
1.030775789E3,-4.719072778E1
1.030882165E3,-4.970167868E1
1.030988623E3,-4.809470548E1
1.031090941E3,-4.542938642E1
1.031197223E3,-4.158319026E1
1.031299724E3,-4.476407022E1
1.031403809E3,-4.400992853E1
1.031506840E3,-4.508638920E1
1.031613207E3,-4.740379966E1
1.031716380E3,-4.588897617E1
1.031822671E3,-4.648680065E1
1.031924269E3,-4.798571067E1
1.032030624E3,-5.050174677E1
1.032133034E3,-4.818380155E1
1.032239291E3,-4.799885291E1
1.032340973E3,-4.769023013E1
1.032447271E3,-4.929017511E1
1.032549683E3,-4.945710005E1
1.032655958E3,-4.877460301E1
1.032759353E3,-4.962110342E1
1.032865695E3,-4.951721010E1
1.032972134E3,-4.917566503E1
1.033073605E3,-5.084237110E1
1.033179990E3,-4.921751324E1
1.033283014E3,-5.118042033E1
1.033389327E3,-4.819789598E1
1.033491053E3,-4.454639402E1
1.033597327E3,-4.455238942E1
1.033699664E3,-4.874937213E1
1.033805911E3,-4.933091044E1
1.033907698E3,-4.653216963E1
1.034009801E3,-4.929312440E1
1.034115285E3,-5.013664874E1
1.034220821E3,-4.912476711E1
1.034323696E3,-4.913785044E1
1.034429979E3,-4.957118038E1
1.034533009E3,-4.983911754E1
1.034639284E3,-5.071621971E1
1.034741156E3,-4.577501645E1
1.034843517E3,-4.593808643E1
1.034949662E3,-4.842018358E1
1.035054564E3,-4.738295592E1
1.035159431E3,-4.895893216E1
1.035265677E3,-5.106093438E1
1.035366264E3,-5.055215421E1
1.035471878E3,-4.862518800E1
1.035573804E3,-4.968816948E1
1.035675929E3,-4.804736035E1
1.035782224E3,-4.803865267E1
1.035888515E3,-4.679160226E1
1.035990494E3,-4.268302977E1
1.036096790E3,-4.539545893E1
1.036199676E3,-5.026177423E1
1.036305966E3,-4.942697033E1
1.036407944E3,-4.791111866E1
1.036510329E3,-4.668131819E1
1.036616295E3,-5.007010460E1
1.036717863E3,-4.867805628E1
1.036823395E3,-4.512609224E1
1.036927853E3,-4.200360309E1
1.037032739E3,-4.587972389E1
1.037138974E3,-4.857717312E1
1.037240577E3,-5.082973775E1
1.037346883E3,-4.910816921E1
1.037449686E3,-5.045657723E1
1.037556021E3,-4.873207987E1
1.037659371E3,-4.857106901E1
1.037765681E3,-4.852110496E1
1.037872061E3,-4.781889459E1
1.037974022E3,-4.794538623E1
1.038077897E3,-5.048067031E1
1.038183035E3,-4.881134549E1
1.038289341E3,-4.917807206E1
1.038390666E3,-4.568367587E1
1.038496954E3,-4.914228540E1
1.038599695E3,-4.834328855E1
1.038705994E3,-4.748719508E1
1.038807418E3,-4.676816703E1
1.038911214E3,-4.894827499E1
1.039016374E3,-5.011666839E1
1.039117793E3,-5.069092531E1
1.039223513E3,-4.783146212E1
1.039329691E3,-4.977211690E1
1.039433580E3,-5.186043690E1
1.039539842E3,-4.919766122E1
1.039641442E3,-4.780067036E1
1.039747041E3,-4.905232508E1
1.039853395E3,-4.999053405E1
1.039959372E3,-5.081381153E1
1.040065717E3,-4.787352571E1
1.040171138E3,-3.895119506E1
1.040275018E3,-4.418852260E1
1.040381346E3,-4.976077015E1
1.040487699E3,-4.364943261E1
1.040591678E3,-4.330967656E1
1.040698209E3,-3.975695351E1
1.040802392E3,-4.065632545E1
1.040907399E3,-4.307478500E1
1.041008194E3,-4.811035934E1
1.041113627E3,-4.863766515E1
1.041217909E3,-4.944445905E1
1.041323412E3,-4.896948014E1
1.041428550E3,-4.858122769E1
1.041530174E3,-4.814635409E1
1.041636424E3,-5.005868730E1
1.041740910E3,-5.032636162E1
1.041845178E3,-4.606449063E1
1.041951534E3,-4.627823710E1
1.042057630E3,-4.300930233E1
1.042161872E3,-4.495394424E1
1.042268136E3,-4.755598014E1
1.042374338E3,-4.238746326E1
1.042479894E3,-4.180989540E1
1.042582153E3,-4.487997429E1
1.042684649E3,-4.568702851E1
1.042790591E3,-4.484294292E1
1.042896553E3,-4.062822556E1
1.043001440E3,-4.231869192E1
1.043107699E3,-4.483361902E1
1.043213158E3,-4.603484611E1
1.043319520E3,-4.910131237E1
1.043424375E3,-4.808697145E1
1.043530332E3,-4.892307375E1
1.043634094E3,-4.929598137E1
1.043740384E3,-4.932673220E1
1.043844915E3,-4.920614329E1
1.043950781E3,-5.075876175E1
1.044057116E3,-5.140171821E1
1.044158571E3,-5.105522748E1
1.044263160E3,-5.066105507E1
1.044369440E3,-4.790092539E1
1.044474452E3,-5.099732245E1
1.044580759E3,-4.599869045E1
1.044683924E3,-4.274199733E1
1.044788207E3,-4.576803452E1
1.044891150E3,-4.694121916E1
1.044997485E3,-4.105705669E1
1.045103839E3,-4.730446034E1
1.045207833E3,-4.350848096E1
1.045314163E3,-4.420947077E1
1.045415967E3,-4.382267358E1
1.045521467E3,-4.525888028E1
1.045624638E3,-4.350230425E1
1.045730963E3,-4.860577960E1
1.045835893E3,-4.458691815E1
1.045941247E3,-4.596273956E1
1.046045691E3,-4.373654934E1
1.046152098E3,-4.467077444E1
1.046257925E3,-4.810880053E1
1.046364262E3,-4.208094939E1
1.046469663E3,-4.610340307E1
1.046574612E3,-4.903850528E1
1.046681019E3,-4.998221354E1
1.046787382E3,-4.607162937E1
1.046891373E3,-4.908492755E1
1.046997753E3,-4.887737750E1
1.047104088E3,-5.115934936E1
1.047207994E3,-4.907161456E1
1.047311093E3,-4.970741584E1
1.047417419E3,-4.760761749E1
1.047521416E3,-4.880530807E1
1.047624634E3,-4.757020979E1
1.047728438E3,-4.753122736E1
1.047834214E3,-4.075597687E1
1.047937031E3,-4.469236198E1
1.048041409E3,-4.422085346E1
1.048147718E3,-4.432251798E1
1.048250934E3,-4.421406720E1
1.048355472E3,-4.468194615E1
1.048458901E3,-4.984282447E1
1.048565277E3,-4.768092094E1
1.048668502E3,-4.878305028E1
1.048774866E3,-4.892709856E1
1.048881209E3,-4.847984769E1
1.048984468E3,-5.007679233E1
1.049090761E3,-4.914022724E1
1.049193510E3,-4.933126299E1
1.049299859E3,-4.986002568E1
1.049406165E3,-4.967578900E1
1.049508141E3,-4.536787861E1
1.049613396E3,-4.534150528E1
1.049714566E3,-4.713075931E1
1.049820953E3,-5.085194097E1
1.049924916E3,-4.817067806E1
1.050030054E3,-4.980870437E1
1.050134539E3,-4.911872656E1
1.050240882E3,-5.038621500E1
1.050346690E3,-4.577405201E1
1.050452916E3,-4.835906977E1
1.050558216E3,-4.517096693E1
1.050663414E3,-4.887163976E1
1.050769798E3,-4.760941778E1
1.050874950E3,-4.744441461E1
1.050981333E3,-4.708096670E1
1.051087695E3,-4.790364226E1
1.051191625E3,-4.789099277E1
1.051298006E3,-4.715968428E1
1.051404322E3,-4.889772652E1
1.051508369E3,-4.827453447E1
1.051613867E3,-4.902473943E1
1.051716878E3,-5.027637850E1
1.051822547E3,-4.893068758E1
1.051925057E3,-4.934150644E1
1.052030589E3,-4.982469650E1
1.052136937E3,-4.762360320E1
1.052242560E3,-4.954296994E1
1.052349164E3,-5.046925007E1
1.052451093E3,-5.121061712E1
1.052557694E3,-4.942939151E1
1.052659283E3,-4.948643583E1
1.052763247E3,-5.083160725E1
1.052869598E3,-4.715937084E1
1.052975149E3,-4.787774867E1
1.053076628E3,-4.903254242E1
1.053182958E3,-4.855124968E1
1.053284486E3,-5.042572324E1
1.053390843E3,-5.067453524E1
1.053493455E3,-4.965667785E1
1.053599917E3,-4.675755008E1
1.053706196E3,-4.946788775E1
1.053809358E3,-4.957943527E1
1.053915042E3,-5.055138307E1
1.054021350E3,-4.951581355E1
1.054125221E3,-4.965736183E1
1.054231585E3,-4.995136217E1
1.054335599E3,-4.942868482E1
1.054441943E3,-4.571256410E1
1.054544420E3,-4.798185234E1
1.054650729E3,-4.553923685E1
1.054755975E3,-4.618375307E1
1.054858649E3,-4.931700940E1
1.054964535E3,-4.711699270E1
1.055070930E3,-4.710040052E1
1.055175298E3,-5.186736076E1
1.055281622E3,-4.348073379E1
1.055387955E3,-4.661325455E1
1.055492077E3,-4.690950747E1
1.055597416E3,-5.029509973E1
1.055701576E3,-5.029533956E1
1.055807831E3,-4.760204567E1
1.055909404E3,-4.954275608E1
1.056014467E3,-4.981672085E1
1.056119684E3,-4.761846851E1
1.056225240E3,-4.603728831E1
1.056327871E3,-4.625050173E1
1.056434150E3,-4.751829706E1
1.056539751E3,-4.481024207E1
1.056642033E3,-4.939444452E1
1.056748338E3,-4.652988331E1
1.056854667E3,-4.921853018E1
1.056958798E3,-4.884338748E1
1.057064427E3,-4.728275582E1
1.057170774E3,-4.953721074E1
1.057275506E3,-4.870775644E1
1.057381822E3,-4.838296741E1
1.057484566E3,-4.865343348E1
1.057590928E3,-4.624274993E1
1.057692904E3,-4.850689878E1
1.057799239E3,-4.926669396E1
1.057902015E3,-4.607813477E1
1.058008360E3,-4.914305760E1
1.058114659E3,-4.499009212E1
1.058218758E3,-4.797385347E1
1.058325088E3,-5.074104282E1
1.058431438E3,-5.108242817E1
1.058534489E3,-4.781139832E1
1.058640858E3,-4.937159691E1
1.058746704E3,-4.770861228E1
1.058851616E3,-4.700540041E1
1.058957996E3,-4.987912640E1
1.059063309E3,-5.097839140E1
1.059168343E3,-4.940848715E1
1.059274619E3,-4.803034636E1
1.059379894E3,-5.072499624E1
1.059486017E3,-4.817936833E1
1.059592325E3,-4.861959411E1
1.059696620E3,-5.065176416E1
1.059803029E3,-5.023943938E1
1.059909016E3,-4.414143910E1
1.060013036E3,-4.305273739E1
1.060119467E3,-4.558982509E1
1.060225189E3,-4.903423972E1
1.060329931E3,-5.001763987E1
1.060434966E3,-4.879227690E1
1.060541116E3,-4.841320368E1
1.060646614E3,-4.678593918E1
1.060751712E3,-4.513841816E1
1.060856404E3,-4.446413805E1
1.060959094E3,-4.274921331E1
1.061063270E3,-4.463234835E1
1.061168284E3,-4.311075408E1
1.061274598E3,-4.591468552E1
1.061379927E3,-4.753245473E1
1.061484986E3,-4.707052632E1
1.061591274E3,-4.873172150E1
1.061696625E3,-4.798298387E1
1.061801581E3,-5.007802260E1
1.061907853E3,-4.976576884E1
1.062013219E3,-5.056813453E1
1.062118308E3,-5.054095641E1
1.062224592E3,-4.991485224E1
1.062329908E3,-5.003411577E1
1.062434927E3,-4.996342725E1
1.062541238E3,-4.859310463E1
1.062646563E3,-4.176381237E1
1.062751699E3,-4.112886490E1
1.062858098E3,-4.314221791E1
1.062963252E3,-4.073547041E1
1.063068291E3,-4.373914514E1
1.063174616E3,-4.728524740E1
1.063279921E3,-4.966860225E1
1.063384931E3,-5.055403136E1
1.063491239E3,-4.526726332E1
1.063596589E3,-4.479407364E1
1.063701761E3,-4.631013070E1
1.063808101E3,-4.534192334E1
1.063913284E3,-4.041993004E1
1.064018219E3,-3.875722661E1
1.064119674E3,-3.534190843E1
1.064225542E3,-3.794153148E1
1.064329862E3,-4.094640846E1
1.064434974E3,-4.547676666E1
1.064541314E3,-4.539138893E1
1.064646581E3,-4.278345506E1
1.064751676E3,-4.194648279E1
1.064858118E3,-4.285887600E1
1.064963251E3,-4.273989025E1
1.065068278E3,-4.460158037E1
1.065170682E3,-4.744507900E1
1.065276085E3,-4.519656309E1
1.065379953E3,-4.632208588E1
1.065484982E3,-4.670977814E1
1.065591300E3,-4.738693651E1
1.065696664E3,-4.944303742E1
1.065801649E3,-4.872831884E1
1.065907987E3,-4.932070556E1
1.066013258E3,-4.931033432E1
1.066118247E3,-4.715351128E1
1.066224540E3,-4.819285781E1
1.066329940E3,-4.938074987E1
1.066434939E3,-4.509964442E1
1.066541311E3,-4.955083300E1
1.066646574E3,-5.034828039E1
1.066751643E3,-4.791738281E1
1.066857969E3,-4.954229169E1
1.066963221E3,-4.925957299E1
1.067068327E3,-5.088913706E1
1.067174673E3,-4.959657887E1
1.067279918E3,-4.949689108E1
1.067386320E3,-4.902311354E1
1.067492483E3,-4.741066795E1
1.067596581E3,-5.059906808E1
1.067702982E3,-4.922850201E1
1.067809114E3,-4.852474315E1
1.067913261E3,-5.014252269E1
1.068019707E3,-4.913221142E1
1.068125869E3,-5.013236290E1
1.068229917E3,-4.809131004E1
1.068336190E3,-4.910278419E1
1.068442524E3,-4.778741083E1
1.068548851E3,-4.711206294E1
1.068655185E3,-4.891047902E1
1.068759637E3,-4.807322656E1
1.068865922E3,-4.575811079E1
1.068972204E3,-4.946137347E1
1.069077176E3,-4.927963425E1
1.069181706E3,-4.963509854E1
1.069288079E3,-4.759220225E1
1.069393017E3,-4.868409912E1
1.069498385E3,-4.950527521E1
1.069604692E3,-4.801689766E1
1.069709799E3,-5.073810018E1
1.069816208E3,-4.826962071E1
1.069921114E3,-4.543388186E1
1.070026389E3,-4.268876663E1
1.070132646E3,-4.933065633E1
1.070238964E3,-4.944744002E1
1.070343895E3,-5.027137971E1
1.070450154E3,-4.983572819E1
1.070556449E3,-5.207105898E1
1.070660649E3,-4.795242278E1
1.070767020E3,-5.094243357E1
1.070873336E3,-4.729552933E1
1.070976517E3,-4.903374954E1
1.071079873E3,-5.004688290E1
1.071186144E3,-4.963380913E1
1.071288097E3,-5.061349470E1
1.071393159E3,-5.019042856E1
1.071499525E3,-4.911817608E1
1.071602661E3,-4.616699770E1
1.071707277E3,-4.608164180E1
1.071809860E3,-4.795841053E1
1.071916191E3,-4.648023667E1
1.072021121E3,-4.684632247E1
1.072126526E3,-4.643702570E1
1.072231774E3,-4.690978000E1
1.072338012E3,-4.865875758E1
1.072443289E3,-4.920882035E1
1.072548472E3,-4.833685867E1
1.072654816E3,-5.050101262E1
1.072759906E3,-4.822257147E1
1.072865141E3,-4.789560775E1
1.072971492E3,-4.387877738E1
1.073076611E3,-3.706352512E1
1.073181830E3,-3.746790040E1
1.073288111E3,-3.772762583E1
1.073393317E3,-3.994205854E1
1.073499797E3,-4.602575441E1
1.073602882E3,-4.854979513E1
1.073707561E3,-5.157800056E1
1.073810091E3,-4.944797753E1
1.073915785E3,-4.729103861E1
1.074017074E3,-4.835904789E1
1.074120498E3,-4.745654164E1
1.074226173E3,-4.927698949E1
1.074327545E3,-4.888749674E1
1.074433903E3,-5.001958276E1
1.074540220E3,-4.849290162E1
1.074644283E3,-4.986804449E1
1.074750663E3,-4.820426625E1
1.074857049E3,-4.716981604E1
1.074960923E3,-4.641137676E1
1.075067218E3,-4.731127188E1
1.075173493E3,-4.782307264E1
1.075277599E3,-4.325790406E1
1.075381109E3,-4.447381658E1
1.075487459E3,-4.826501063E1
1.075593483E3,-4.898747080E1
1.075699898E3,-5.089330237E1
1.075801562E3,-4.892926727E1
1.075907846E3,-4.973116376E1
1.076011003E3,-5.024275117E1
1.076114209E3,-4.967858899E1
1.076220479E3,-5.014746881E1
1.076326117E3,-4.967409155E1
1.076427634E3,-4.770378749E1
1.076532436E3,-4.709564647E1
1.076638782E3,-4.795131882E1
1.076743559E3,-5.027479010E1
1.076849134E3,-4.845015985E1
1.076955399E3,-5.034843581E1
1.077060275E3,-5.006664882E1
1.077165853E3,-4.969612822E1
1.077272118E3,-4.868622029E1
1.077376954E3,-4.818560205E1
1.077482513E3,-4.893261141E1
1.077588836E3,-5.081404872E1
1.077693688E3,-4.992294256E1
1.077799170E3,-4.998817182E1
1.077901190E3,-4.929219780E1
1.078007587E3,-5.128133573E1
1.078110333E3,-5.168344529E1
1.078215772E3,-5.027264584E1
1.078321998E3,-4.947700727E1
1.078427004E3,-4.815467865E1
1.078532421E3,-4.852377617E1
1.078638729E3,-4.904999260E1
1.078743699E3,-4.919084906E1
1.078850032E3,-4.860259766E1
1.078956309E3,-4.777328407E1
1.079060440E3,-4.875655932E1
1.079166766E3,-4.900287432E1
1.079273132E3,-4.568274385E1
1.079377134E3,-4.758778381E1
1.079482630E3,-5.040651831E1
1.079588952E3,-4.868987929E1
1.079693872E3,-4.955919745E1
1.079799278E3,-4.796396687E1
1.079905663E3,-4.949838711E1
1.080010563E3,-4.816043076E1
1.080115950E3,-4.854173171E1
1.080221497E3,-4.847232362E1
1.080327213E3,-5.093154373E1
1.080432625E3,-5.103530417E1
1.080537792E3,-4.985540647E1
1.080643935E3,-4.844981305E1
1.080749267E3,-5.092666891E1
1.080855635E3,-4.914924696E1
1.080960547E3,-5.100055761E1
1.081065937E3,-5.137802626E1
1.081172232E3,-4.972425973E1
1.081277237E3,-5.077766329E1
1.081383491E3,-4.944403947E1
1.081489802E3,-5.099205329E1
1.081594785E3,-4.876777953E1
1.081701135E3,-4.857603581E1
1.081803447E3,-5.227978024E1
1.081908285E3,-5.020369917E1
1.082010626E3,-4.844880890E1
1.082117022E3,-4.977688069E1
1.082223283E3,-4.816561014E1
1.082328127E3,-4.892191660E1
1.082434432E3,-5.076457339E1
1.082540741E3,-4.990914357E1
1.082644123E3,-4.876849167E1
1.082750535E3,-4.879355416E1
1.082854076E3,-4.859982344E1
1.082960225E3,-4.954551511E1
1.083063789E3,-4.916196707E1
1.083170086E3,-5.080763405E1
1.083276547E3,-4.759365371E1
1.083381647E3,-5.001948793E1
1.083483387E3,-5.043846764E1
1.083589734E3,-5.249034728E1
1.083694132E3,-4.988281614E1
1.083800050E3,-5.083702433E1
1.083906374E3,-4.926177936E1
1.084010911E3,-5.032254833E1
1.084116666E3,-4.888545542E1
1.084223052E3,-4.946344002E1
1.084327499E3,-5.142980713E1
1.084432964E3,-4.824587352E1
1.084539394E3,-5.143911543E1
1.084644357E3,-4.961502926E1
1.084749552E3,-4.791865933E1
1.084853779E3,-5.047130826E1
1.084959396E3,-4.800789524E1
1.085060939E3,-4.740990078E1
1.085166160E3,-5.050974839E1
1.085269050E3,-4.759251754E1
1.085374807E3,-4.843701572E1
1.085478436E3,-4.926236707E1
1.085584747E3,-4.900808091E1
1.085691062E3,-4.891991187E1
1.085795086E3,-5.022707367E1
1.085901459E3,-5.060790255E1
1.086007746E3,-4.973381858E1
1.086113163E3,-4.880243055E1
1.086219528E3,-4.746101721E1
1.086325893E3,-4.939467317E1
1.086428459E3,-4.884908825E1
1.086534715E3,-4.877148196E1
1.086638486E3,-4.816308185E1
1.086744322E3,-4.367361509E1
1.086850693E3,-4.197779300E1
1.086956990E3,-4.180074602E1
1.087061841E3,-4.471793015E1
1.087168149E3,-4.049753116E1
1.087274417E3,-4.543269891E1
1.087378512E3,-4.511383894E1
1.087484809E3,-4.710104182E1
1.087591160E3,-4.334006794E1
1.087695255E3,-4.104855185E1
1.087801642E3,-4.465568289E1
1.087907978E3,-4.894191007E1
1.088011083E3,-4.504641844E1
1.088117333E3,-4.976935243E1
1.088222898E3,-4.674771714E1
1.088327813E3,-4.918826870E1
1.088434046E3,-4.819206727E1
1.088540276E3,-4.561101578E1
1.088644517E3,-4.716856300E1
1.088750893E3,-4.812062304E1
1.088854346E3,-4.897485712E1
1.088959375E3,-4.826939935E1
1.089061167E3,-5.010151049E1
1.089167503E3,-4.779084367E1
1.089270950E3,-4.919629309E1
1.089372829E3,-4.896280834E1
1.089477886E3,-4.846541595E1
1.089584262E3,-4.438281734E1
1.089687658E3,-4.398107321E1
1.089794129E3,-4.124432563E1
1.089900478E3,-4.172832940E1
1.090004363E3,-4.375525158E1
1.090110722E3,-4.631756041E1
1.090213134E3,-4.885118015E1
1.090318649E3,-5.027672641E1
1.090424292E3,-4.834238812E1
1.090528038E3,-4.664802245E1
1.090633442E3,-4.693481583E1
1.090739806E3,-4.908042780E1
1.090844663E3,-4.869306626E1
1.090950972E3,-4.813388597E1
1.091055016E3,-4.788609452E1
1.091160875E3,-4.894466155E1
1.091267231E3,-4.993672368E1
1.091373541E3,-5.082252633E1
1.091478861E3,-4.904007107E1
1.091585231E3,-4.851311121E1
1.091691213E3,-4.792188410E1
1.091795550E3,-4.940182971E1
1.091901210E3,-5.013080876E1
1.092007538E3,-4.796730796E1
1.092112202E3,-5.145854490E1
1.092218516E3,-5.000729507E1
1.092321255E3,-4.969242013E1
1.092426909E3,-4.916016685E1
1.092528138E3,-4.822471624E1
1.092634500E3,-4.987043639E1
1.092737308E3,-4.701673559E1
1.092843653E3,-4.902988343E1
1.092945561E3,-4.796463045E1
1.093051881E3,-4.953402814E1
1.093158175E3,-5.024600977E1
1.093261468E3,-4.935803976E1
1.093367780E3,-5.023887085E1
1.093471913E3,-4.867560641E1
1.093577748E3,-4.348238720E1
1.093684146E3,-4.162475753E1
1.093788950E3,-4.514392048E1
1.093894862E3,-4.925783765E1
1.094001123E3,-4.752967680E1
1.094107438E3,-4.835727377E1
1.094211554E3,-4.784987149E1
1.094317807E3,-5.060888918E1
1.094421135E3,-4.990848898E1
1.094525107E3,-5.024450389E1
1.094628286E3,-4.920005369E1
1.094734719E3,-4.866298671E1
1.094841060E3,-4.857180271E1
1.094944940E3,-5.064791072E1
1.095051269E3,-4.865778019E1
1.095157568E3,-4.382585796E1
1.095261690E3,-4.542035555E1
1.095368025E3,-4.955397258E1
1.095474288E3,-4.842031202E1
1.095579205E3,-4.479274210E1
1.095685492E3,-4.699052893E1
1.095790683E3,-4.954883753E1
1.095895858E3,-4.614403836E1
1.096002188E3,-4.502843210E1
1.096105394E3,-4.604906655E1
1.096211261E3,-4.602297135E1
1.096312534E3,-4.506530198E1
1.096418765E3,-4.757939785E1
1.096521124E3,-4.786057739E1
1.096626749E3,-5.099493417E1
1.096729235E3,-5.079691626E1
1.096835516E3,-4.980708920E1
1.096941143E3,-4.793178514E1
1.097045928E3,-4.964823947E1
1.097152199E3,-5.129068117E1
1.097258646E3,-4.968158163E1
1.097363433E3,-4.936264376E1
1.097469771E3,-4.886354894E1
1.097572175E3,-4.867282177E1
1.097678497E3,-5.004542661E1
1.097781160E3,-4.898725615E1
1.097887569E3,-4.772822844E1
1.097991142E3,-4.728633679E1
1.098095193E3,-4.871037810E1
1.098201494E3,-5.030831269E1
1.098307719E3,-4.913329518E1
1.098412989E3,-4.899514859E1
1.098519298E3,-4.947745749E1
1.098622292E3,-4.998171796E1
1.098728549E3,-5.048890243E1
1.098834548E3,-4.480313718E1
1.098938185E3,-4.528562603E1
1.099044442E3,-4.877215736E1
1.099146026E3,-5.000193171E1
1.099250506E3,-4.995171778E1
1.099354894E3,-5.025778556E1
1.099459363E3,-4.952673967E1
1.099561988E3,-4.883215409E1
1.099668334E3,-4.922873268E1
1.099771567E3,-4.735734063E1
1.099877860E3,-5.037396359E1
1.099979425E3,-5.110262220E1
1.100085701E3,-4.899712323E1
1.100188193E3,-5.072683366E1
1.100293717E3,-4.921224004E1
1.100395440E3,-4.864450774E1
1.100501744E3,-4.898237961E1
1.100604926E3,-4.778825949E1
1.100710046E3,-4.774933417E1
1.100812055E3,-4.992678727E1
1.100918308E3,-4.812028713E1
1.101021572E3,-5.072949458E1
1.101126103E3,-4.873848732E1
1.101228745E3,-4.838225390E1
1.101334835E3,-4.851823494E1
1.101438202E3,-4.812137439E1
1.101544497E3,-4.456069395E1
1.101650836E3,-4.433023595E1
1.101754909E3,-4.746416188E1
1.101859373E3,-4.868687885E1
1.101962161E3,-5.100689571E1
1.102063974E3,-4.858304605E1
1.102170279E3,-4.929020287E1
1.102276553E3,-4.891569883E1
1.102378855E3,-4.936513837E1
1.102485205E3,-4.952434061E1
1.102588205E3,-4.896570418E1
1.102694639E3,-5.055925319E1
1.102797718E3,-4.599072795E1
1.102904063E3,-5.119881634E1
1.103007836E3,-4.928012562E1
1.103113050E3,-4.719086451E1
1.103219455E3,-5.146980945E1
1.103321486E3,-4.939325353E1
1.103427818E3,-4.817198305E1
1.103529754E3,-5.026037413E1
1.103636112E3,-4.936728487E1
1.103742460E3,-4.984392601E1
1.103846425E3,-4.960796470E1
1.103952776E3,-4.984449034E1
1.104057877E3,-4.862087605E1
1.104163111E3,-4.843153787E1
1.104269407E3,-4.871456123E1
1.104375732E3,-4.883538620E1
1.104479821E3,-4.827920267E1
1.104586261E3,-5.085390268E1
1.104692660E3,-4.963123472E1
1.104796517E3,-4.712587016E1
1.104902843E3,-4.143912471E1
1.105009190E3,-4.388188618E1
1.105113189E3,-4.515307114E1
1.105219496E3,-4.549003414E1
1.105322793E3,-4.625606497E1
1.105429054E3,-5.061798480E1
1.105535380E3,-4.950111737E1
1.105641809E3,-5.040206323E1
1.105746567E3,-4.884736936E1
1.105851731E3,-4.863667749E1
1.105958007E3,-5.061050413E1
1.106062444E3,-4.908491404E1
1.106168467E3,-4.931965455E1
1.106274737E3,-4.791526267E1
1.106379127E3,-4.686569843E1
1.106484562E3,-4.729380301E1
1.106590859E3,-4.730679094E1
1.106695850E3,-4.923234574E1
1.106801765E3,-5.081951748E1
1.106905207E3,-4.982785613E1
1.107011507E3,-4.987870271E1
1.107113337E3,-4.870011823E1
1.107219627E3,-4.880966142E1
1.107321987E3,-4.956379640E1
1.107428263E3,-4.739356931E1
1.107534517E3,-4.186062716E1
1.107638712E3,-4.900790223E1
1.107740144E3,-4.475993464E1
1.107845928E3,-4.548043983E1
1.107948560E3,-4.456505791E1
1.108051757E3,-4.339873912E1
1.108155351E3,-4.695515175E1
1.108259340E3,-4.622859901E1
1.108362628E3,-4.613044473E1
1.108468950E3,-4.702319555E1
1.108572073E3,-4.776749865E1
1.108677964E3,-4.905509837E1
1.108779406E3,-5.049894146E1
1.108885740E3,-5.047531233E1
1.108988672E3,-5.079259346E1
1.109090693E3,-4.906166716E1
1.109196034E3,-4.716980423E1
1.109302321E3,-4.986356991E1
1.109408613E3,-4.967678335E1
1.109512786E3,-4.775163064E1
1.109613500E3,-4.558406636E1
1.109719793E3,-4.542464846E1
1.109821263E3,-4.969243444E1
1.109926637E3,-5.050625065E1
1.110029419E3,-5.093570155E1
1.110135733E3,-4.866855358E1
1.110241164E3,-4.868872700E1
1.110346114E3,-4.745352827E1
1.110452460E3,-4.207972393E1
1.110558840E3,-4.271104168E1
1.110662879E3,-4.778208909E1
1.110769253E3,-4.698859174E1
1.110871196E3,-4.687398928E1
1.110976448E3,-4.545937177E1
1.111079497E3,-5.124696618E1
1.111185834E3,-4.907398824E1
1.111290935E3,-4.943449838E1
1.111396186E3,-4.899811369E1
1.111501202E3,-4.903446705E1
1.111607630E3,-4.890748871E1
1.111712759E3,-4.982895759E1
1.111813710E3,-5.100451546E1
1.111918608E3,-4.889287989E1
1.112023253E3,-4.752488858E1
1.112129170E3,-4.615308659E1
1.112235322E3,-4.642500829E1
1.112341251E3,-4.701731425E1
1.112446411E3,-4.794128254E1
1.112552791E3,-5.076640720E1
1.112659182E3,-4.830575445E1
1.112762976E3,-5.185137179E1
1.112869270E3,-4.923036125E1
1.112975388E3,-5.049657880E1
1.113079662E3,-5.177592790E1
1.113186043E3,-5.084401301E1
1.113289349E3,-4.435506751E1
1.113391300E3,-4.745926306E1
1.113496470E3,-4.714604870E1
1.113602806E3,-4.243106691E1
1.113705993E3,-3.923003706E1
1.113811184E3,-3.889199120E1
1.113913048E3,-4.136285489E1
1.114019367E3,-4.870575700E1
1.114122661E3,-4.827621883E1
1.114228928E3,-4.578617922E1
1.114330519E3,-4.707743632E1
1.114436809E3,-4.996781938E1
1.114539316E3,-4.966488262E1
1.114645836E3,-4.889851192E1
1.114747225E3,-4.838048430E1
1.114849345E3,-4.989017939E1
1.114954564E3,-4.725658992E1
1.115059396E3,-4.518170157E1
1.115163150E3,-4.308912142E1
1.115269437E3,-4.207637713E1
1.115372677E3,-4.298980501E1
1.115478179E3,-4.271002399E1
1.115579858E3,-4.286479240E1
1.115685940E3,-4.865399190E1
1.115789368E3,-4.302529390E1
1.115895701E3,-4.731045867E1
1.115998906E3,-4.528462372E1
1.116104368E3,-4.987350869E1
1.116205979E3,-4.899828803E1
1.116310543E3,-4.767992113E1
1.116413216E3,-4.705590357E1
1.116519496E3,-4.680327777E1
1.116622614E3,-4.823624790E1
1.116727738E3,-4.491786926E1
1.116829936E3,-4.903488934E1
1.116936253E3,-5.023665709E1
1.117039350E3,-4.940327443E1
1.117145696E3,-4.966652336E1
1.117247493E3,-4.839242242E1
1.117353829E3,-4.698676746E1
1.117459397E3,-4.748403309E1
1.117563323E3,-4.912847624E1
1.117669687E3,-4.733074333E1
1.117776022E3,-5.106788918E1
1.117880021E3,-4.931516402E1
1.117985505E3,-4.615981897E1
1.118091855E3,-4.922700003E1
1.118196751E3,-4.902026188E1
1.118302158E3,-4.746891890E1
1.118407860E3,-4.721375198E1
1.118513492E3,-4.625207433E1
1.118617884E3,-4.996937861E1
1.118718825E3,-4.807474995E1
1.118825104E3,-4.988223750E1
1.118930095E3,-4.693891402E1
1.119035457E3,-4.849523585E1
1.119141783E3,-4.971210276E1
1.119246788E3,-4.893986487E1
1.119351021E3,-5.030008714E1
1.119456391E3,-4.956005791E1
1.119559387E3,-4.968307773E1
1.119663561E3,-4.937305000E1
1.119765776E3,-5.023769379E1
1.119872067E3,-5.008413272E1
1.119978371E3,-5.117939546E1
1.120080177E3,-4.816111671E1
1.120185575E3,-4.947216119E1
1.120291846E3,-4.947748408E1
1.120396900E3,-4.564428126E1
1.120498868E3,-4.567657334E1
1.120605362E3,-4.860009167E1
1.120710993E3,-5.011939503E1
1.120813572E3,-4.833054998E1
1.120919852E3,-4.748358992E1
1.121021223E3,-4.732697082E1
1.121126759E3,-4.982705735E1
1.121230256E3,-5.142700493E1
1.121334379E3,-4.910572499E1
1.121440701E3,-5.049898937E1
1.121546531E3,-4.980188188E1
1.121652883E3,-4.934709171E1
1.121759264E3,-4.828248630E1
1.121863656E3,-4.692549509E1
1.121970030E3,-4.204787213E1
1.122076493E3,-4.030811191E1
1.122180334E3,-4.346819677E1
1.122286667E3,-4.062771672E1
1.122392750E3,-4.694265992E1
1.122497117E3,-4.377506125E1
1.122603564E3,-4.735992880E1
1.122709938E3,-4.896944228E1
1.122813697E3,-4.820338730E1
1.122917831E3,-4.825083733E1
1.123024025E3,-5.125988534E1
1.123129959E3,-4.848179036E1
1.123236333E3,-4.790343705E1
1.123342607E3,-4.959610846E1
1.123447178E3,-4.802868887E1
1.123553715E3,-5.015572151E1
1.123659359E3,-4.976045351E1
1.123763814E3,-5.041481274E1
1.123870101E3,-4.782362528E1
1.123976474E3,-5.061703288E1
1.124080515E3,-4.920783546E1
1.124186907E3,-4.895243704E1
1.124293193E3,-4.954431425E1
1.124397196E3,-4.832210096E1
1.124503574E3,-5.123707360E1
1.124610043E3,-4.895710366E1
1.124713920E3,-4.880060982E1
1.124820261E3,-5.122250460E1
1.124926533E3,-4.902808935E1
1.125030566E3,-4.652932482E1
1.125136877E3,-5.030696972E1
1.125243176E3,-4.845159514E1
1.125347250E3,-4.805386481E1
1.125453589E3,-4.758367678E1
1.125559354E3,-4.875026329E1
1.125664017E3,-4.933057787E1
1.125770341E3,-4.583225200E1
1.125873133E3,-4.981185896E1
1.125976700E3,-4.787778978E1
1.126080649E3,-4.094192956E1
1.126186942E3,-4.416201214E1
1.126293293E3,-4.867977835E1
1.126397334E3,-4.372967040E1
1.126503647E3,-4.064118023E1
1.126609972E3,-4.571056375E1
1.126714034E3,-4.280456573E1
1.126820361E3,-4.378629532E1
1.126924553E3,-4.991796466E1
1.127030718E3,-4.802914274E1
1.127134501E3,-5.019666647E1
1.127240834E3,-4.851561846E1
1.127346944E3,-4.061024352E1
1.127452392E3,-4.299736046E1
1.127559079E3,-3.882351665E1
1.127664147E3,-3.976181169E1
1.127768298E3,-4.395677347E1
1.127874724E3,-5.017403529E1
1.127980790E3,-4.869815422E1
1.128087089E3,-4.864757065E1
1.128193387E3,-5.116064954E1
1.128297471E3,-5.124196388E1
1.128403803E3,-4.758641837E1
1.128508003E3,-4.846713415E1
1.128614191E3,-5.137815567E1
1.128720530E3,-5.102911391E1
1.128826197E3,-4.941367490E1
1.128931685E3,-4.955413703E1
1.129033923E3,-4.819578361E1
1.129140241E3,-5.136331734E1
1.129246591E3,-4.692802032E1
1.129348396E3,-5.012331329E1
1.129454754E3,-4.873922992E1
1.129559348E3,-4.844532071E1
1.129665070E3,-4.790502514E1
1.129771333E3,-4.845137513E1
1.129877610E3,-4.973585304E1
1.129981112E3,-5.059961362E1
1.130087481E3,-4.944852985E1
1.130193729E3,-5.045389274E1
1.130297644E3,-4.844673484E1
1.130402920E3,-4.963765607E1
1.130507419E3,-4.890744653E1
1.130613044E3,-4.540838172E1
1.130714322E3,-4.342620234E1
1.130820640E3,-4.446062604E1
1.130926300E3,-4.688870943E1
1.131031860E3,-4.515980025E1
1.131136849E3,-4.764763894E1
1.131241233E3,-4.856909405E1
1.131347390E3,-5.108949026E1
1.131452910E3,-4.880038607E1
1.131559353E3,-4.226165893E1
1.131665529E3,-4.053477470E1
1.131770758E3,-4.530361624E1
1.131877075E3,-4.648076135E1
1.131981144E3,-4.646705590E1
1.132087518E3,-4.830994818E1
1.132188867E3,-4.875913762E1
1.132295132E3,-4.777453258E1
1.132398607E3,-4.885025841E1
1.132504943E3,-4.856260726E1
1.132611260E3,-4.553130907E1
1.132715273E3,-4.512720965E1
1.132821601E3,-4.916667305E1
1.132927877E3,-5.027147672E1
1.133031973E3,-5.022246878E1
1.133138314E3,-4.836356231E1
1.133240651E3,-4.746337473E1
1.133346918E3,-4.834501936E1
1.133452896E3,-4.867091645E1
1.133559309E3,-4.865777364E1
1.133664534E3,-4.901285031E1
1.133770867E3,-4.807203569E1
1.133877189E3,-4.674366374E1
1.133981307E3,-4.806654167E1
1.134087667E3,-4.624348975E1
1.134194036E3,-4.398319794E1
1.134297957E3,-4.764800543E1
1.134403493E3,-4.804604190E1
1.134507901E3,-4.663624418E1
1.134614172E3,-4.880472347E1
1.134720421E3,-4.866701695E1
1.134824571E3,-4.849238479E1
1.134930851E3,-5.038442526E1
1.135037123E3,-4.941550377E1
1.135141239E3,-5.095380891E1
1.135247586E3,-4.818712891E1
1.135353901E3,-4.835745875E1
1.135459407E3,-4.440784975E1
1.135564720E3,-4.219119107E1
1.135671076E3,-4.228372640E1
1.135777457E3,-4.475800157E1
1.135881411E3,-4.812752597E1
1.135987699E3,-4.784404759E1
1.136094038E3,-4.834351498E1
1.136198897E3,-5.027185006E1
1.136303695E3,-4.799430882E1
1.136405781E3,-4.637708203E1
1.136512235E3,-4.064399796E1
1.136614776E3,-4.892269369E1
1.136720419E3,-5.097644464E1
1.136826762E3,-4.919474130E1
1.136931460E3,-4.665739432E1
1.137037746E3,-4.747520625E1
1.137144035E3,-4.903211877E1
1.137248973E3,-5.026719509E1
1.137355258E3,-4.827012876E1
1.137459758E3,-4.929674626E1
1.137565661E3,-4.941492509E1
1.137672009E3,-4.884440896E1
1.137775254E3,-5.039362596E1
1.137881528E3,-4.937587953E1
1.137987883E3,-5.107315982E1
1.138094228E3,-5.002617297E1
1.138199045E3,-4.865578515E1
1.138305348E3,-4.760831957E1
1.138409936E3,-3.768524431E1
1.138515724E3,-3.942070209E1
1.138621414E3,-4.567365128E1
1.138727725E3,-3.968387428E1
1.138832401E3,-3.828681548E1
1.138938660E3,-4.170508494E1
1.139044974E3,-3.982005345E1
1.139149092E3,-4.955288000E1
1.139255409E3,-4.262462489E1
1.139359358E3,-4.217244646E1
1.139464980E3,-4.269522027E1
1.139571315E3,-4.498856786E1
1.139674720E3,-4.867393671E1
1.139780984E3,-4.919490028E1
1.139882457E3,-4.888141887E1
1.139988734E3,-4.737642467E1
1.140095082E3,-4.391582878E1
1.140198378E3,-4.513970025E1
1.140304648E3,-4.871153287E1
1.140411331E3,-4.684985689E1
1.140515144E3,-3.729575693E1
1.140621320E3,-4.344543523E1
1.140726968E3,-3.440376068E1
1.140831863E3,-4.471794875E1
1.140937019E3,-4.196959215E1
1.141041202E3,-3.974284783E1
1.141145240E3,-4.601053631E1
1.141248458E3,-4.241442421E1
1.141353887E3,-4.749309600E1
1.141459437E3,-4.740277287E1
1.141565153E3,-4.097931841E1
1.141671435E3,-3.795851532E1
1.141773845E3,-4.019600174E1
1.141880136E3,-3.833140796E1
1.141981872E3,-4.140386732E1
1.142083887E3,-4.021405193E1
1.142190192E3,-3.972103212E1
1.142296564E3,-4.030348607E1
1.142398625E3,-4.317624468E1
1.142505086E3,-4.409512012E1
1.142608137E3,-5.012124374E1
1.142714379E3,-4.126373499E1
1.142815285E3,-4.281098467E1
1.142921573E3,-4.854075899E1
1.143024531E3,-4.871287967E1
1.143127784E3,-5.031672331E1
1.143231946E3,-4.812626717E1
1.143338276E3,-3.792829646E1
1.143442340E3,-3.521173134E1
1.143548179E3,-3.253892758E1
1.143654485E3,-4.216535103E1
1.143759383E3,-4.399596781E1
1.143865377E3,-3.740443977E1
1.143971724E3,-4.096706615E1
1.144074806E3,-4.521949036E1
1.144181078E3,-4.883050594E1
1.144282850E3,-4.914981672E1
1.144389271E3,-4.276228099E1
1.144495643E3,-3.790006589E1
1.144598718E3,-3.910923761E1
1.144704524E3,-4.229782372E1
1.144810902E3,-4.902546980E1
1.144915350E3,-4.793599139E1
1.145021218E3,-4.408264221E1
1.145127442E3,-4.345412012E1
1.145232068E3,-4.475562201E1
1.145337861E3,-4.838829575E1
1.145444126E3,-4.613922905E1
1.145548786E3,-4.432330272E1
1.145654511E3,-4.486195249E1
1.145759424E3,-4.276493423E1
1.145865492E3,-4.508708359E1
1.145969784E3,-4.346613258E1
1.146071287E3,-4.468603388E1
1.146174622E3,-4.837429177E1
1.146280930E3,-4.721468585E1
1.146384725E3,-4.717409351E1
1.146488351E3,-4.533687608E1
1.146594609E3,-3.805946920E1
1.146698940E3,-4.126153612E1
1.146804954E3,-4.228115361E1
1.146911278E3,-4.462268113E1
1.147015582E3,-4.544824363E1
1.147121897E3,-4.707115706E1
1.147228188E3,-5.108334089E1
1.147334440E3,-5.141432962E1
1.147440776E3,-4.855741230E1
1.147545998E3,-4.915922431E1
1.147648934E3,-4.867247557E1
1.147754384E3,-4.615711844E1
1.147859352E3,-4.356532383E1
1.147965680E3,-4.717410565E1
1.148071499E3,-4.482472359E1
1.148177776E3,-4.836581023E1
1.148282340E3,-4.606261514E1
1.148387576E3,-4.310241620E1
1.148493951E3,-4.405069353E1
1.148599022E3,-4.690787926E1
1.148704781E3,-4.500419966E1
1.148811101E3,-4.848230873E1
1.148915714E3,-4.769020756E1
1.149021271E3,-4.955297255E1
1.149126861E3,-4.808778827E1
1.149232390E3,-5.020864411E1
1.149338138E3,-4.794286424E1
1.149444468E3,-4.934310583E1
1.149549069E3,-4.946692732E1
1.149654787E3,-4.979795766E1
1.149759391E3,-5.097881767E1
1.149865329E3,-4.714713723E1
1.149970737E3,-4.871004608E1
1.150077101E3,-5.139273235E1
1.150182493E3,-4.679803670E1
1.150288109E3,-4.977694203E1
1.150391404E3,-4.816663982E1
1.150497832E3,-4.782949106E1
1.150599165E3,-4.809343723E1
1.150704787E3,-4.993341548E1
1.150811071E3,-4.986413374E1
1.150915829E3,-4.940346384E1
1.151021494E3,-5.008813421E1
1.151126287E3,-4.018779979E1
1.151232521E3,-3.667415078E1
1.151338871E3,-4.464452706E1
1.151445277E3,-4.606759154E1
1.151550063E3,-4.124409429E1
1.151656476E3,-4.915490846E1
1.151759387E3,-4.252838219E1
1.151865420E3,-4.747117694E1
1.151966730E3,-4.341975263E1
1.152073055E3,-4.581205113E1
1.152179397E3,-4.436427132E1
1.152282641E3,-4.188341940E1
1.152389073E3,-4.456790856E1
1.152495517E3,-4.137507777E1
1.152599361E3,-3.655645462E1
1.152705660E3,-4.215903293E1
1.152811946E3,-4.649738173E1
1.152916005E3,-4.394095357E1
1.153016801E3,-4.377847627E1
1.153123100E3,-4.307024990E1
1.153226500E3,-4.659198405E1
1.153332786E3,-4.377891619E1
1.153439214E3,-4.235400301E1
1.153545570E3,-4.483725809E1
1.153649394E3,-4.474409146E1
1.153754808E3,-4.483537653E1
1.153859163E3,-4.523729709E1
1.153962000E3,-4.641697523E1
1.154063426E3,-4.707733379E1
1.154166097E3,-4.194798154E1
1.154272357E3,-4.113751039E1
1.154378808E3,-4.354246928E1
1.154482846E3,-4.680738086E1
1.154588587E3,-5.059742141E1
1.154691347E3,-4.835647360E1
1.154796473E3,-5.046991263E1
1.154899501E3,-4.932634802E1
1.155005257E3,-5.071342512E1
1.155111518E3,-4.854059191E1
1.155216166E3,-5.027591970E1
1.155322450E3,-4.967446504E1
1.155428819E3,-4.888778134E1
1.155532888E3,-4.787986301E1
1.155639216E3,-4.901613561E1
1.155741232E3,-5.066583702E1
1.155846822E3,-5.036953746E1
1.155949568E3,-4.844232655E1
1.156055871E3,-4.803784319E1
1.156159366E3,-3.452256219E1
1.156263292E3,-3.737256113E1
1.156366314E3,-4.333076565E1
1.156472757E3,-4.778622373E1
1.156579123E3,-4.048857806E1
1.156682949E3,-3.874898349E1
1.156788163E3,-4.886305255E1
1.156892534E3,-4.023593093E1
1.156998845E3,-4.311544150E1
1.157100462E3,-4.783880607E1
1.157202881E3,-4.521913484E1
1.157306574E3,-4.553967937E1
1.157412989E3,-4.531498900E1
1.157517173E3,-4.397939521E1
1.157621808E3,-4.527653702E1
1.157726326E3,-4.564777472E1
1.157832606E3,-4.519994075E1
1.157938494E3,-4.784408909E1
1.158044854E3,-4.691351558E1
1.158149723E3,-4.856175272E1
1.158255122E3,-5.138252759E1
1.158359419E3,-4.946152521E1
1.158465864E3,-5.049198253E1
1.158567240E3,-4.999385837E1
1.158673578E3,-5.038697380E1
1.158779868E3,-4.941898828E1
1.158883148E3,-4.952788322E1
1.158989505E3,-4.826874918E1
1.159092612E3,-4.967539896E1
1.159194592E3,-4.913304434E1
1.159299937E3,-4.720080582E1
1.159402892E3,-4.743075953E1
1.159509262E3,-4.664673788E1
1.159615517E3,-4.997808966E1
1.159717303E3,-4.743716065E1
1.159821850E3,-4.519622880E1
1.159926932E3,-4.571866938E1
1.160033225E3,-4.345320648E1
1.160139472E3,-4.682845168E1
1.160242620E3,-4.698801340E1
1.160348961E3,-4.937884560E1
1.160454636E3,-4.859514428E1
1.160559322E3,-4.713263145E1
1.160664603E3,-4.990884391E1
1.160766587E3,-4.881159852E1
1.160872933E3,-4.902066115E1
1.160975001E3,-4.802976358E1
1.161077004E3,-4.223314235E1
1.161182913E3,-4.063639164E1
1.161289313E3,-4.021256875E1
1.161392618E3,-4.901653732E1
1.161498908E3,-4.334076505E1
1.161600807E3,-4.801494548E1
1.161706351E3,-4.303812019E1
1.161809213E3,-4.548810919E1
1.161914430E3,-4.383412820E1
1.162016725E3,-4.593792477E1
1.162117486E3,-4.862179976E1
1.162223756E3,-4.567355481E1
1.162327910E3,-4.617389152E1
1.162433431E3,-5.032952310E1
1.162539770E3,-4.904282042E1
1.162646142E3,-4.639596948E1
1.162750144E3,-4.997466287E1
1.162856476E3,-4.916249962E1
1.162959355E3,-4.725295562E1
1.163064020E3,""
1.163166874E3,""
1.163273287E3,""
1.163379612E3,""
1.163483510E3,""
1.163589812E3,""
1.163696168E3,""
1.163800189E3,""
1.163906533E3,""
1.164012779E3,""
1.164116924E3,""
1.164217627E3,""
1.164324022E3,""
1.164430441E3,""
1.164533585E3,""
1.164639947E3,""
1.164746276E3,""
1.164850323E3,""
1.164956591E3,""
1.165059404E3,""
1.165165680E3,""
1.165266977E3,""
1.165373272E3,""
1.165476996E3,""
1.165583221E3,""
1.165689504E3,""
1.165793604E3,""
1.165899894E3,""
1.166006242E3,""
1.166110732E3,""
1.166217067E3,""
1.166317815E3,""
1.166423707E3,""
1.166529994E3,""
1.166633745E3,""
1.166740036E3,""
1.166846321E3,""
1.166950431E3,""
1.167056734E3,""
1.167159401E3,""
1.167265790E3,""
1.167367942E3,""
1.167469544E3,""
1.167572443E3,""
1.167676587E3,""
1.167782873E3,""
1.167889265E3,""
1.167995622E3,""
1.168100524E3,""
1.168202848E3,""
1.168309231E3,""
1.168414577E3,""
1.168517213E3,""
1.168621210E3,""
1.168726929E3,""
1.168831267E3,""
1.168933892E3,""
1.169040208E3,""
1.169146775E3,""
1.169250568E3,""
1.169356936E3,""
1.169459351E3,""
1.169565619E3,""
1.169668120E3,""
1.169774458E3,""
1.169880798E3,""
1.169983984E3,""
1.170086007E3,""
1.170192348E3,""
1.170298767E3,""
1.170400677E3,""
1.170506997E3,""
1.170613260E3,""
1.170719438E3,""
1.170825096E3,""
1.170931353E3,""
1.171034050E3,""
1.171139392E3,""
1.171245752E3,""
1.171350777E3,""
1.171456046E3,""
1.171559362E3,""
1.171665663E3,""
1.171770812E3,""
1.171877161E3,""
1.171981293E3,""
1.172084947E3,""
1.172191365E3,""
1.172294649E3,""
1.172400930E3,""
1.172507391E3,""
1.172610793E3,""
1.172717115E3,""
1.172823408E3,""
1.172929715E3,""
1.173034219E3,""
1.173140549E3,""
1.173243739E3,""
1.173350123E3,""
1.173452844E3,""
1.173559111E3,""
1.173662525E3,""
1.173768441E3,""
1.173874747E3,""
1.173981039E3,""
1.174085117E3,""
1.174191376E3,""
1.174297714E3,""
1.174401817E3,""
1.174508157E3,""
1.174614461E3,""
1.174718473E3,""
1.174824663E3,""
1.174930223E3,""
1.175035201E3,""
1.175141604E3,""
1.175244013E3,""
1.175350410E3,""
1.175451861E3,""
1.175558197E3,""
1.175664487E3,""
1.175767726E3,""
1.175874088E3,""
1.175980364E3,""
1.176084439E3,""
1.176185798E3,""
1.176292227E3,""
1.176393923E3,""
1.176500269E3,""
1.176606616E3,""
1.176712854E3,""
1.176817851E3,""
1.176924111E3,""
1.177030391E3,""
1.177134495E3,""
1.177239956E3,""
1.177346428E3,""
1.177451207E3,""
1.177556576E3,""
1.177659386E3,""
1.177765659E3,""
1.177867919E3,""
1.177972689E3,""
1.178078960E3,""
1.178184613E3,""
1.178290955E3,""
1.178394109E3,""
1.178498613E3,""
1.178601308E3,""
1.178707641E3,""
1.178813939E3,""
1.178917974E3,""
1.179024279E3,""
1.179130553E3,""
1.179234749E3,""
1.179341203E3,""
1.179447545E3,""
1.179551357E3,""
1.179657631E3,""
1.179759371E3,""
1.179863103E3,""
1.179968884E3,""
1.180075224E3,""
1.180181509E3,""
1.180285654E3,""
1.180392017E3,""
1.180498314E3,""
1.180602272E3,""
1.180708512E3,""
1.180814824E3,""
1.180919207E3,""
1.181025559E3,""
1.181128026E3,""
1.181234437E3,""
1.181340820E3,""
1.181447140E3,""
1.181551499E3,""
1.181657806E3,""
1.181759369E3,""
1.181865279E3,""
1.181968252E3,""
1.182074585E3,""
1.182177976E3,""
1.182281919E3,""
1.182384913E3,""
1.182491248E3,""
1.182595316E3,""
1.182701601E3,""
1.182808050E3,""
1.182909999E3,""
1.183016399E3,""
1.183118300E3,""
1.183223742E3,""
1.183330138E3,""
1.183434996E3,""
1.183540328E3,""
1.183646634E3,""
1.183751735E3,""
1.183858041E3,""
1.183964315E3,""
1.184068442E3,""
1.184173798E3,""
1.184278077E3,""
1.184381911E3,""
1.184485103E3,""
1.184590482E3,""
1.184696808E3,""
1.184801779E3,""
1.184907973E3,""
1.185014287E3,""
1.185118466E3,""
1.185224086E3,""
1.185327962E3,""
1.185434293E3,""
1.185535917E3,""
1.185642170E3,""
1.185745039E3,""
1.185851304E3,""
1.185952641E3,""
1.186057552E3,""
1.186159365E3,""
1.186263112E3,""
1.186368575E3,""
1.186474865E3,""
1.186578531E3,""
1.186684851E3,""
1.186791229E3,""
1.186895056E3,""
1.186996907E3,""
1.187101952E3,""
1.187207737E3,""
1.187311398E3,""
1.187416037E3,""
1.187518628E3,""
1.187619420E3,""
1.187723365E3,""
1.187829597E3,""
1.187935351E3,""
1.188041735E3,""
1.188145209E3,""
1.188247963E3,""
1.188352869E3,""
1.188459223E3,""
1.188561857E3,""
1.188668157E3,""
1.188769498E3,""
1.188875312E3,""
1.188977594E3,""
1.189083928E3,""
1.189185547E3,""
1.189287369E3,""
1.189393700E3,""
1.189495221E3,""
1.189598883E3,""
1.189702159E3,""
1.189808066E3,""
1.189914390E3,""
1.190019656E3,""
1.190125951E3,""
1.190232289E3,""
1.190335534E3,""
1.190441155E3,""
1.190543964E3,""
1.190647951E3,""
1.190752217E3,""
1.190857924E3,""
1.190959371E3,""
1.191062576E3,""
1.191169020E3,""
1.191274173E3,""
1.191380569E3,""
1.191485631E3,""
1.191590865E3,""
1.191697230E3,""
1.191802321E3,""
1.191907930E3,""
1.192010841E3,""
1.192115503E3,""
1.192219055E3,""
1.192325459E3,""
1.192431871E3,""
1.192535739E3,""
1.192642104E3,""
1.192744945E3,""
1.192848905E3,""
1.192953557E3,""
1.193059422E3,""
1.193161502E3,""
1.193267985E3,""
1.193370215E3,""
1.193476628E3,""
1.193578093E3,""
1.193684581E3,""
1.193786924E3,""
1.193893336E3,""
1.193994764E3,""
1.194101185E3,""
1.194203181E3,""
1.194309956E3,""
1.194411454E3,""
1.194517827E3,""
1.194620267E3,""
1.194726665E3,""
1.194828094E3,""
1.194934652E3,""
1.195036797E3,""
1.195143154E3,""
1.195244635E3,""
1.195351208E3,""
1.195452662E3,""
1.195559118E3,""
1.195661588E3,""
1.195767965E3,""
1.195874371E3,""
1.195976008E3,""
1.196078219E3,""
1.196184886E3,""
1.196291372E3,""
1.196394908E3,""
1.196501482E3,""
1.196607952E3,""
1.196711631E3,""
1.196817567E3,""
1.196919412E3,""
1.197025395E3,""
1.197128293E3,""
1.197234665E3,""
1.197336105E3,""
1.197441836E3,""
1.197546516E3,""
1.197652797E3,""
1.197759234E3,""
1.197861612E3,""
1.197967946E3,""
1.198069496E3,""
1.198175886E3,""
1.198277666E3,""
1.198381604E3,""
1.198486205E3,""
1.198591685E3,""
1.198694265E3,""
1.198800655E3,""
1.198902886E3,""
1.199008298E3,""
1.199110831E3,""
1.199216618E3,""
1.199319575E3,""
1.199424997E3,""
1.199527473E3,""
1.199631371E3,""
1.199736273E3,""
1.199841738E3,""
1.199944184E3,""
1.200050569E3,""
1.200154143E3,""
1.200259434E3,""
1.200365770E3,""
1.200469714E3,""
1.200575695E3,""
1.200677405E3,""
1.200783768E3,""
1.200886343E3,""
1.200992354E3,""
1.201094077E3,""
1.201198192E3,""
1.201303097E3,""
1.201408979E3,""
1.201510713E3,""
1.201613893E3,""
1.201719773E3,""
1.201825712E3,""
1.201927386E3,""
1.202032636E3,""
1.202137619E3,""
1.202243258E3,""
1.202349782E3,""
1.202453220E3,""
1.202558587E3,""
1.202664837E3,""
1.202769785E3,""
1.202874626E3,""
1.202980970E3,""
1.203086490E3,""
1.203192099E3,""
1.203294691E3,""
1.203401037E3,""
1.203503205E3,""
1.203608568E3,""
1.203714890E3,""
1.203819852E3,""
1.203926111E3,""
1.204032438E3,""
1.204137476E3,""
1.204243929E3,""
1.204346869E3,""
1.204452834E3,""
1.204559224E3,""
1.204665549E3,""
1.204770765E3,""
1.204877071E3,""
1.204983440E3,""
1.205087461E3,""
1.205193896E3,""
1.205300328E3,""
1.205404946E3,""
1.205511359E3,""
1.205617600E3,""
1.205720833E3,""
1.205826481E3,""
1.205931249E3,""
1.206036754E3,""
1.206138383E3,""
1.206242699E3,""
1.206348979E3,""
1.206454269E3,""
1.206559419E3,""
1.206665675E3,""
1.206770209E3,""
1.206876482E3,""
1.206982787E3,""
1.207087495E3,""
1.207193032E3,""
1.207299092E3,""
1.207404202E3,""
1.207508746E3,""
1.207613951E3,""
1.207719799E3,""
1.207822916E3,""
1.207928706E3,""
1.208033347E3,""
1.208136949E3,""
1.208240837E3,""
1.208346894E3,""
1.208453100E3,""
1.208558136E3,""
1.208662117E3,""
1.208764171E3,""
1.208870109E3,""
1.208975698E3,""
1.209081290E3,""
1.209186862E3,""
1.209287787E3,""
1.209393993E3,""
1.209499652E3,""
1.209603556E3,""
1.209704429E3,""
1.209810295E3,""
1.209915450E3,""
1.210020420E3,""
1.210123784E3,""
1.210230229E3,""