"Time (s)","Sound pressure level (dB)"
0.000000000E0,-5.796252832E1
1.064328000E0,-5.548080563E1
1.179598042E0,-5.474936445E1
1.285232625E0,-4.917609622E1
1.390211833E0,-4.158366772E1
1.494686750E0,-4.614470575E1
1.597678917E0,-4.927582296E1
1.700635833E0,-5.133049812E1
1.806946958E0,-5.138910298E1
1.912097625E0,-5.346329633E1
2.018150167E0,-4.945252523E1
2.124293375E0,-5.319263762E1
2.229791750E0,-4.809615716E1
2.336129125E0,-4.554628772E1
2.440926167E0,-4.709260746E1
2.546421000E0,-4.850972168E1
2.651285833E0,-4.759712186E1
2.757558167E0,-4.652689774E1
2.863143458E0,-4.800831632E1
2.969458083E0,-4.808614049E1
3.074306458E0,-5.026648543E1
3.179849333E0,-4.427511794E1
3.286191458E0,-4.746610773E1
3.390938708E0,-4.330667541E1
3.496519833E0,-4.370836818E1
3.601334667E0,-3.948147139E1
3.707694917E0,-4.106580516E1
3.813124083E0,-4.928043173E1
3.917327458E0,-4.513207167E1
4.023787208E0,-4.106596342E1
4.129836375E0,-4.492250899E1
4.235614542E0,-4.737862661E1
4.340982542E0,-4.788062067E1
4.447017792E0,-5.005223668E1
4.553366708E0,-5.228318472E1
4.657659417E0,-4.993866272E1
4.763238000E0,-4.784835740E1
4.866164875E0,-5.085636363E1
4.972604458E0,-5.039636880E1
5.074481958E0,-5.199395390E1
5.178860208E0,-4.987525524E1
5.279854125E0,-4.909700782E1
5.381594417E0,-4.936261315E1
5.483171625E0,-5.005762054E1
5.589524167E0,-5.160014051E1
5.691189000E0,-5.195907852E1
5.797659667E0,-5.252576685E1
5.903948583E0,-5.093609818E1
6.007878000E0,-5.065141661E1
6.113291833E0,-4.978706176E1
6.219833375E0,-5.170047626E1
6.324496167E0,-4.919425126E1
6.429877917E0,-4.860145619E1
6.536305500E0,-5.275928488E1
6.641238083E0,-5.173309730E1
6.746574333E0,-4.918379428E1
6.849640875E0,-5.250299610E1
6.955961667E0,-5.310660942E1
7.057882542E0,-5.207741878E1
7.163076792E0,-4.567337812E1
7.267851042E0,-4.702958643E1
7.373377208E0,-4.367944196E1
7.474475125E0,-5.314311097E1
7.579716167E0,-4.739829426E1
7.683150000E0,-4.826859154E1
7.789016417E0,-4.755207793E1
7.891344333E0,-4.880221684E1
7.997696583E0,-4.798730761E1
8.102133042E0,-5.150911639E1
8.208053583E0,-4.720196163E1
8.312200917E0,-4.663780354E1
8.414166750E0,-4.747916114E1
8.520387667E0,-4.502341921E1
8.626768625E0,-4.300564486E1
8.729741625E0,-3.134307926E1
8.834684708E0,-4.694979156E1
8.940151000E0,-4.580177722E1
9.046536833E0,-4.721468539E1
9.153364375E0,-4.917368071E1
9.258101333E0,-5.196525352E1
9.363222417E0,-5.350354101E1
9.469337333E0,-5.356837558E1
9.574791458E0,-5.246597021E1
9.679882042E0,-5.251851442E1
9.786523000E0,-5.400121143E1
9.891506208E0,-5.198135698E1
9.997650625E0,-5.216725303E1
1.010119787E1,-5.358804777E1
1.020758850E1,-5.261132568E1
1.031323762E1,-5.149575340E1
1.041642242E1,-4.270353911E1
1.052267271E1,-4.305951362E1
1.062483096E1,-4.691372728E1
1.073116596E1,-5.100953009E1
1.083748671E1,-5.258439775E1
1.094149550E1,-5.258828337E1
1.104656917E1,-5.318542027E1
1.115067308E1,-5.354011676E1
1.125651121E1,-4.992706195E1
1.135819067E1,-5.295146726E1
1.146454087E1,-5.171848698E1
1.157085017E1,-5.345551157E1
1.167489433E1,-5.020685171E1
1.177983437E1,-4.813490035E1
1.188628104E1,-4.937209824E1
1.199162013E1,-5.039687053E1
1.209770933E1,-5.267431394E1
1.220048504E1,-5.146452557E1
1.230406812E1,-5.003844040E1
1.240828567E1,-5.225791202E1
1.251415600E1,-4.911628180E1
1.261980796E1,-5.085149516E1
1.272496725E1,-5.020297445E1
1.283121583E1,-5.154647248E1
1.293747125E1,-5.297978299E1
1.304171158E1,-5.270783392E1
1.314805187E1,-5.349469620E1
1.325440717E1,-5.408830826E1
1.335839596E1,-5.443600533E1
1.346071483E1,-5.301061697E1
1.356697625E1,-5.096045618E1
1.367068917E1,-5.227639549E1
1.377506875E1,-5.066253965E1
1.388138212E1,-5.033066481E1
1.398775217E1,-5.136999703E1
1.409176592E1,-4.912964043E1
1.419716804E1,-5.049173138E1
1.430062663E1,-4.962596731E1
1.440692900E1,-5.136059934E1
1.450845142E1,-5.040103695E1
1.461475508E1,-5.157895757E1
1.472103425E1,-4.947370592E1
1.482520837E1,-5.063424328E1
1.493079750E1,-5.040401919E1
1.503228250E1,-5.062722240E1
1.513813708E1,-5.175882271E1
1.524181746E1,-5.140648572E1
1.534794287E1,-5.073189819E1
1.545408650E1,-5.087967899E1
1.555849137E1,-5.404637752E1
1.566456954E1,-5.227973100E1
1.577101754E1,-5.279276409E1
1.587519458E1,-5.319272142E1
1.598159454E1,-5.112880862E1
1.608433754E1,-4.800412099E1
1.618676312E1,-4.443480603E1
1.629186517E1,-4.717526919E1
1.639764796E1,-4.462420336E1
1.650426537E1,-4.800036293E1
1.660864621E1,-4.588099221E1
1.671507217E1,-4.632749391E1
1.682061300E1,-5.235132178E1
1.692526671E1,-5.115791419E1
1.703069850E1,-4.698299059E1
1.713713483E1,-5.254670565E1
1.724202150E1,-5.174583996E1
1.734841462E1,-5.362055284E1
1.745477475E1,-5.166101291E1
1.755866812E1,-5.118692895E1
1.766498171E1,-5.171941569E1
1.777151667E1,-5.042489660E1
1.787534358E1,-3.615953713E1
1.798132058E1,-4.294029546E1
1.808417037E1,-4.230577169E1
1.818699546E1,-4.038873279E1
1.829194067E1,-5.134159227E1
1.839280579E1,-5.304829846E1
1.849759150E1,-5.196420285E1
1.860335733E1,-5.264387518E1
1.870875254E1,-5.360948506E1
1.881494717E1,-5.208110567E1
1.892064092E1,-5.243131089E1
1.902563054E1,-5.026957492E1
1.913067637E1,-4.699446814E1
1.923339525E1,-5.165749760E1
1.933964292E1,-5.022831602E1
1.944223496E1,-4.371340742E1
1.954862100E1,-4.375923469E1
1.965499450E1,-3.717447619E1
1.975888329E1,-4.326198200E1
1.986527071E1,-4.790087671E1
1.997089092E1,-5.046948565E1
2.007559592E1,-4.796226787E1
2.018205021E1,-4.541745393E1
2.028843125E1,-4.673231053E1
2.039232487E1,-4.558681643E1
2.049763117E1,-5.055445045E1
2.060070017E1,-5.164915760E1
2.070706467E1,-4.852339500E1
2.080899662E1,-5.186411580E1
2.091445783E1,-5.184574838E1
2.101926171E1,-5.320917492E1
2.112509962E1,-5.237484868E1
2.123010737E1,-5.253966413E1
2.133648717E1,-5.402234255E1
2.144239079E1,-5.472092385E1
2.154414321E1,-5.385660566E1
2.165056279E1,-5.403531513E1
2.175687208E1,-5.424471731E1
2.185904004E1,-5.220192629E1
2.196350729E1,-5.372515414E1
2.206954512E1,-5.314121094E1
2.217576175E1,-5.395651503E1
2.228080521E1,-5.355367309E1
2.238722383E1,-5.452181240E1
2.249237967E1,-5.400474614E1
2.259772933E1,-5.251637768E1
2.270413187E1,-5.184588860E1
2.280912858E1,-5.322495299E1
2.291499304E1,-5.383840674E1
2.302138037E1,-5.338808068E1
2.312580342E1,-5.512231178E1
2.323192417E1,-5.317131719E1
2.333458221E1,-5.389155010E1
2.343620662E1,-5.308420366E1
2.354245196E1,-5.407038477E1
2.364425175E1,-5.323114381E1
2.375057742E1,-5.285792596E1
2.385687454E1,-5.341491225E1
2.395905667E1,-5.269648337E1
2.406284958E1,-5.114885979E1
2.416841237E1,-5.281684166E1
2.427393546E1,-5.194177914E1
2.437575412E1,-5.426886125E1
2.447823342E1,-5.367615660E1
2.458374629E1,-5.438288164E1
2.468929475E1,-5.407889997E1
2.479259354E1,-5.347256333E1
2.489777996E1,-5.287474114E1
2.500423867E1,-5.303714688E1
2.510929329E1,-5.203803407E1
2.521566125E1,-5.201775265E1
2.532114954E1,-5.157934347E1
2.542602962E1,-5.238852960E1
2.553130942E1,-5.355361485E1
2.563729367E1,-5.378727139E1
2.574266646E1,-5.167909966E1
2.584917650E1,-5.042748368E1
2.595557762E1,-5.185337314E1
2.605933025E1,-4.815269126E1
2.616583058E1,-5.043346669E1
2.626897404E1,-5.029462936E1
2.637531454E1,-5.273819818E1
2.648168179E1,-5.032205188E1
2.658805275E1,-4.958832531E1
2.669259554E1,-5.270758061E1
2.679770929E1,-5.473939541E1
2.690315512E1,-5.223814395E1
2.700951096E1,-5.221304220E1
2.711592596E1,-5.432087662E1
2.722138812E1,-5.253187616E1
2.732605958E1,-5.438769118E1
2.743240783E1,-5.421615523E1
2.753870087E1,-5.361149633E1
2.764274717E1,-5.380931532E1
2.774908471E1,-5.159463798E1
2.785540300E1,-5.316779281E1
2.795949508E1,-5.279211224E1
2.806586767E1,-5.289998995E1
2.816823683E1,-5.307136248E1
2.827452742E1,-5.385643229E1
2.837612729E1,-5.310341051E1
2.848239417E1,-5.330308873E1
2.858401437E1,-5.595472128E1
2.868834367E1,-4.963155711E1
2.879281304E1,-4.182041942E1
2.889760187E1,-4.036643013E1
2.900068421E1,-3.909451218E1
2.910716242E1,-4.014525758E1
2.920910796E1,-4.429594330E1
2.931539412E1,-4.281996442E1
2.942165450E1,-4.126137970E1
2.952635654E1,-4.245105379E1
2.963268237E1,-4.681770278E1
2.973894304E1,-4.937688310E1
2.984289388E1,-5.243436666E1
2.994865450E1,-4.961604841E1
3.005055712E1,-5.297552302E1
3.015696058E1,-4.439344354E1
3.025961879E1,-4.354069857E1
3.036525337E1,-4.525843834E1
3.047068125E1,-4.426449004E1
3.057633042E1,-4.365182655E1
3.068193875E1,-5.193901105E1
3.078823883E1,-4.188645906E1
3.089302179E1,-4.565090982E1
3.099773729E1,-5.287674166E1
3.110421983E1,-5.296043532E1
3.120928329E1,-5.295233293E1
3.131527833E1,-5.498188179E1
3.142166229E1,-5.208056515E1
3.152640104E1,-5.376562817E1
3.163193233E1,-5.389738500E1
3.173819987E1,-5.410128347E1
3.184312058E1,-5.439255513E1
3.194866354E1,-5.306142566E1
3.205517479E1,-4.674057500E1
3.215987571E1,-3.032024314E1
3.226528629E1,-3.542679387E1
3.236894712E1,-4.687711643E1
3.247528062E1,-5.371969327E1
3.257725067E1,-5.352111325E1
3.268196279E1,-5.305501579E1
3.278583192E1,-5.399023571E1
3.289214292E1,-5.310104848E1
3.299772887E1,-5.330817524E1
3.310410079E1,-5.133914052E1
3.320944642E1,-5.079133974E1
3.331525804E1,-5.285776682E1
3.342171254E1,-5.387304525E1
3.352650462E1,-5.319551620E1
3.363099062E1,-5.395174992E1
3.373614529E1,-5.236784540E1
3.384287550E1,-5.234693337E1
3.394861967E1,-5.424540698E1
3.405505037E1,-5.331342303E1
3.415997754E1,-5.401872734E1
3.426526967E1,-4.050930115E1
3.437164742E1,-4.636001616E1
3.447667217E1,-4.163791777E1
3.458195817E1,-3.941629328E1
3.468692567E1,-4.728090900E1
3.479004158E1,-4.092865695E1
3.489334883E1,-3.951123351E1
3.499737613E1,-4.197853534E1
3.509981879E1,-4.401704524E1
3.520613179E1,-5.095689614E1
3.531004954E1,-4.548178086E1
3.541079621E1,-4.470594891E1
3.551464208E1,-4.616753181E1
3.561717554E1,-4.731952290E1
3.572347075E1,-4.549618061E1
3.582671575E1,-4.538365573E1
3.593080787E1,-4.869653630E1
3.603712467E1,-4.815617469E1
3.614342046E1,-4.879438234E1
3.624775567E1,-4.467962294E1
3.635415083E1,-4.623567690E1
3.646016687E1,-5.209533695E1
3.656654983E1,-5.351512053E1
3.667282575E1,-5.247639158E1
3.677678942E1,-5.223972425E1
3.687836379E1,-5.331938692E1
3.698420062E1,-5.418769468E1
3.709098496E1,-5.226970871E1
3.719361946E1,-5.185679646E1
3.729773608E1,-4.711073994E1
3.740052021E1,-4.650883001E1
3.750712254E1,-3.796450888E1
3.761026487E1,-3.717955576E1
3.771418671E1,-3.419401765E1
3.781623854E1,-2.704126750E1
3.792262317E1,-2.555222564E1
3.802698946E1,-3.281326713E1
3.813331404E1,-4.636336852E1
3.823957287E1,-4.650139616E1
3.834359375E1,-5.140567826E1
3.844950679E1,-4.850702467E1
3.855337179E1,-4.678381208E1
3.865501867E1,-4.929709507E1
3.876033496E1,-4.898112982E1
3.886612500E1,-5.057772933E1
3.896818117E1,-4.919900680E1
3.907322987E1,-5.194101800E1
3.917701621E1,-4.859156280E1
3.927869304E1,-4.639611355E1
3.938334392E1,-4.248569950E1
3.948981962E1,-5.013291856E1
3.959376771E1,-4.647174009E1
3.969764896E1,-4.435948960E1
3.980402025E1,-4.048189399E1
3.991042646E1,-4.383146990E1
4.001404933E1,-5.119594985E1
4.012049375E1,-5.337022605E1
4.022652971E1,-5.190199559E1
4.032774237E1,-5.158524250E1
4.043234508E1,-5.298702102E1
4.053797650E1,-5.560723417E1
4.064326333E1,-5.428033441E1
4.074892946E1,-5.324523259E1
4.085520529E1,-5.470801615E1
4.096046383E1,-5.246266466E1
4.106463346E1,-5.276674914E1
4.117094162E1,-5.189061834E1
4.127710896E1,-5.324022376E1
4.138304687E1,-5.405677514E1
4.148909750E1,-4.390789566E1
4.159389812E1,-5.244798039E1
4.169766883E1,-4.454131345E1
4.179977067E1,-4.781165308E1
4.190631196E1,-5.229005657E1
4.201063300E1,-4.864450881E1
4.211692425E1,-4.543524934E1
4.221938029E1,-5.381012202E1
4.232390021E1,-5.133082596E1
4.242728862E1,-5.390996850E1
4.253365021E1,-5.056556284E1
4.263766404E1,-4.881192171E1
4.274343900E1,-4.510200474E1
4.284929054E1,-4.783089565E1
4.295575675E1,-4.373226773E1
4.306069525E1,-5.007331164E1
4.316704008E1,-5.145845548E1
4.327343979E1,-5.394612937E1
4.337736454E1,-4.805505526E1
4.348327912E1,-4.446846151E1
4.358958617E1,-4.797089590E1
4.369402775E1,-4.258001051E1
4.379701050E1,-4.163335299E1
4.390340279E1,-4.905492042E1
4.400605846E1,-5.248909278E1
4.411071054E1,-5.402220034E1
4.421704521E1,-5.199700387E1
4.432342229E1,-4.292733123E1
4.442745500E1,-4.372905822E1
4.453388033E1,-4.676723421E1
4.463939504E1,-4.161264382E1
4.474395771E1,-4.239478089E1
4.484543333E1,-4.271627112E1
4.495098008E1,-5.252683320E1
4.505522100E1,-3.936032080E1
4.516064354E1,-4.357938632E1
4.526514412E1,-4.331671041E1
4.536699000E1,-4.547770550E1
4.547250758E1,-4.912112795E1
4.557734538E1,-5.438141249E1
4.567831146E1,-5.421961294E1
4.578466529E1,-5.361486090E1
4.588893179E1,-5.281919769E1
4.599428462E1,-5.240388279E1
4.609768592E1,-5.321081134E1
4.620403042E1,-5.374839464E1
4.631026079E1,-5.366458532E1
4.641588125E1,-5.373841707E1
4.652151771E1,-5.468004593E1
4.662768167E1,-5.200036759E1
4.673400575E1,-5.183096858E1
4.684037879E1,-5.172067916E1
4.694435750E1,-5.345264469E1
4.704709433E1,-4.673166040E1
4.715342500E1,-4.657716302E1
4.725899646E1,-4.964853025E1
4.736096258E1,-5.260164469E1
4.746740000E1,-5.447800994E1
4.757376004E1,-5.379247495E1
4.767775742E1,-5.313122060E1
4.778230292E1,-4.575125281E1
4.788866517E1,-4.638399112E1
4.799428079E1,-4.565659166E1
4.809768779E1,-4.802964862E1
4.820422867E1,-4.453740513E1
4.831059083E1,-4.204697197E1
4.841423371E1,-4.258684771E1
4.851673912E1,-4.598704523E1
4.862305450E1,-4.293466079E1
4.872769837E1,-4.210583594E1
4.883119779E1,-4.730411913E1
4.893755717E1,-4.809142893E1
4.904396708E1,-4.939543017E1
4.914965458E1,-4.867227410E1
4.925509708E1,-5.294369936E1
4.936114129E1,-4.323024576E1
4.946750562E1,-4.697820469E1
4.957097667E1,-4.407630815E1
4.967733433E1,-4.786305027E1
4.978370896E1,-4.958768603E1
4.988806208E1,-5.208377968E1
4.999407329E1,-5.468585786E1
5.009976454E1,-5.454638078E1
5.020606221E1,-5.448130369E1
5.031115767E1,-5.212105683E1
5.041402821E1,-5.422941777E1
5.051985858E1,-5.380537289E1
5.062623387E1,-5.501565980E1
5.072784442E1,-5.583292562E1
5.083417387E1,-5.289409904E1
5.093976333E1,-5.107844929E1
5.104454629E1,-5.403394077E1
5.115081888E1,-5.033237199E1
5.125541571E1,-4.718384236E1
5.136120588E1,-4.931330994E1
5.146756642E1,-4.677102075E1
5.157392492E1,-5.355020475E1
5.167795596E1,-5.179566597E1
5.178433492E1,-5.242289017E1
5.189064933E1,-5.358247893E1
5.199467267E1,-5.431900816E1
5.209765554E1,-5.466444395E1
5.220362733E1,-5.224012277E1
5.231002771E1,-5.346752965E1
5.241209604E1,-5.217593321E1
5.251346262E1,-5.386716581E1
5.261983092E1,-5.225281049E1
5.272618946E1,-5.360949993E1
5.283140700E1,-4.527029140E1
5.293784208E1,-4.527544352E1
5.304341654E1,-4.869788000E1
5.314671908E1,-4.620989006E1
5.325297546E1,-4.047963438E1
5.335922213E1,-4.218668630E1
5.346128621E1,-5.014720120E1
5.356218071E1,-4.098316860E1
5.366856221E1,-4.281943921E1
5.377497271E1,-4.174909474E1
5.387814433E1,-4.514867990E1
5.398422842E1,-5.078797831E1
5.409052238E1,-5.178977936E1
5.419481133E1,-5.161907746E1
5.429765383E1,-5.345692332E1
5.440308487E1,-4.825636238E1
5.450948325E1,-4.874627172E1
5.461357546E1,-3.817751069E1
5.471992654E1,-4.175964526E1
5.482623942E1,-4.925919812E1
5.492816037E1,-4.469668774E1
5.503446842E1,-4.267830591E1
5.514012575E1,-4.388378743E1
5.524486313E1,-4.500086845E1
5.534780037E1,-5.288365457E1
5.544965242E1,-4.964277039E1
5.555593121E1,-4.802753047E1
5.566153746E1,-4.429645001E1
5.576708725E1,-4.171043606E1
5.586989771E1,-4.427933618E1
5.597401762E1,-4.651777035E1
5.607832600E1,-4.708299286E1
5.618176992E1,-4.689536925E1
5.628799017E1,-4.734966202E1
5.639158408E1,-4.735423003E1
5.649709475E1,-4.359590398E1
5.660219071E1,-4.295719794E1
5.670854917E1,-4.733200855E1
5.681163458E1,-4.560650501E1
5.691801458E1,-5.184908928E1
5.702207804E1,-5.082570120E1
5.712835533E1,-5.233857670E1
5.723463479E1,-5.247911675E1
5.733837025E1,-5.385808211E1
5.744452854E1,-3.816673334E1
5.754821575E1,-4.606660113E1
5.765398562E1,-5.367818779E1
5.776035117E1,-4.776589406E1
5.786183642E1,-4.478537250E1
5.796800000E1,-4.932438806E1
5.807396821E1,-4.874129183E1
5.817849583E1,-5.272440770E1
5.828399504E1,-5.314760602E1
5.838974275E1,-5.100573712E1
5.849517629E1,-5.409028974E1
5.859764367E1,-5.440316811E1
5.870396325E1,-5.250456552E1
5.881035375E1,-5.332615243E1
5.891181367E1,-5.306258008E1
5.901809004E1,-5.349557773E1
5.912436404E1,-5.392417462E1
5.922848300E1,-4.531943923E1
5.932924837E1,-4.370212265E1
5.943530700E1,-4.794593924E1
5.954149538E1,-5.026727305E1
5.964519558E1,-5.289586291E1
5.975153350E1,-5.363058682E1
5.985813021E1,-4.844804877E1
5.996188142E1,-5.182854272E1
6.006809579E1,-5.377843434E1
6.017409100E1,-5.247945197E1
6.027862171E1,-5.354644660E1
6.038402108E1,-5.448915987E1
6.048917337E1,-5.251236120E1
6.059531121E1,-4.506291805E1
6.069767925E1,-3.979673739E1
6.080411671E1,-4.529609109E1
6.091055300E1,-5.338650130E1
6.101201250E1,-4.790476296E1
6.111618704E1,-5.348732534E1
6.121856500E1,-5.359742682E1
6.132500454E1,-5.222760745E1
6.142867592E1,-5.443101780E1
6.153080483E1,-4.117835778E1
6.163264433E1,-4.733291707E1
6.173393579E1,-3.787218949E1
6.184031396E1,-4.258975766E1
6.194538700E1,-4.330911762E1
6.205174758E1,-5.095502568E1
6.215809067E1,-5.246840882E1
6.226208154E1,-5.302748438E1
6.236733017E1,-4.716709528E1
6.247370421E1,-5.038982133E1
6.257867242E1,-4.526163105E1
6.268322737E1,-4.740584415E1
6.278962037E1,-4.558884426E1
6.289555300E1,-4.375691797E1
6.299760892E1,-4.455236267E1
6.310394733E1,-4.597060015E1
6.321027417E1,-4.448997910E1
6.331221492E1,-4.571346719E1
6.341770875E1,-3.949139574E1
6.352395325E1,-4.316385064E1
6.362871713E1,-5.157077079E1
6.372978292E1,-4.508797672E1
6.383414854E1,-4.962325311E1
6.393988987E1,-5.360776012E1
6.404561717E1,-5.349141795E1
6.414968821E1,-4.530767452E1
6.425580637E1,-4.491720517E1
6.436150187E1,-3.861168852E1
6.446302921E1,-4.325754371E1
6.456937862E1,-4.743203745E1
6.467579100E1,-4.737267086E1
6.477897775E1,-4.758000858E1
6.488528646E1,-5.043804858E1
6.499115258E1,-4.942716310E1
6.509567221E1,-4.945570049E1
6.519769600E1,-4.366507694E1
6.530398204E1,-4.894237386E1
6.540682325E1,-4.353714383E1
6.551240908E1,-4.649105806E1
6.561589646E1,-4.776693702E1
6.572190612E1,-4.569829731E1
6.582831904E1,-5.380541383E1
6.592981233E1,-4.736485518E1
6.603456037E1,-4.619412768E1
6.613969717E1,-4.864366053E1
6.624526796E1,-4.735347340E1
6.634960604E1,-5.134620647E1
6.645593654E1,-4.359094455E1
6.656194362E1,-4.953537920E1
6.666829704E1,-5.214093234E1
6.677464775E1,-5.240467342E1
6.687910212E1,-5.344732455E1
6.698545537E1,-5.405229946E1
6.709175975E1,-5.407765756E1
6.719768621E1,-5.296272057E1
6.730388029E1,-5.165242697E1
6.741019296E1,-5.325556002E1
6.751243592E1,-5.177698419E1
6.761616129E1,-5.318381676E1
6.771873496E1,-4.852138394E1
6.782382400E1,-5.224303503E1
6.792919063E1,-5.305485924E1
6.803558746E1,-5.342843360E1
6.814067237E1,-5.448089661E1
6.824581767E1,-4.689923809E1
6.835212733E1,-4.927286573E1
6.845838517E1,-5.132235967E1
6.856252204E1,-4.998397286E1
6.866519608E1,-4.726104491E1
6.877093867E1,-4.907582836E1
6.887727146E1,-5.039836466E1
6.897926062E1,-5.066197381E1
6.908549771E1,-5.170563382E1
6.919155921E1,-5.199357577E1
6.929735029E1,-5.235981180E1
6.940365896E1,-5.411323426E1
6.950727621E1,-5.154384430E1
6.961258217E1,-5.296654108E1
6.971657692E1,-5.374892120E1
6.981900925E1,-5.274224055E1
6.992304446E1,-5.284507052E1
7.002937508E1,-5.521496071E1
7.013573808E1,-5.327379964E1
7.024200725E1,-5.438997240E1
7.034602679E1,-5.502957141E1
7.045258842E1,-5.253776258E1
7.055731308E1,-5.379514475E1
7.066269879E1,-5.311376132E1
7.076901833E1,-5.323470100E1
7.087539004E1,-5.141713315E1
7.097940592E1,-4.302376250E1
7.108576308E1,-4.437232800E1
7.119209037E1,-4.545996074E1
7.129690133E1,-4.491121605E1
7.140292375E1,-4.559804103E1
7.150579521E1,-4.404453158E1
7.160719946E1,-4.353393666E1
7.171280500E1,-4.655488855E1
7.181733383E1,-5.190625200E1
7.192378271E1,-5.083814834E1
7.202945446E1,-4.098666483E1
7.213209779E1,-3.973859194E1
7.223777925E1,-4.483854816E1
7.234403954E1,-5.352651712E1
7.244620138E1,-5.504866181E1
7.255260587E1,-5.329820365E1
7.265884621E1,-5.443013321E1
7.276287262E1,-5.328377803E1
7.286728858E1,-5.263895973E1
7.297365829E1,-5.344667391E1
7.307955267E1,-5.228717898E1
7.318583121E1,-5.064805833E1
7.329221817E1,-5.316467385E1
7.339704521E1,-5.499338747E1
7.349888046E1,-5.143299850E1
7.360518146E1,-5.008978555E1
7.370734808E1,-4.954843367E1
7.381298579E1,-5.133785690E1
7.391956404E1,-5.228731371E1
7.402585612E1,-5.296283655E1
7.412961787E1,-4.953080952E1
7.423594788E1,-5.159870687E1
7.434162029E1,-5.301341660E1
7.444638337E1,-5.330255324E1
7.455295925E1,-5.303880968E1
7.465552912E1,-5.499130177E1
7.476033942E1,-5.400247643E1
7.486303537E1,-5.081018224E1
7.496934133E1,-5.246662406E1
7.507340517E1,-5.262742021E1
7.517973371E1,-5.347159359E1
7.528385133E1,-5.485740919E1
7.538749854E1,-5.394486204E1
7.548946504E1,-5.217170857E1
7.559577683E1,-5.340591748E1
7.569772679E1,-5.412063815E1
7.580410162E1,-5.288945880E1
7.590969579E1,-5.426044737E1
7.601509108E1,-5.458977717E1
7.612138300E1,-4.031665324E1
7.622767517E1,-5.284922688E1
7.632978462E1,-5.357689746E1
7.643110246E1,-5.430818244E1
7.653786696E1,-5.514208325E1
7.664418167E1,-5.361712204E1
7.674648817E1,-5.448762822E1
7.685285629E1,-5.320002215E1
7.695804012E1,-5.518541784E1
7.706398175E1,-5.377840686E1
7.717035237E1,-5.449051006E1
7.727662429E1,-5.309835772E1
7.738133392E1,-5.310362990E1
7.748265321E1,-4.056442927E1
7.758588925E1,-4.220239542E1
7.768911379E1,-5.298009914E1
7.779534929E1,-5.320808770E1
7.789743042E1,-5.192546368E1
7.800379008E1,-5.236335274E1
7.810856971E1,-5.263574312E1
7.821336942E1,-5.333356882E1
7.831604713E1,-5.013360918E1
7.841864962E1,-5.205865985E1
7.852460004E1,-5.287334287E1
7.863000742E1,-5.392843059E1
7.873660075E1,-5.227198421E1
7.884068983E1,-5.306437644E1
7.894622321E1,-5.433058781E1
7.905261050E1,-5.177394316E1
7.915898158E1,-5.411031391E1
7.926337075E1,-5.292005052E1
7.936597100E1,-5.213912341E1
7.946838950E1,-5.344763853E1
7.957098467E1,-5.455542086E1
7.967690304E1,-5.280733274E1
7.978010746E1,-5.270365276E1
7.988485467E1,-5.309237098E1
7.998690104E1,-4.765261482E1
8.009326279E1,-4.917437506E1
8.019744592E1,-5.024316228E1
8.030365658E1,-4.882230542E1
8.040920954E1,-5.128403105E1
8.051339721E1,-5.194901039E1
8.061705287E1,-5.369172113E1
8.072156683E1,-5.401478365E1
8.082717521E1,-5.367964295E1
8.093006108E1,-5.281133071E1
8.103395642E1,-5.279695943E1
8.114032025E1,-5.383176784E1
8.124639179E1,-5.446276330E1
8.135232104E1,-5.322742375E1
8.145548808E1,-5.320869379E1
8.156192558E1,-5.182081527E1
8.166358362E1,-5.407984522E1
8.176999321E1,-5.591954372E1
8.187399704E1,-5.403404439E1
8.198030721E1,-5.041497236E1
8.208398104E1,-4.780337545E1
8.219029833E1,-4.844274771E1
8.229647346E1,-5.215616282E1
8.240304529E1,-5.240670693E1
8.250940379E1,-5.319625943E1
8.261363546E1,-5.158553316E1
8.272001087E1,-5.411025148E1
8.282649437E1,-5.023888999E1
8.293018583E1,-4.652151626E1
8.303577992E1,-4.775682311E1
8.314121542E1,-3.687347299E1
8.324697729E1,-3.692092442E1
8.335071521E1,-4.584917124E1
8.345706496E1,-4.758344124E1
8.356319562E1,-4.593438503E1
8.366950225E1,-4.789850275E1
8.377584004E1,-4.849206063E1
8.388028842E1,-5.122163364E1
8.398622021E1,-4.767172316E1
8.409064000E1,-5.090244138E1
8.419664817E1,-4.813222443E1
8.430298358E1,-5.255120804E1
8.440928071E1,-5.353744090E1
8.451374700E1,-5.532409503E1
8.462004633E1,-5.251468289E1
8.472643550E1,-5.333063436E1
8.483043900E1,-5.429524214E1
8.493674479E1,-5.280449829E1
8.504310271E1,-5.302673317E1
8.514715883E1,-5.524535749E1
8.525350833E1,-5.247437528E1
8.535986063E1,-5.036084987E1
8.546383508E1,-3.767840766E1
8.557012163E1,-3.600886958E1
8.567220021E1,-3.534210684E1
8.577504192E1,-3.675692349E1
8.588051621E1,-3.583322286E1
8.598678921E1,-3.804820299E1
8.609088625E1,-3.550477066E1
8.619682637E1,-4.007374930E1
8.630070208E1,-4.377139230E1
8.640700700E1,-4.385003397E1
8.651340817E1,-4.262431646E1
8.661977275E1,-4.318579562E1
8.672618275E1,-4.555384297E1
8.683060779E1,-5.110488420E1
8.693695067E1,-5.133981867E1
8.704264642E1,-4.799408279E1
8.714730537E1,-4.819423712E1
8.725297504E1,-4.952455751E1
8.735929908E1,-4.841629087E1
8.746404308E1,-4.796431390E1
8.756928642E1,-5.034565160E1
8.767555146E1,-4.378645835E1
8.778070550E1,-3.960073509E1
8.788715587E1,-3.948130738E1
8.799345496E1,-4.219812705E1
8.809741604E1,-4.528564273E1
8.820373325E1,-4.296185235E1
8.831012017E1,-4.440797860E1
8.841403967E1,-3.787975107E1
8.852034754E1,-3.857168069E1
8.862664800E1,-3.694655984E1
8.873083042E1,-3.508337546E1
8.883723087E1,-3.536105771E1
8.894015808E1,-4.715820006E1
8.904125871E1,-3.428225080E1
8.914744429E1,-3.349417011E1
8.924951108E1,-4.480331979E1
8.935551387E1,-4.238817198E1
8.946176021E1,-3.843621786E1
8.956488937E1,-4.892199854E1
8.967124137E1,-4.051049217E1
8.977760237E1,-4.381966254E1
8.988089800E1,-4.042728467E1
8.998730329E1,-3.561739457E1
9.009054087E1,-4.590182014E1
9.019636200E1,-4.168788939E1
9.030019533E1,-4.351348501E1
9.040143637E1,-4.326961170E1
9.050415212E1,-3.959542850E1
9.061047963E1,-4.395418523E1
9.071432213E1,-4.418170406E1
9.082077354E1,-5.140907152E1
9.092234942E1,-5.314147714E1
9.102837454E1,-5.262987642E1
9.113094167E1,-4.933190738E1
9.123717642E1,-4.450303036E1
9.134342979E1,-4.564323432E1
9.144762454E1,-4.733569868E1
9.155397071E1,-4.268694782E1
9.166026062E1,-4.494577273E1
9.176434800E1,-4.769888003E1
9.187075896E1,-4.846877348E1
9.197706342E1,-5.338083234E1
9.208180450E1,-5.310937847E1
9.218350392E1,-5.365352166E1
9.228929950E1,-5.019733392E1
9.239567933E1,-4.909509042E1
9.249768979E1,-4.736228244E1
9.260400383E1,-4.857324755E1
9.271031929E1,-5.373536441E1
9.281439458E1,-5.178128413E1
9.292073883E1,-5.177996689E1
9.302722550E1,-5.172598194E1
9.313101954E1,-4.688607645E1
9.323194075E1,-4.735357901E1
9.333824767E1,-4.756085389E1
9.344457875E1,-4.836089472E1
9.354778708E1,-4.948133778E1
9.365369775E1,-5.271323094E1
9.375973521E1,-5.335551698E1
9.386448642E1,-5.382449158E1
9.396973729E1,-5.451486282E1
9.407404375E1,-5.221669468E1
9.418044421E1,-5.320518680E1
9.428172246E1,-5.370677952E1
9.438604533E1,-4.892391625E1
9.448831042E1,-4.933485798E1
9.459472350E1,-4.634473185E1
9.469793258E1,-4.687624906E1
9.480090958E1,-4.409837151E1
9.490323675E1,-5.129529095E1
9.500434837E1,-4.922429037E1
9.511067192E1,-5.027787145E1
9.521462900E1,-5.444389000E1
9.531869175E1,-5.400390492E1
9.542512192E1,-5.443668127E1
9.553132467E1,-5.415932464E1
9.563762746E1,-5.348715997E1
9.574333575E1,-5.471513837E1
9.584801517E1,-5.254392066E1
9.595431908E1,-5.299780165E1
9.605672933E1,-5.236083792E1
9.616251925E1,-5.374085578E1
9.626469879E1,-5.369974542E1
9.636652187E1,-5.380803537E1
9.647107133E1,-5.361455969E1
9.657657450E1,-5.375384520E1
9.668128525E1,-5.397191505E1
9.678201783E1,-5.354549245E1
9.688754217E1,-5.279961104E1
9.699311621E1,-5.340503608E1
9.709812346E1,-4.227245074E1
9.720412279E1,-4.138657846E1
9.731052350E1,-5.281206645E1
9.741476675E1,-4.695321259E1
9.752113267E1,-5.152815247E1
9.762564158E1,-4.831113723E1
9.773097196E1,-4.617496172E1
9.783147475E1,-4.458279673E1
9.793336271E1,-4.328575687E1
9.803975212E1,-4.576776135E1
9.814544204E1,-4.830654209E1
9.824893679E1,-4.915128076E1
9.835530463E1,-5.123706152E1
9.845703658E1,-5.007705429E1
9.856333587E1,-5.175660773E1
9.866490425E1,-4.712536534E1
9.876719304E1,-4.465450775E1
9.887260171E1,-4.817527932E1
9.897654921E1,-4.761757806E1
9.908151104E1,-4.713958729E1
9.918744496E1,-4.888187160E1
9.929192783E1,-4.395915695E1
9.939826658E1,-4.772868828E1
9.950418783E1,-5.327795663E1
9.960733183E1,-5.362567864E1
9.971376038E1,-5.298877780E1
9.981734729E1,-5.230028104E1
9.992368396E1,-5.611402995E1
1.000274119E2,-5.379902139E1
1.001316331E2,-5.350646777E1
1.002376434E2,-5.197103675E1
1.003439890E2,-5.423094005E1
1.004483871E2,-5.271263877E1
1.005547749E2,-5.129909784E1
1.006573553E2,-5.181329062E1
1.007637424E2,-5.129756286E1
1.008657887E2,-5.272050562E1
1.009720643E2,-5.450102576E1
1.010781063E2,-5.058451967E1
1.011816867E2,-5.273914094E1
1.012840687E2,-5.309119059E1
1.013877680E2,-5.401388782E1
1.014914177E2,-5.396806667E1
1.015976234E2,-5.374084802E1
1.017039274E2,-5.369058882E1
1.018102992E2,-5.412140747E1
1.019150967E2,-5.547619333E1
1.020214363E2,-5.424342927E1
1.021244397E2,-5.348066872E1
1.022302714E2,-5.532738891E1
1.023317912E2,-5.274630177E1
1.024380748E2,-5.288085335E1
1.025444082E2,-5.345910369E1
1.026485004E2,-5.440952497E1
1.027514587E2,-5.431009944E1
1.028542095E2,-5.332485095E1
1.029604791E2,-5.255519449E1
1.030652283E2,-5.407778347E1
1.031715755E2,-5.392360219E1
1.032778783E2,-5.329667794E1
1.033818521E2,-5.481407409E1
1.034882047E2,-5.423034013E1
1.035945534E2,-5.286512970E1
1.036986282E2,-5.421179777E1
1.038050660E2,-5.269561264E1
1.039113703E2,-5.372746708E1
1.040152460E2,-5.443909078E1
1.041211696E2,-5.249260444E1
1.042264700E2,-5.362952119E1
1.043319282E2,-5.367026731E1
1.044381749E2,-5.447085775E1
1.045410122E2,-5.407275908E1
1.046472897E2,-5.315801273E1
1.047493865E2,-5.314130402E1
1.048556690E2,-5.482718043E1
1.049590171E2,-5.443302683E1
1.050652983E2,-5.303015301E1
1.051667310E2,-5.280369490E1
1.052724393E2,-5.475106555E1
1.053787990E2,-5.439905841E1
1.054819955E2,-5.400912142E1
1.055883094E2,-5.333382755E1
1.056946652E2,-5.290979395E1
1.057986405E2,-5.113690458E1
1.059004777E2,-5.393584089E1
1.060067580E2,-5.219267886E1
1.061131042E2,-5.478493845E1
1.062155526E2,-5.298625653E1
1.063219430E2,-5.408490882E1
1.064237845E2,-5.382228662E1
1.065276039E2,-5.213248501E1
1.066320907E2,-5.068963692E1
1.067384830E2,-5.194929829E1
1.068448172E2,-5.367774518E1
1.069487730E2,-5.285622247E1
1.070506020E2,-5.261253054E1
1.071568944E2,-5.230444001E1
1.072631970E2,-5.422499539E1
1.073654904E2,-5.346238378E1
1.074719250E2,-5.414787479E1
1.075781933E2,-4.697168390E1
1.076822908E2,-5.168540653E1
1.077845325E2,-5.177820367E1
1.078905980E2,-4.986393785E1
1.079958598E2,-5.048034781E1
1.080989128E2,-5.141626271E1
1.082051772E2,-5.284181523E1
1.083105914E2,-5.275545582E1
1.084163781E2,-5.191231894E1
1.085206330E2,-4.890169282E1
1.086270921E2,-4.866368482E1
1.087322845E2,-4.541340987E1
1.088386810E2,-4.376433723E1
1.089424138E2,-4.248173908E1
1.090485810E2,-3.994518631E1
1.091549754E2,-4.052214930E1
1.092613404E2,-4.187465231E1
1.093656917E2,-4.278360773E1
1.094684301E2,-4.340558626E1
1.095735388E2,-4.322321118E1
1.096795733E2,-4.537959728E1
1.097823868E2,-5.072735798E1
1.098840811E2,-4.614469300E1
1.099893565E2,-4.122155224E1
1.100957145E2,-4.381270690E1
1.101991826E2,-4.573779605E1
1.103055514E2,-4.348216588E1
1.104120102E2,-4.325429678E1
1.105157255E2,-4.623465407E1
1.106208635E2,-4.946052330E1
1.107271811E2,-4.841234867E1
1.108322936E2,-5.225268412E1
1.109378622E2,-5.312267933E1
1.110434056E2,-5.215170894E1
1.111485502E2,-5.439516239E1
1.112504573E2,-5.236193246E1
1.113516565E2,-3.788708878E1
1.114559164E2,-4.803872387E1
1.115586476E2,-5.296062012E1
1.116624769E2,-4.595875192E1
1.117656947E2,-4.254260975E1
1.118670372E2,-4.837500397E1
1.119725633E2,-4.589541536E1
1.120780520E2,-4.064090008E1
1.121824523E2,-4.445620155E1
1.122864337E2,-4.758001017E1
1.123905150E2,-5.210409853E1
1.124945642E2,-5.297630465E1
1.125991108E2,-5.301612999E1
1.126999278E2,-5.286137499E1
1.128047004E2,-5.430002869E1
1.129072028E2,-5.392729208E1
1.130120912E2,-4.486356558E1
1.131166226E2,-3.961594330E1
1.132173160E2,-4.128922861E1
1.133182500E2,-4.165004756E1
1.134237323E2,-4.675962512E1
1.135292109E2,-5.037108869E1
1.136325261E2,-4.521695987E1
1.137339263E2,-4.808956673E1
1.138394748E2,-4.551171148E1
1.139429365E2,-4.156447886E1
1.140452273E2,-4.785344438E1
1.141492320E2,-4.233992595E1
1.142500062E2,-4.526930067E1
1.143555055E2,-5.170624821E1
1.144571737E2,-5.407791404E1
1.145626843E2,-5.272176550E1
1.146659670E2,-5.303826096E1
1.147707652E2,-5.310310817E1
1.148763263E2,-5.438958540E1
1.149818505E2,-5.466687776E1
1.150826363E2,-4.432881739E1
1.151851679E2,-3.885240773E1
1.152858809E2,-4.514085440E1
1.153879142E2,-3.693130140E1
1.154924311E2,-4.041750740E1
1.155975215E2,-4.199620752E1
1.156993080E2,-4.812788545E1
1.158006320E2,-4.317578959E1
1.159065799E2,-4.095223011E1
1.160104739E2,-4.864461458E1
1.161156115E2,-4.811535868E1
1.162200503E2,-4.878981868E1
1.163256905E2,-4.357739771E1
1.164276690E2,-4.322652489E1
1.165328218E2,-4.036395727E1
1.166352495E2,-4.658974668E1
1.167408626E2,-5.226468163E1
1.168432463E2,-4.975823394E1
1.169490670E2,-5.109694572E1
1.170554098E2,-4.295242675E1
1.171617142E2,-4.506962722E1
1.172662952E2,-4.082113628E1
1.173726411E2,-5.027982440E1
1.174774812E2,-5.185482637E1
1.175829289E2,-5.263586581E1
1.176884066E2,-5.302659228E1
1.177947532E2,-5.233335603E1
1.178996156E2,-5.428619171E1
1.180058894E2,-5.433330559E1
1.181106184E2,-5.346498920E1
1.182163262E2,-5.079869310E1
1.183209722E2,-5.195055631E1
1.184273200E2,-5.317929646E1
1.185330260E2,-5.310706692E1
1.186394073E2,-5.428865694E1
1.187457715E2,-5.426905467E1
1.188496900E2,-5.353235054E1
1.189559836E2,-5.383642942E1
1.190587939E2,-5.522468999E1
1.191606515E2,-5.259496378E1
1.192664242E2,-5.318826275E1
1.193694677E2,-5.218077733E1
1.194731624E2,-5.258819312E1
1.195796995E2,-5.250105110E1
1.196831721E2,-5.336715771E1
1.197866022E2,-4.578891178E1
1.198929156E2,-5.085964343E1
1.199993109E2,-4.833210623E1
1.201012189E2,-4.585041104E1
1.202056421E2,-4.892560437E1
1.203116809E2,-5.217227967E1
1.204164915E2,-4.119666952E1
1.205228018E2,-4.226557657E1
1.206291825E2,-4.909969248E1
1.207332203E2,-5.298832438E1
1.208388875E2,-5.311898930E1
1.209396440E2,-5.171063328E1
1.210433146E2,-5.438905570E1
1.211495027E2,-5.204851564E1
1.212557330E2,-5.265204828E1
1.213614663E2,-5.344419323E1
1.214665590E2,-5.029936956E1
1.215728510E2,-5.258245513E1
1.216792029E2,-4.795223335E1
1.217833047E2,-4.765440414E1
1.218896401E2,-4.567716237E1
1.219936489E2,-4.625978773E1
1.220994392E2,-5.055228092E1
1.222024528E2,-5.084359877E1
1.223040205E2,-5.177071372E1
1.224103933E2,-5.293891490E1
1.225160476E2,-5.305704666E1
1.226174953E2,-4.903715070E1
1.227193561E2,-4.730523675E1
1.228217486E2,-5.029875512E1
1.229242828E2,-5.186839284E1
1.230270510E2,-5.130507385E1
1.231333343E2,-5.366435467E1
1.232396570E2,-5.331482933E1
1.233453055E2,-5.318481240E1
1.234501773E2,-5.351148729E1
1.235565707E2,-5.498263774E1
1.236592787E2,-5.416663752E1
1.237655664E2,-5.332592999E1
1.238675239E2,-5.201201394E1
1.239738108E2,-5.245211450E1
1.240792579E2,-5.274091787E1
1.241834145E2,-4.652392622E1
1.242897094E2,-4.626858860E1
1.243960343E2,-4.543158157E1
1.245002075E2,-5.046856614E1
1.246065882E2,-4.953582566E1
1.247129903E2,-5.168091109E1
1.248173528E2,-5.262564347E1
1.249235295E2,-5.097143384E1
1.250299740E2,-5.237119290E1
1.251335238E2,-5.236331035E1
1.252398350E2,-5.314518789E1
1.253462305E2,-5.319190986E1
1.254502372E2,-5.129438455E1
1.255560914E2,-5.235313439E1
1.256624259E2,-5.400798705E1
1.257669825E2,-5.356312656E1
1.258732964E2,-5.448138672E1
1.259796594E2,-5.171569711E1
1.260836177E2,-5.000675666E1
1.261864113E2,-5.090105819E1
1.262896150E2,-5.002361260E1
1.263961906E2,-5.360273977E1
1.265003889E2,-5.154994144E1
1.266028987E2,-5.422553423E1
1.267097352E2,-5.022882949E1
1.268136800E2,-4.162663541E1
1.269177939E2,-3.977299872E1
1.270192155E2,-4.408080506E1
1.271221957E2,-4.332446902E1
1.272286100E2,-4.765064315E1
1.273337450E2,-5.309269516E1
1.274385290E2,-5.013881359E1
1.275406473E2,-4.944023954E1
1.276470038E2,-4.980694512E1
1.277512230E2,-4.885621619E1
1.278528444E2,-4.784009147E1
1.279567436E2,-5.052390739E1
1.280591764E2,-4.935741825E1
1.281648092E2,-4.508985749E1
1.282669904E2,-4.379883961E1
1.283677803E2,-5.378668057E1
1.284731771E2,-4.567211357E1
1.285743882E2,-4.446456411E1
1.286789010E2,-4.284516452E1
1.287838519E2,-5.008417776E1
1.288902268E2,-4.690266512E1
1.289943105E2,-5.368303072E1
1.291004812E2,-5.381563130E1
1.292068221E2,-4.410625547E1
1.293090503E2,-4.837739266E1
1.294130198E2,-4.885908938E1
1.295172353E2,-4.456698651E1
1.296202630E2,-4.535441673E1
1.297217624E2,-4.996702096E1
1.298281780E2,-5.326774383E1
1.299338228E2,-5.323773883E1
1.300346154E2,-5.442954711E1
1.301402213E2,-5.466596535E1
1.302442418E2,-5.409603864E1
1.303501406E2,-5.297669275E1
1.304564401E2,-5.488800114E1
1.305629499E2,-5.401320238E1
1.306672200E2,-5.321808242E1
1.307732478E2,-5.291339840E1
1.308788100E2,-5.395245213E1
1.309839315E2,-5.516977159E1
1.310902648E2,-5.272662291E1
1.311966400E2,-5.223864145E1
1.313007025E2,-5.102218200E1
1.314070276E2,-5.188098352E1
1.315133187E2,-5.370750390E1
1.316173628E2,-5.188662956E1
1.317237228E2,-5.349035640E1
1.318299910E2,-5.254975058E1
1.319340091E2,-5.394617428E1
1.320402877E2,-5.381084355E1
1.321439016E2,-5.187918254E1
1.322502830E2,-5.438321495E1
1.323568098E2,-5.019348916E1
1.324606320E2,-5.327700121E1
1.325669922E2,-5.425896861E1
1.326734319E2,-5.355457150E1
1.327797239E2,-5.470984900E1
1.328840915E2,-5.361748328E1
1.329903798E2,-5.437979093E1
1.330967757E2,-5.420133996E1
1.332008568E2,-5.374555867E1
1.333072616E2,-4.626357745E1
1.334135910E2,-4.239815043E1
1.335174024E2,-4.319852949E1
1.336234305E2,-4.362303255E1
1.337298371E2,-4.461405240E1
1.338341570E2,-4.644076392E1
1.339404563E2,-5.215083271E1
1.340439010E2,-5.193626412E1
1.341502314E2,-5.285376096E1
1.342551439E2,-5.287044833E1
1.343612557E2,-5.272531145E1
1.344675146E2,-5.302309834E1
1.345709235E2,-5.389337236E1
1.346768200E2,-5.332998650E1
1.347833058E2,-5.438084728E1
1.348849956E2,-5.293806928E1
1.349912694E2,-5.130363372E1
1.350974452E2,-5.414554780E1
1.352009867E2,-5.136135646E1
1.353073509E2,-5.236155947E1
1.354136642E2,-5.277804065E1
1.355176003E2,-5.381220032E1
1.356237184E2,-5.054563813E1
1.357300284E2,-4.902942768E1
1.358343010E2,-4.931055383E1
1.359372948E2,-5.218400722E1
1.360423552E2,-5.249081505E1
1.361486327E2,-5.441223465E1
1.362510063E2,-5.179933664E1
1.363572204E2,-4.778603770E1
1.364635616E2,-4.977615401E1
1.365678174E2,-4.608798054E1
1.366742475E2,-4.936546975E1
1.367772914E2,-5.023266042E1
1.368836436E2,-4.914976243E1
1.369872575E2,-4.868575468E1
1.370936206E2,-5.097350245E1
1.371976226E2,-5.012732618E1
1.373010897E2,-4.767608362E1
1.374074224E2,-4.402031112E1
1.375138564E2,-4.968394803E1
1.376178813E2,-4.532057065E1
1.377238248E2,-4.888199576E1
1.378255656E2,-4.619159674E1
1.379291373E2,-3.723934119E1
1.380345032E2,-3.933004589E1
1.381409047E2,-3.958200108E1
1.382472537E2,-4.040721340E1
1.383511533E2,-4.596954325E1
1.384573862E2,-5.241999906E1
1.385637560E2,-5.205719579E1
1.386679264E2,-5.302088369E1
1.387740073E2,-4.508634394E1
1.388803749E2,-4.460792297E1
1.389845736E2,-4.834594958E1
1.390909024E2,-5.404612785E1
1.391927924E2,-4.728534794E1
1.392976430E2,-4.281209013E1
1.394012582E2,-4.957301434E1
1.395058128E2,-4.848942049E1
1.396072548E2,-4.764229519E1
1.397132959E2,-4.798253562E1
1.398179657E2,-4.188832324E1
1.399243764E2,-3.738686236E1
1.400283734E2,-4.003781165E1
1.401346868E2,-3.764938459E1
1.402410234E2,-3.558329254E1
1.403447962E2,-3.986324375E1
1.404508647E2,-4.157554230E1
1.405572614E2,-4.586468168E1
1.406636503E2,-4.558973152E1
1.407680671E2,-4.579206071E1
1.408744258E2,-4.941863702E1
1.409807418E2,-4.574016288E1
1.410846724E2,-4.859610146E1
1.411872873E2,-5.226706801E1
1.412939740E2,-4.941377511E1
1.413976592E2,-5.282626483E1
1.415015919E2,-5.140664648E1
1.416080628E2,-5.327092926E1
1.417133741E2,-5.292541622E1
1.418181291E2,-5.464581800E1
1.419198045E2,-4.207050161E1
1.420256680E2,-3.795267503E1
1.421274101E2,-3.635178723E1
1.422330323E2,-3.558101872E1
1.423348248E2,-4.365168944E1
1.424394100E2,-3.973448195E1
1.425458046E2,-4.979981463E1
1.426515516E2,-4.141134931E1
1.427576982E2,-4.699612815E1
1.428640364E2,-4.152120358E1
1.429682234E2,-4.253457254E1
1.430745103E2,-4.993155658E1
1.431808537E2,-3.962442692E1
1.432849185E2,-4.780865030E1
1.433908534E2,-3.894629186E1
1.434943512E2,-3.883626159E1
1.435975773E2,-4.410185927E1
1.437014937E2,-4.572315153E1
1.438037426E2,-4.944535989E1
1.439077433E2,-5.289340085E1
1.440123298E2,-5.371988225E1
1.441178239E2,-5.443142288E1
1.442216548E2,-5.511557529E1
1.443254715E2,-5.446999900E1
1.444318207E2,-5.371199689E1
1.445350433E2,-5.312679408E1
1.446377805E2,-4.833478126E1
1.447434204E2,-3.590910369E1
1.448482398E2,-4.261934376E1
1.449517322E2,-4.285153601E1
1.450580820E2,-4.749142703E1
1.451641458E2,-4.317708364E1
1.452683615E2,-4.270333375E1
1.453747502E2,-5.186838055E1
1.454810710E2,-4.349401302E1
1.455850463E2,-4.444498919E1
1.456887179E2,-3.505725955E1
1.457919933E2,-3.635887225E1
1.458976960E2,-5.053763385E1
1.460025867E2,-3.920173486E1
1.461040797E2,-4.860289753E1
1.462100319E2,-4.621373815E1
1.463125459E2,-5.251144300E1
1.464183612E2,-4.231728322E1
1.465245644E2,-4.330816204E1
1.466309737E2,-4.483400882E1
1.467351694E2,-4.579220265E1
1.468381817E2,-4.858843320E1
1.469444917E2,-5.258915157E1
1.470499485E2,-5.379566785E1
1.471518719E2,-5.513845079E1
1.472539815E2,-5.439393424E1
1.473603303E2,-5.302764823E1
1.474642320E2,-5.458111401E1
1.475685883E2,-5.498088622E1
1.476749640E2,-4.646559479E1
1.477813243E2,-4.097147433E1
1.478852305E2,-4.931526708E1
1.479915671E2,-5.071704461E1
1.480976735E2,-5.319511859E1
1.482020312E2,-4.979190255E1
1.483039164E2,-3.755394808E1
1.484103341E2,-4.164596547E1
1.485140293E2,-3.858065424E1
1.486186240E2,-4.155237237E1
1.487242104E2,-4.351094761E1
1.488299714E2,-4.545845679E1
1.489352817E2,-4.631462570E1
1.490399346E2,-4.866696901E1
1.491463260E2,-5.330668437E1
1.492519898E2,-4.739650254E1
1.493538911E2,-5.129394756E1
1.494602676E2,-5.544185027E1
1.495666344E2,-5.355114590E1
1.496687064E2,-5.178423543E1
1.497740570E2,-5.516889170E1
1.498803325E2,-5.521147587E1
1.499854273E2,-5.323637897E1
1.500917910E2,-5.286788790E1
1.501977150E2,-5.409866384E1
1.503021227E2,-5.329446483E1
1.504039868E2,-5.367954550E1
1.505104060E2,-5.414967488E1
1.506141448E2,-5.472137415E1
1.507188252E2,-5.486558293E1
1.508251757E2,-5.332009571E1
1.509284242E2,-4.919140273E1
1.510320352E2,-5.080660058E1
1.511355117E2,-5.184871725E1
1.512410938E2,-5.080622501E1
1.513451577E2,-5.103036324E1
1.514515107E2,-4.870691769E1
1.515529385E2,-4.764687594E1
1.516592361E2,-5.025017324E1
1.517655423E2,-4.956190437E1
1.518688107E2,-4.829248360E1
1.519748470E2,-4.861732452E1
1.520767747E2,-5.289204684E1
1.521830767E2,-4.071238020E1
1.522856177E2,-3.932127885E1
1.523919582E2,-4.859957915E1
1.524976862E2,-5.278345403E1
1.526022695E2,-5.359184985E1
1.527085916E2,-4.781991204E1
1.528110506E2,-4.818646904E1
1.529153314E2,-4.570380521E1
1.530190293E2,-5.393744934E1
1.531247863E2,-5.281006996E1
1.532272467E2,-5.412815406E1
1.533290672E2,-5.496840754E1
1.534301297E2,-4.516606834E1
1.535356915E2,-4.710631735E1
1.536420317E2,-5.093164798E1
1.537483267E2,-5.284986322E1
1.538524280E2,-4.709833392E1
1.539588359E2,-4.802664261E1
1.540639231E2,-4.807230174E1
1.541690280E2,-4.621189653E1
1.542755911E2,-4.812482411E1
1.543798890E2,-4.730221517E1
1.544857855E2,-5.122219976E1
1.545884145E2,-5.017727472E1
1.546947522E2,-4.751438269E1
1.547976856E2,-4.687817196E1
1.549025340E2,-5.076981831E1
1.550089360E2,-5.428561855E1
1.551153602E2,-5.276413913E1
1.552191511E2,-5.286472393E1
1.553227817E2,-5.306539823E1
1.554291563E2,-5.361234500E1
1.555354097E2,-4.798720429E1
1.556411555E2,-3.730564607E1
1.557475114E2,-3.996103478E1
1.558523855E2,-4.076975635E1
1.559573084E2,-3.804696490E1
1.560590724E2,-4.447948908E1
1.561617055E2,-4.509680829E1
1.562680381E2,-4.219119087E1
1.563743471E2,-5.301616627E1
1.564808025E2,-3.491346676E1
1.565859280E2,-4.285254517E1
1.566923150E2,-5.292298078E1
1.567975893E2,-3.790525763E1
1.569025835E2,-3.519796611E1
1.570072195E2,-3.837152909E1
1.571125073E2,-4.434974322E1
1.572188280E2,-4.878815191E1
1.573251605E2,-4.567707069E1
1.574284871E2,-5.096858191E1
1.575348223E2,-5.258702169E1
1.576360350E2,-5.098180624E1
1.577425928E2,-4.903192837E1
1.578449977E2,-5.232028544E1
1.579505796E2,-5.353569122E1
1.580527347E2,-4.903769958E1
1.581591204E2,-4.618833722E1
1.582654321E2,-4.271862510E1
1.583694039E2,-4.275198363E1
1.584744520E2,-4.435294670E1
1.585798996E2,-4.215116354E1
1.586861602E2,-5.312623083E1
1.587925125E2,-5.376956619E1
1.588975646E2,-5.350147298E1
1.590028158E2,-5.506052009E1
1.591091591E2,-5.302323005E1
1.592155437E2,-5.287402475E1
1.593195412E2,-3.776232471E1
1.594259616E2,-3.878752789E1
1.595323855E2,-4.864712252E1
1.596361446E2,-5.440927970E1
1.597369418E2,-5.375605324E1
1.598433417E2,-5.236889537E1
1.599473035E2,-5.403450988E1
1.600528878E2,-5.278424439E1
1.601572995E2,-5.243624596E1
1.602635782E2,-5.353639380E1
1.603695016E2,-5.496897122E1
1.604758843E2,-5.311336860E1
1.605822506E2,-5.367935739E1
1.606867032E2,-5.148595772E1
1.607922418E2,-5.426515990E1
1.608976117E2,-5.458501937E1
1.610029587E2,-5.207680351E1
1.611093256E2,-4.874996178E1
1.612107940E2,-4.985430005E1
1.613163283E2,-5.051461668E1
1.614207847E2,-5.269793484E1
1.615222525E2,-4.948984104E1
1.616272822E2,-5.093549114E1
1.617291870E2,-5.040054468E1
1.618340257E2,-5.066524714E1
1.619361919E2,-5.210468201E1
1.620370783E2,-5.379426252E1
1.621434484E2,-5.302648978E1
1.622476844E2,-5.354905804E1
1.623528622E2,-5.435281469E1
1.624544221E2,-5.386488240E1
1.625600835E2,-5.248490025E1
1.626648832E2,-5.153333103E1
1.627697235E2,-5.388639848E1
1.628761478E2,-5.266556770E1
1.629827070E2,-5.306868999E1
1.630863777E2,-5.369847544E1
1.631897300E2,-5.162721046E1
1.632961512E2,-5.341463875E1
1.633977496E2,-5.375083895E1
1.635031286E2,-5.413907336E1
1.636055878E2,-5.333278940E1
1.637095642E2,-5.380124008E1
1.638110607E2,-5.176891818E1
1.639172099E2,-5.285143391E1
1.640197107E2,-4.594411228E1
1.641238443E2,-4.538399267E1
1.642260532E2,-4.602204943E1
1.643302287E2,-5.027856426E1
1.644348731E2,-5.005563312E1
1.645363450E2,-5.058838682E1
1.646366362E2,-4.892862021E1
1.647398872E2,-5.466623312E1
1.648439828E2,-5.512505125E1
1.649467105E2,-5.241320928E1
1.650526640E2,-5.368621774E1
1.651537140E2,-5.228724271E1
1.652579707E2,-5.363416750E1
1.653627647E2,-5.393304080E1
1.654658195E2,-5.331076075E1
1.655720484E2,-5.316010259E1
1.656783627E2,-5.335030301E1
1.657821996E2,-5.289913475E1
1.658872052E2,-5.305079198E1
1.659904698E2,-5.272609902E1
1.660957212E2,-5.171511147E1
1.661970947E2,-5.437599571E1
1.663034897E2,-5.411212694E1
1.664053631E2,-5.348431098E1
1.665112701E2,-5.297551972E1
1.666177027E2,-5.010307144E1
1.667240873E2,-4.496877367E1
1.668283455E2,-4.445652526E1
1.669345581E2,-4.068137959E1
1.670400252E2,-4.200837712E1
1.671450455E2,-4.075709024E1
1.672477770E2,-4.194373469E1
1.673505525E2,-4.412556899E1
1.674569571E2,-4.306366286E1
1.675617434E2,-4.570867813E1
1.676680944E2,-4.693137035E1
1.677745406E2,-5.112160360E1
1.678784213E2,-5.251666412E1
1.679799250E2,-5.272927255E1
1.680814383E2,-5.358607661E1
1.681840020E2,-3.945730453E1
1.682892166E2,-3.973202575E1
1.683952199E2,-3.727034234E1
1.684976318E2,-4.188179808E1
1.686039566E2,-4.233963026E1
1.687102733E2,-4.664869280E1
1.688118240E2,-3.893843215E1
1.689167343E2,-4.858886313E1
1.690187318E2,-4.685690920E1
1.691248306E2,-4.146763576E1
1.692286004E2,-4.626345005E1
1.693349816E2,-4.520298874E1
1.694411076E2,-4.296277608E1
1.695452463E2,-4.592513639E1
1.696516310E2,-4.868602976E1
1.697580360E2,-4.751924944E1
1.698619966E2,-4.595126388E1
1.699685157E2,-4.314059569E1
1.700749884E2,-4.826050619E1
1.701785825E2,-4.576321322E1
1.702820031E2,-4.319125235E1
1.703875455E2,-4.355178803E1
1.704933103E2,-4.657901189E1
1.705976481E2,-4.519684101E1
1.707038396E2,-4.341034596E1
1.708101998E2,-4.401730537E1
1.709127514E2,-5.226684257E1
1.710189253E2,-4.092672601E1
1.711252479E2,-4.532576396E1
1.712287937E2,-4.936211289E1
1.713295302E2,-5.420000222E1
1.714355400E2,-5.324247652E1
1.715419896E2,-3.792459934E1
1.716454060E2,-4.394878541E1
1.717516825E2,-3.887351764E1
1.718580791E2,-3.967323750E1
1.719621322E2,-4.129713121E1
1.720685230E2,-4.258271355E1
1.721731116E2,-3.717590481E1
1.722782148E2,-4.339916972E1
1.723816305E2,-4.484985508E1
1.724833531E2,-4.324353149E1
1.725854910E2,-4.179875072E1
1.726907298E2,-5.300912407E1
1.727916959E2,-4.998848338E1
1.728954708E2,-5.196171381E1
1.729975576E2,-5.519490341E1
1.731033695E2,-5.225089781E1
1.732085709E2,-5.275434185E1
1.733100683E2,-4.331961369E1
1.734143965E2,-4.592517730E1
1.735203570E2,-5.009333134E1
1.736247001E2,-4.655506379E1
1.737273699E2,-4.602450486E1
1.738305285E2,-4.431556380E1
1.739318317E2,-4.554210361E1
1.740375948E2,-4.953164125E1
1.741414644E2,-4.975544553E1
1.742478855E2,-4.575226855E1
1.743543554E2,-4.832237362E1
1.744581847E2,-5.455482246E1
1.745645793E2,-5.425216158E1
1.746667889E2,-5.359839257E1
1.747730437E2,-5.381524087E1
1.748747998E2,-5.184789628E1
1.749795446E2,-5.335599400E1
1.750846227E2,-4.740771021E1
1.751869394E2,-5.126864401E1
1.752915096E2,-5.126456344E1
1.753977347E2,-5.391973496E1
1.755041601E2,-5.178824406E1
1.756103544E2,-5.346810780E1
1.757142095E2,-5.206369449E1
1.758197337E2,-4.978520675E1
1.759249009E2,-5.111967010E1
1.760303383E2,-5.315933917E1
1.761367118E2,-5.249989852E1
1.762415351E2,-5.317662952E1
1.763478987E2,-5.381352531E1
1.764542816E2,-5.520763214E1
1.765582290E2,-5.314839911E1
1.766645225E2,-5.075151254E1
1.767708947E2,-5.304881947E1
1.768749327E2,-5.418962074E1
1.769812512E2,-5.340411602E1
1.770876064E2,-5.310087788E1
1.771916563E2,-5.380673630E1
1.772975825E2,-5.389304656E1
1.774037119E2,-5.332246109E1
1.775083028E2,-5.313273330E1
1.776146515E2,-5.366672383E1
1.777205288E2,-5.254560962E1
1.778249288E2,-5.402524985E1
1.779310172E2,-5.293061787E1
1.780368982E2,-5.366831803E1
1.781419227E2,-5.298283809E1
1.782479275E2,-5.294437899E1
1.783542538E2,-5.381226234E1
1.784584410E2,-5.338779508E1
1.785647421E2,-5.406434539E1
1.786710255E2,-5.334661680E1
1.787751047E2,-5.404440368E1
1.788814257E2,-5.230316856E1
1.789877205E2,-5.236864860E1
1.790917781E2,-5.378690054E1
1.791976870E2,-5.434318363E1
1.793029070E2,-5.377995695E1
1.794084512E2,-5.420288625E1
1.795137456E2,-3.769332372E1
1.796198112E2,-3.863962895E1
1.797250469E2,-3.907015175E1
1.798278610E2,-4.573989692E1
1.799340657E2,-4.761277632E1
1.800373285E2,-5.087817632E1
1.801419492E2,-4.693331362E1
1.802482840E2,-4.748063720E1
1.803546928E2,-4.982005809E1
1.804586677E2,-5.371105522E1
1.805649879E2,-5.208760816E1
1.806713256E2,-5.098182582E1
1.807752847E2,-5.111103939E1
1.808815950E2,-4.815716720E1
1.809830144E2,-4.951925961E1
1.810872971E2,-5.293951234E1
1.811919367E2,-4.816091669E1
1.812969237E2,-5.104540466E1
1.814021730E2,-4.760107854E1
1.815082049E2,-4.772936558E1
1.816143839E2,-5.135533409E1
1.817173011E2,-4.734493114E1
1.818236624E2,-4.861623769E1
1.819253666E2,-5.100057295E1
1.820317192E2,-4.979128499E1
1.821373045E2,-5.156408836E1
1.822420230E2,-5.352559521E1
1.823485147E2,-5.412635725E1
1.824550109E2,-5.174348998E1
1.825587102E2,-5.292657157E1
1.826650492E2,-4.733770564E1
1.827692104E2,-5.219458579E1
1.828754181E2,-5.348729277E1
1.829777700E2,-5.408374869E1
1.830818766E2,-5.456278407E1
1.831836668E2,-5.201492899E1
1.832856648E2,-5.456514471E1
1.833913974E2,-5.391812459E1
1.834921343E2,-5.275015191E1
1.835976794E2,-5.301876321E1
1.837040969E2,-5.482644410E1
1.838086987E2,-5.257837313E1
1.839110742E2,-5.396766119E1
1.840166085E2,-5.440618390E1
1.841180540E2,-4.204417929E1
1.842236357E2,-4.652796806E1
1.843254044E2,-5.215365771E1
1.844309723E2,-4.302967957E1
1.845366015E2,-4.429277446E1
1.846422094E2,-5.220522951E1
1.847484917E2,-4.678267028E1
1.848548532E2,-4.969039618E1
1.849589066E2,-4.845604050E1
1.850603648E2,-4.992617863E1
1.851660238E2,-5.381380695E1
1.852671951E2,-5.227566639E1
1.853714308E2,-5.141013446E1
1.854755949E2,-5.087823657E1
1.855816497E2,-5.136595310E1
1.856839215E2,-5.177266382E1
1.857903009E2,-5.179631275E1
1.858922735E2,-5.330751728E1
1.859976744E2,-5.505778335E1
1.861040434E2,-5.329132557E1
1.862089834E2,-5.367392539E1
1.863152627E2,-5.539473769E1
1.864213430E2,-5.505715801E1
1.865256365E2,-5.299119695E1
1.866319830E2,-4.719155134E1
1.867376415E2,-5.140481777E1
1.868423349E2,-5.049518221E1
1.869486545E2,-5.288145056E1
1.870505457E2,-5.482821137E1
1.871541186E2,-4.853896813E1
1.872590035E2,-4.750049398E1
1.873647560E2,-4.725931587E1
1.874666653E2,-5.038706893E1
1.875730582E2,-4.887068276E1
1.876759480E2,-4.682138987E1
1.877811944E2,-4.803509687E1
1.878871130E2,-4.943219408E1
1.879925111E2,-4.946650875E1
1.880976330E2,-4.993676023E1
1.882032175E2,-5.232886524E1
1.883092197E2,-5.247030642E1
1.884129852E2,-5.158300197E1
1.885182399E2,-5.173585146E1
1.886193528E2,-5.288631950E1
1.887235755E2,-5.299330985E1
1.888256890E2,-5.218561459E1
1.889298570E2,-5.179676352E1
1.890348468E2,-5.432716933E1
1.891375149E2,-5.415332702E1
1.892424347E2,-5.351037279E1
1.893432539E2,-5.371361900E1
1.894471096E2,-5.313533582E1
1.895521958E2,-5.314931708E1
1.896576691E2,-5.264349420E1
1.897616118E2,-5.447501646E1
1.898640624E2,-5.177941441E1
1.899686193E2,-5.405041222E1
1.900720811E2,-5.325257792E1
1.901775151E2,-5.311768444E1
1.902820086E2,-5.339645887E1
1.903848249E2,-5.494519363E1
1.904905992E2,-5.333155087E1
1.905926873E2,-5.188573825E1
1.906976541E2,-5.239805237E1
1.907992456E2,-5.364410011E1
1.909037239E2,-5.459350822E1
1.910093644E2,-5.281629219E1
1.911157576E2,-5.395337047E1
1.912188537E2,-5.466134333E1
1.913236175E2,-5.360369320E1
1.914260392E2,-5.329551655E1
1.915323077E2,-5.301608553E1
1.916379024E2,-5.338961596E1
1.917427192E2,-5.262559361E1
1.918470010E2,-5.331920932E1
1.919532580E2,-5.329066818E1
1.920589738E2,-5.361021460E1
1.921652991E2,-5.430377167E1
1.922687906E2,-5.405414002E1
1.923741411E2,-5.190530284E1
1.924761084E2,-5.396199352E1
1.925824051E2,-5.223435172E1
1.926886763E2,-5.238422804E1
1.927928293E2,-5.378690934E1
1.928975925E2,-5.300568464E1
1.930036952E2,-5.233108099E1
1.931094846E2,-4.727844541E1
1.932107862E2,-5.201187989E1
1.933123340E2,-5.249228681E1
1.934168462E2,-5.239313026E1
1.935227537E2,-5.379996092E1
1.936262124E2,-5.148704211E1
1.937325746E2,-5.169664471E1
1.938389506E2,-4.757985082E1
1.939428562E2,-4.538267896E1
1.940455342E2,-5.056245281E1
1.941490125E2,-5.277223732E1
1.942550967E2,-5.373380235E1
1.943594993E2,-5.355261437E1
1.944653270E2,-5.319211495E1
1.945709634E2,-5.328078574E1
1.946763592E2,-5.302368367E1
1.947827197E2,-5.304361520E1
1.948881033E2,-5.449519397E1
1.949929252E2,-5.447801102E1
1.950976846E2,-5.433751920E1
1.952039942E2,-5.318098899E1
1.953096789E2,-5.427506178E1
1.954150185E2,-5.486743246E1
1.955205069E2,-5.198045148E1
1.956258998E2,-5.186045509E1
1.957271545E2,-5.360172035E1
1.958324969E2,-5.240373497E1
1.959380301E2,-5.375158120E1
1.960430008E2,-5.365549748E1
1.961437048E2,-5.339856715E1
1.962494137E2,-5.389581625E1
1.963557424E2,-5.337410175E1
1.964598746E2,-5.218522293E1
1.965663395E2,-5.384881822E1
1.966727163E2,-5.398247683E1
1.967763448E2,-5.336154785E1
1.968802218E2,-5.424038526E1
1.969859525E2,-5.450944682E1
1.970924487E2,-5.379954339E1
1.971977445E2,-5.382461792E1
1.973037812E2,-5.320950970E1
1.974097225E2,-5.326896622E1
1.975110318E2,-5.280870400E1
1.976161280E2,-5.208013164E1
1.977219794E2,-5.247190931E1
1.978265163E2,-5.274200553E1
1.979328372E2,-5.464031303E1
1.980368110E2,-5.399266740E1
1.981426297E2,-5.230881978E1
1.982432764E2,-5.348002826E1
1.983496722E2,-5.363072699E1
1.984560338E2,-5.277202731E1
1.985598998E2,-5.323382523E1
1.986630180E2,-5.299636780E1
1.987687975E2,-5.230113020E1
1.988751055E2,-5.369746475E1
1.989766656E2,-5.408527669E1
1.990800938E2,-5.362380977E1
1.991852546E2,-5.184448916E1
1.992871545E2,-4.878619250E1
1.993934018E2,-5.372314495E1
1.994972420E2,-5.248771636E1
1.996033125E2,-3.707881186E1
1.997095890E2,-4.493256246E1
1.998159866E2,-5.072224049E1
1.999223792E2,-3.369055656E1
2.000267078E2,-3.892277579E1
2.001284400E2,-4.242766532E1
2.002294302E2,-5.228102661E1
2.003306727E2,-5.374718702E1
2.004365414E2,-5.367446981E1
2.005391937E2,-5.341454442E1
2.006434300E2,-4.939360670E1
2.007498010E2,-5.359055801E1
2.008559927E2,-5.287979379E1
2.009602387E2,-5.319249474E1
2.010665894E2,-5.186450205E1
2.011679340E2,-5.306136468E1
2.012735185E2,-5.532089073E1
2.013767943E2,-5.332080225E1
2.014828302E2,-4.895804493E1
2.015889044E2,-5.084247663E1
2.016934927E2,-3.908018910E1
2.017976056E2,-4.035713820E1
2.019029104E2,-4.045895955E1
2.020089492E2,-3.078474467E1
2.021109580E2,-3.811328701E1
2.022168147E2,-4.806783912E1
2.023194290E2,-5.299278757E1
2.024252420E2,-5.370506287E1
2.025269846E2,-5.394895819E1
2.026292502E2,-5.340796096E1
2.027334825E2,-5.142817036E1
2.028391676E2,-5.217281731E1
2.029436468E2,-4.232786560E1
2.030466988E2,-3.427694394E1
2.031530106E2,-4.224802528E1
2.032585060E2,-3.310944531E1
2.033603504E2,-4.193826130E1
2.034663716E2,-4.504789795E1
2.035727599E2,-4.987019602E1
2.036773801E2,-3.727791055E1
2.037820131E2,-4.005345690E1
2.038839650E2,-5.048826065E1
2.039855746E2,-4.738877250E1
2.040874895E2,-4.888143209E1
2.041932527E2,-5.265884978E1
2.042975118E2,-5.353568618E1
2.044030287E2,-4.948923381E1
2.045081908E2,-5.030513708E1
2.046102367E2,-4.526780342E1
2.047110291E2,-4.425155173E1
2.048137330E2,-4.546932477E1
2.049150501E2,-4.914272074E1
2.050207726E2,-5.007633086E1
2.051270999E2,-4.569977966E1
2.052332192E2,-4.866982561E1
2.053381744E2,-4.904340695E1
2.054436808E2,-5.039235985E1
2.055476727E2,-5.184374611E1
2.056539800E2,-4.983775342E1
2.057603617E2,-5.198720440E1
2.058619148E2,-5.324423212E1
2.059671092E2,-5.227831320E1
2.060727017E2,-5.222214315E1
2.061770851E2,-5.299916303E1
2.062794894E2,-5.376889966E1
2.063821219E2,-4.471119984E1
2.064829227E2,-3.150021487E1
2.065845279E2,-3.492440168E1
2.066903631E2,-4.284324887E1
2.067939690E2,-4.699107598E1
2.068976547E2,-5.020909564E1
2.070028277E2,-5.422774258E1
2.071088670E2,-4.517014912E1
2.072105938E2,-4.229230172E1
2.073169651E2,-4.188014185E1
2.074234005E2,-4.389638650E1
2.075274732E2,-4.498946060E1
2.076289449E2,-4.596007250E1
2.077343598E2,-4.363356213E1
2.078406561E2,-4.405581228E1
2.079439997E2,-4.642838438E1
2.080447935E2,-5.027779782E1
2.081510998E2,-5.398404805E1
2.082572913E2,-5.321767623E1
2.083607123E2,-5.425496688E1
2.084669923E2,-5.284922236E1
2.085710897E2,-5.397929499E1
2.086774131E2,-5.160252529E1
2.087834697E2,-5.304338102E1
2.088898514E2,-5.389559355E1
2.089941439E2,-5.199208868E1
2.090977203E2,-5.341051570E1
2.091991110E2,-5.315310430E1
2.093014025E2,-5.277611433E1
2.094034763E2,-5.237525349E1
2.095094264E2,-5.144952343E1
2.096111236E2,-4.413205746E1
2.097175326E2,-4.475950055E1
2.098236105E2,-4.777621303E1
2.099274178E2,-4.411215819E1
2.100289428E2,-4.663410917E1
2.101350654E2,-4.317821826E1
2.102368747E2,-4.245979112E1
2.103430050E2,-4.370982332E1
2.104493937E2,-4.407797687E1
2.105558082E2,-4.589609266E1
2.106608464E2,-4.357606453E1
2.107672577E2,-4.615395004E1
2.108703879E2,-5.034656548E1
2.109766975E2,-4.399124722E1
2.110775511E2,-4.463388674E1
2.111841074E2,-4.723024385E1
2.112906446E2,-4.379277303E1
2.113962769E2,-4.336998578E1
2.115029125E2,-4.690196566E1
2.116056068E2,-4.443394604E1
2.117108925E2,-4.543394321E1
2.118127202E2,-4.930018256E1
2.119171943E2,-5.065045428E1
2.120236517E2,-5.349973342E1
2.121276758E2,-5.275676549E1
2.122309579E2,-5.352540459E1
2.123359169E2,-5.192336182E1
2.124370922E2,-5.395764738E1
2.125434552E2,-5.416390804E1
2.126451610E2,-5.153244157E1
2.127514913E2,-5.321909645E1
2.128533223E2,-5.201697416E1
2.129567635E2,-5.410033192E1
2.130610436E2,-5.312664309E1
2.131642868E2,-5.294005929E1
2.132664005E2,-5.262945629E1
2.133715160E2,-5.361442462E1
2.134776113E2,-5.224352198E1
2.135785762E2,-5.430976697E1
2.136792542E2,-5.297488464E1
2.137831334E2,-5.229820003E1
2.138886937E2,-5.400684561E1
2.139939133E2,-5.304302741E1
2.140975688E2,-5.222395598E1
2.142011829E2,-5.297164804E1
2.143060337E2,-5.326304618E1
2.144110168E2,-5.233258934E1
2.145117960E2,-5.225019633E1
2.146160292E2,-5.371941611E1
2.147201148E2,-5.444483599E1
2.148257120E2,-5.269047875E1
2.149277272E2,-5.272573668E1
2.150285051E2,-5.283166681E1
2.151300320E2,-5.278618585E1
2.152353337E2,-5.317012723E1
2.153408709E2,-5.464720985E1
2.154443953E2,-5.271080766E1
2.155451991E2,-5.376265456E1
2.156457061E2,-4.355225127E1
2.157508626E2,-4.122422892E1
2.158550686E2,-4.255696176E1
2.159605800E2,-4.558235309E1
2.160639233E2,-4.033175520E1
2.161686044E2,-4.076254527E1
2.162746287E2,-4.110531336E1
2.163779743E2,-4.042421629E1
2.164843850E2,-3.913945186E1
2.165907883E2,-3.912976070E1
2.166946474E2,-4.291464884E1
2.167976803E2,-4.465819446E1
2.169028470E2,-4.737373528E1
2.170050762E2,-5.241816578E1
2.171114405E2,-5.327672382E1
2.172178505E2,-5.264279667E1
2.173240058E2,-5.403811445E1
2.174280722E2,-3.894991173E1
2.175336791E2,-3.879053915E1
2.176387315E2,-4.219519649E1
2.177441676E2,-4.973967739E1
2.178447493E2,-4.257785251E1
2.179507285E2,-4.154690128E1
2.180562590E2,-3.946880784E1
2.181613210E2,-4.866806936E1
2.182622257E2,-4.218980080E1
2.183664282E2,-4.101741489E1
2.184725415E2,-4.530032368E1
2.185780781E2,-4.365277552E1
2.186841036E2,-4.106793052E1
2.187899548E2,-4.317353039E1
2.188947750E2,-4.209657902E1
2.189976626E2,-4.101200558E1
2.191038281E2,-4.408099084E1
2.192102950E2,-4.506233406E1
2.193168616E2,-4.455232283E1
2.194196356E2,-4.732173031E1
2.195207437E2,-4.845233191E1
2.196265412E2,-5.114343448E1
2.197282313E2,-5.537748709E1
2.198296812E2,-5.159888275E1
2.199352922E2,-4.852599021E1
2.200416153E2,-3.608094547E1
2.201449571E2,-3.417503265E1
2.202512997E2,-3.570416820E1
2.203528077E2,-4.008013599E1
2.204587054E2,-3.856854073E1
2.205615795E2,-3.406807683E1
2.206678817E2,-3.738822576E1
2.207740037E2,-4.273682551E1
2.208782009E2,-4.173411595E1
2.209792305E2,-4.380808236E1
2.210842746E2,-4.331195174E1
2.211906629E2,-5.029551430E1
2.212949931E2,-5.392764926E1
2.213976643E2,-5.223543872E1
2.215040961E2,-5.318648061E1
2.216087013E2,-5.220106775E1
2.217116077E2,-5.220133882E1
2.218174055E2,-5.018511163E1
2.219234952E2,-4.831443471E1
2.220284177E2,-5.320281154E1
2.221348648E2,-5.297692164E1
2.222412181E2,-5.242862681E1
2.223450107E2,-4.304747219E1
2.224481550E2,-5.130348445E1
2.225505588E2,-5.248101596E1
2.226569182E2,-5.185858770E1
2.227618482E2,-5.024292640E1
2.228682088E2,-4.587298187E1
2.229746267E2,-4.719383872E1
2.230785032E2,-4.539379504E1
2.231847852E2,-4.545999545E1
2.232912587E2,-4.649217631E1
2.233951766E2,-4.713936805E1
2.234977492E2,-4.944544619E1
2.235993526E2,-4.873840343E1
2.237046601E2,-5.244187457E1
2.238106230E2,-5.086220780E1
2.239138332E2,-5.010739642E1
2.240152115E2,-4.954989782E1
2.241184690E2,-5.019807890E1
2.242249315E2,-4.700223707E1
2.243286833E2,-4.576889864E1
2.244351052E2,-4.099441876E1
2.245406327E2,-4.128708074E1
2.246452331E2,-4.425956625E1
2.247514924E2,-4.314873865E1
2.248575697E2,-3.786015860E1
2.249619474E2,-4.203705118E1
2.250683270E2,-4.165127574E1
2.251747237E2,-3.646471750E1
2.252786347E2,-4.336704818E1
2.253849758E2,-4.138302785E1
2.254865348E2,-4.007105766E1
2.255890567E2,-4.746879251E1
2.256952782E2,-4.960079021E1
2.257975020E2,-4.440021937E1
2.259008688E2,-3.821880390E1
2.260033688E2,-4.073673517E1
2.261057077E2,-4.299028015E1
2.262121557E2,-5.040382577E1
2.263185995E2,-3.957895643E1
2.264250250E2,-3.878627672E1
2.265285737E2,-4.035122993E1
2.266319642E2,-4.195664713E1
2.267375607E2,-3.664260192E1
2.268437560E2,-4.355876331E1
2.269453886E2,-4.932349473E1
2.270490490E2,-4.835965042E1
2.271513847E2,-5.105549760E1
2.272575377E2,-5.382349177E1
2.273621587E2,-4.888142121E1
2.274685399E2,-5.056903816E1
2.275746661E2,-5.052883985E1
2.276788285E2,-4.644710729E1
2.277851712E2,-5.071338392E1
2.278873511E2,-5.084183516E1
2.279886936E2,-5.019856445E1
2.280941945E2,-4.573092052E1
2.281976007E2,-4.926420018E1
2.283033007E2,-4.867435043E1
2.284071972E2,-5.019176162E1
2.285123088E2,-5.047286267E1
2.286186612E2,-5.089206139E1
2.287249723E2,-4.990606587E1
2.288287752E2,-5.066392043E1
2.289316743E2,-4.990468116E1
2.290372714E2,-5.095214073E1
2.291435893E2,-5.075814869E1
2.292455742E2,-5.150137000E1
2.293519795E2,-4.366122126E1
2.294572358E2,-4.658386235E1
2.295622615E2,-4.715823076E1
2.296641962E2,-4.263363513E1
2.297705714E2,-4.445511148E1
2.298769505E2,-4.414785412E1
2.299789674E2,-5.168498203E1
2.300853273E2,-4.593366593E1
2.301917112E2,-4.037782501E1
2.302976432E2,-4.086344862E1
2.304039579E2,-4.069150689E1
2.305101992E2,-5.460034629E1
2.306143940E2,-3.959557381E1
2.307174384E2,-4.067959511E1
2.308237445E2,-4.447366999E1
2.309290202E2,-4.473989214E1
2.310352948E2,-4.228884108E1
2.311372041E2,-4.794908936E1
2.312401037E2,-4.590116665E1
2.313457242E2,-4.924760231E1
2.314520850E2,-4.602873377E1
2.315584654E2,-5.028626114E1
2.316624097E2,-4.917988527E1
2.317686977E2,-4.572289994E1
2.318747658E2,-4.639221063E1
2.319792363E2,-5.070427497E1
2.320855909E2,-4.595521814E1
2.321920763E2,-4.880449557E1
2.322976629E2,-5.079548731E1
2.324040167E2,-4.867265579E1
2.325071425E2,-5.141356869E1
2.326124970E2,-5.276949307E1
2.327188942E2,-5.368712684E1
2.328253121E2,-5.381427346E1
2.329292571E2,-4.993212961E1
2.330355658E2,-5.218695427E1
2.331421003E2,-5.329722121E1
2.332459330E2,-5.287241638E1
2.333522882E2,-5.379300499E1
2.334586548E2,-5.409880239E1
2.335626041E2,-5.303697375E1
2.336690967E2,-5.394210931E1
2.337754343E2,-5.089396051E1
2.338792571E2,-5.355591046E1
2.339852724E2,-5.118497814E1
2.340916756E2,-5.167968592E1
2.341977715E2,-5.196075419E1
2.343041367E2,-4.810158294E1
2.344104994E2,-5.205566998E1
2.345126873E2,-5.206645013E1
2.346146877E2,-5.128583983E1
2.347167179E2,-4.981987347E1
2.348231603E2,-4.798565728E1
2.349293778E2,-4.945920720E1
2.350356752E2,-5.232036552E1
2.351420515E2,-5.230661728E1
2.352459447E2,-5.359778073E1
2.353516368E2,-4.704653682E1
2.354535393E2,-4.414844146E1
2.355592049E2,-4.374527649E1
2.356627688E2,-4.551864940E1
2.357691289E2,-4.810299545E1
2.358754204E2,-4.483448570E1
2.359795201E2,-4.729793148E1
2.360859244E2,-4.967854158E1
2.361922346E2,-4.840161183E1
2.362975075E2,-5.169260299E1
2.364031480E2,-5.321644537E1
2.365093848E2,-5.313947584E1
2.366127465E2,-5.016121929E1
2.367184234E2,-5.176540475E1
2.368246863E2,-5.166572604E1
2.369294016E2,-5.206138178E1
2.370357910E2,-5.338088120E1
2.371415328E2,-5.377906153E1
2.372462858E2,-5.411001265E1
2.373506780E2,-5.429563398E1
2.374570668E2,-5.561768821E1
2.375628931E2,-5.189336255E1
2.376664525E2,-5.273042652E1
2.377699735E2,-5.339372402E1
2.378764246E2,-5.375475012E1
2.379796944E2,-5.484181434E1
2.380861385E2,-5.548601953E1
2.381925174E2,-5.513739964E1
2.382970853E2,-5.272039505E1
2.384033831E2,-5.235416677E1
2.385097282E2,-5.365512066E1
2.386129367E2,-5.603946396E1
2.387192173E2,-5.302834446E1
2.388255743E2,-5.272815293E1
2.389297112E2,-5.320820087E1
2.390361874E2,-5.270700304E1
2.391424897E2,-5.406643993E1
2.392463425E2,-5.204180140E1
2.393505216E2,-4.580927237E1
2.394567678E2,-4.330522650E1
2.395630474E2,-4.682633101E1
2.396693217E2,-4.294314170E1
2.397756327E2,-4.076170187E1
2.398797231E2,-4.655993735E1
2.399860461E2,-4.767919703E1
2.400919413E2,-4.399109129E1
2.401972536E2,-4.565886603E1
2.403035374E2,-4.427310211E1
2.404097924E2,-4.157140125E1
2.405130915E2,-3.837879560E1
2.406161581E2,-3.401528451E1
2.407193991E2,-3.438004180E1
2.408206397E2,-4.194700251E1
2.409249903E2,-4.170131535E1
2.410297751E2,-4.256724537E1
2.411359018E2,-4.862768670E1
2.412405772E2,-4.199277661E1
2.413460122E2,-3.856380848E1
2.414505313E2,-4.406156174E1
2.415568366E2,-4.492638419E1
2.416627758E2,-4.345958506E1
2.417691015E2,-4.703529011E1
2.418754197E2,-5.170952173E1
2.419798939E2,-5.319027659E1
2.420832637E2,-4.897276965E1
2.421891193E2,-5.025912046E1
2.422909553E2,-5.285591080E1
2.423961191E2,-5.293189025E1
2.425006810E2,-4.856671867E1
2.426070067E2,-4.753774712E1
2.427133142E2,-4.595879397E1
2.428196847E2,-5.295223207E1
2.429260118E2,-5.233814171E1
2.430299116E2,-5.207585292E1
2.431355802E2,-4.389091193E1
2.432388008E2,-4.614183763E1
2.433451164E2,-4.775936783E1
2.434465972E2,-4.436436414E1
2.435529065E2,-4.860407055E1
2.436581914E2,-5.370808565E1
2.437633814E2,-4.476326299E1
2.438661702E2,-4.749907900E1
2.439695167E2,-5.268880636E1
2.440760192E2,-5.334438537E1
2.441800857E2,-5.034806719E1
2.442863215E2,-5.179631077E1
2.443918500E2,-4.670276402E1
2.444965968E2,-4.702988612E1
2.445981499E2,-4.818785039E1
2.447037227E2,-5.161835578E1
2.448093920E2,-5.001420806E1
2.449134005E2,-4.504621120E1
2.450141638E2,-3.853211851E1
2.451168733E2,-4.093811279E1
2.452191907E2,-4.908467272E1
2.453248127E2,-5.447390680E1
2.454300814E2,-5.314960460E1
2.455353996E2,-4.814991953E1
2.456360275E2,-5.162886265E1
2.457415622E2,-4.834271684E1
2.458467698E2,-4.771623417E1
2.459475746E2,-5.128838064E1
2.460531557E2,-5.033193768E1
2.461587149E2,-5.260662607E1
2.462635467E2,-5.383285812E1
2.463669580E2,-5.097820565E1
2.464726285E2,-5.381538209E1
2.465783068E2,-5.162851773E1
2.466802119E2,-5.028969077E1
2.467810928E2,-5.111129908E1
2.468866155E2,-5.094449189E1
2.469902580E2,-5.076726177E1
2.470958985E2,-4.619556605E1
2.471968771E2,-4.890818399E1
2.472976739E2,-5.381968257E1
2.474033297E2,-4.694538864E1
2.475097054E2,-4.847088106E1
2.476136819E2,-4.826117588E1
2.477196018E2,-5.070265329E1
2.478259841E2,-4.801808811E1
2.479303659E2,-4.937917029E1
2.480367542E2,-5.074322900E1
2.481430745E2,-5.218605437E1
2.482470372E2,-5.193269647E1
2.483533997E2,-5.253458814E1
2.484597736E2,-5.295354571E1
2.485637680E2,-4.284496416E1
2.486700795E2,-4.633937963E1
2.487741369E2,-5.275563054E1
2.488804430E2,-4.536221403E1
2.489842442E2,-4.520709025E1
2.490902224E2,-3.449658280E1
2.491960624E2,-4.155640642E1
2.492979129E2,-4.577468880E1
2.494039147E2,-4.804949300E1
2.495096525E2,-4.515745372E1
2.496138588E2,-5.001889037E1
2.497201693E2,-5.381982338E1
2.498262488E2,-5.277956469E1
2.499304800E2,-5.389584074E1
2.500368459E2,-5.335003921E1
2.501433252E2,-5.312168253E1
2.502471571E2,-5.421607400E1
2.503534471E2,-5.310897239E1
2.504597643E2,-5.266623604E1
2.505638925E2,-4.863923111E1
2.506702115E2,-5.335997033E1
2.507759477E2,-5.311815318E1
2.508805662E2,-5.297407143E1
2.509868125E2,-5.142494251E1
2.510903125E2,-5.163290007E1
2.511961375E2,-5.116057924E1
2.512973460E2,-5.351917913E1
2.514037455E2,-5.201213289E1
2.515100516E2,-5.392391068E1
2.516139413E2,-5.526105491E1
2.517172838E2,-5.305963983E1
2.518236414E2,-4.893466047E1
2.519299057E2,-4.802816269E1
2.520314482E2,-5.254817127E1
2.521338724E2,-5.156827248E1
2.522354077E2,-4.972250022E1
2.523410969E2,-5.093148804E1
2.524473857E2,-5.033804156E1
2.525536387E2,-5.040254282E1
2.526599544E2,-5.155772435E1
2.527641007E2,-5.359677194E1
2.528705695E2,-5.292490514E1
2.529769502E2,-5.291672785E1
2.530808223E2,-5.435374642E1
2.531871907E2,-5.550235544E1
2.532935487E2,-5.349052147E1
2.533974667E2,-5.350510370E1
2.534993530E2,-5.363945089E1
2.536054843E2,-5.474678522E1
2.537115056E2,-4.766689756E1
2.538142120E2,-5.273667231E1
2.539205887E2,-4.997203827E1
2.540270618E2,-4.580088804E1
2.541308274E2,-5.153630602E1
2.542368621E2,-4.415818389E1
2.543433442E2,-4.488999290E1
2.544475246E2,-4.662707523E1
2.545501780E2,-4.936972418E1
2.546565075E2,-4.897955301E1
2.547626433E2,-5.123577230E1
2.548641922E2,-5.480292168E1
2.549706088E2,-5.132503493E1
2.550773787E2,-5.092763962E1
2.551808503E2,-5.094577217E1
2.552870771E2,-5.236573791E1
2.553929263E2,-5.263368546E1
2.554975089E2,-5.363268469E1
2.555982372E2,-5.247994704E1
2.556994047E2,-5.474594618E1
2.558005919E2,-5.266829334E1
2.559069348E2,-5.324918339E1
2.560080111E2,-5.507062809E1
2.561130880E2,-5.243547049E1
2.562141843E2,-5.258889594E1
2.563148256E2,-5.103382080E1
2.564203788E2,-4.805136060E1
2.565217090E2,-5.301925719E1
2.566249075E2,-5.436290796E1
2.567269440E2,-5.252684835E1
2.568310890E2,-4.738304188E1
2.569374521E2,-5.273206147E1
2.570431506E2,-5.441676736E1
2.571477506E2,-4.265188010E1
2.572540986E2,-5.251879359E1
2.573605245E2,-5.348983955E1
2.574643657E2,-5.177433608E1
2.575703941E2,-4.252973680E1
2.576760442E2,-4.736130595E1
2.577810650E2,-5.437966516E1
2.578873457E2,-5.251820930E1
2.579937978E2,-5.401570162E1
2.580977894E2,-5.456241782E1
2.582041459E2,-5.290476239E1
2.583104890E2,-5.296481767E1
2.584145092E2,-5.406504582E1
2.585208030E2,-5.546850061E1
2.586268038E2,-5.357122169E1
2.587311752E2,-5.297734649E1
2.588368887E2,-5.254196990E1
2.589429024E2,-5.399753027E1
2.590479551E2,-5.269957120E1
2.591542951E2,-5.548394543E1
2.592606812E2,-5.554027552E1
2.593645284E2,-5.360460553E1
2.594703651E2,-5.348304667E1
2.595766862E2,-5.367268193E1
2.596812740E2,-5.377824259E1
2.597866053E2,-5.282320135E1
2.598927487E2,-5.401773702E1
2.599979601E2,-5.269453753E1
2.600998162E2,-5.249160255E1
2.602060996E2,-5.295843478E1
2.603119672E2,-5.351314284E1
2.604147088E2,-5.500330675E1
2.605163917E2,-5.642823810E1
2.606221636E2,-5.381950022E1
2.607239443E2,-5.367105880E1
2.608292259E2,-5.266827806E1
2.609313120E2,-5.319025645E1
2.610376413E2,-5.284678585E1
2.611417242E2,-5.426521366E1
2.612473805E2,-5.351724108E1
2.613487750E2,-5.368347216E1
2.614551386E2,-5.472955667E1
2.615614726E2,-5.375391719E1
2.616647323E2,-5.237099579E1
2.617689113E2,-5.403412724E1
2.618752482E2,-5.293928600E1
2.619814506E2,-5.357392661E1
2.620878630E2,-5.336694844E1
2.621897550E2,-5.516664561E1
2.622950798E2,-5.365431219E1
2.623981195E2,-5.382502694E1
2.625044151E2,-5.411354355E1
2.626078886E2,-5.304073972E1
2.627137815E2,-5.332101497E1
2.628203257E2,-5.441149852E1
2.629267276E2,-5.369371888E1
2.630314898E2,-5.420076233E1
2.631322993E2,-5.477087938E1
2.632386121E2,-5.409805434E1
2.633442877E2,-5.127173791E1
2.634490340E2,-5.272775357E1
2.635554771E2,-5.449288502E1
2.636619025E2,-5.303376332E1
2.637649138E2,-5.257339530E1
2.638713492E2,-5.291321442E1
2.639731434E2,-5.346667619E1
2.640775497E2,-5.326193793E1
2.641815674E2,-5.308520883E1
2.642869827E2,-5.217683119E1
2.643929007E2,-5.360537175E1
2.644983303E2,-5.274154085E1
2.646013316E2,-5.272748410E1
2.647027607E2,-3.741584856E1
2.648052741E2,-4.197516197E1
2.649110730E2,-5.085001766E1
2.650151604E2,-5.253319082E1
2.651178515E2,-5.233068810E1
2.652242275E2,-5.233774252E1
2.653306057E2,-5.386683605E1
2.654324320E2,-5.049399900E1
2.655389131E2,-5.312405685E1
2.656453172E2,-5.276032343E1
2.657482607E2,-5.250115818E1
2.658495219E2,-5.306079065E1
2.659550941E2,-5.300977011E1
2.660560113E2,-5.342669692E1
2.661615877E2,-5.491576269E1
2.662649622E2,-5.252932147E1
2.663669755E2,-5.226554163E1
2.664724952E2,-4.864060929E1
2.665737761E2,-5.108692522E1
2.666794389E2,-5.247221996E1
2.667818409E2,-5.493972065E1
2.668867880E2,-5.411392300E1
2.669931881E2,-5.365244581E1
2.670985625E2,-5.322381324E1
2.672001060E2,-5.420350519E1
2.673035215E2,-5.408362802E1
2.674091305E2,-5.278742383E1
2.675151750E2,-5.186562976E1
2.676193081E2,-5.410604432E1
2.677256330E2,-4.975953233E1
2.678319077E2,-4.441955224E1
2.679326850E2,-5.294686664E1
2.680390270E2,-5.062099419E1
2.681439347E2,-4.980663578E1
2.682485769E2,-4.799161951E1
2.683549162E2,-4.609415812E1
2.684609960E2,-4.723411398E1
2.685653290E2,-4.316786076E1
2.686686590E2,-4.155038843E1
2.687738613E2,-4.675848270E1
2.688756540E2,-4.949237900E1
2.689819722E2,-5.045268138E1
2.690883543E2,-5.349558901E1
2.691945497E2,-5.000496714E1
2.692986720E2,-5.074814552E1
2.694000548E2,-5.288626083E1
2.695032192E2,-5.218422376E1
2.696096176E2,-4.276534639E1
2.697153247E2,-4.860006369E1
2.698216879E2,-4.538927141E1
2.699280339E2,-4.569909216E1
2.700320401E2,-4.468502906E1
2.701383100E2,-4.366284903E1
2.702438477E2,-4.773810223E1
2.703486405E2,-4.836765475E1
2.704549587E2,-5.130197616E1
2.705595649E2,-4.530356241E1
2.706653573E2,-4.541595774E1
2.707673147E2,-4.068636251E1
2.708733274E2,-4.658180848E1
2.709796886E2,-4.306899135E1
2.710820841E2,-5.154842271E1
2.711883741E2,-4.807873863E1
2.712946510E2,-4.612571818E1
2.713987583E2,-4.750879621E1
2.715038870E2,-5.420854751E1
2.716078497E2,-5.347508877E1
2.717106189E2,-5.229841285E1
2.718154715E2,-5.410200012E1
2.719217868E2,-4.579153033E1
2.720278736E2,-5.290231014E1
2.721320988E2,-5.265143626E1
2.722381732E2,-5.269493536E1
2.723437473E2,-5.490821679E1
2.724488417E2,-5.307694650E1
2.725550762E2,-5.276068218E1
2.726614092E2,-5.475914803E1
2.727654247E2,-5.376514244E1
2.728662270E2,-5.257578381E1
2.729688032E2,-5.316432532E1
2.730750998E2,-5.229242452E1
2.731814469E2,-5.415090621E1
2.732830592E2,-5.393137714E1
2.733894384E2,-5.311530427E1
2.734957823E2,-5.306565141E1
2.735988748E2,-4.897261780E1
2.737049160E2,-4.972432442E1
2.738112975E2,-5.053091845E1
2.739156977E2,-5.013526256E1
2.740221020E2,-5.055568569E1
2.741286042E2,-5.431384499E1
2.742323160E2,-5.325183429E1
2.743386548E2,-4.838465150E1
2.744451071E2,-4.532178195E1
2.745490271E2,-4.602264468E1
2.746518221E2,-4.912810598E1
2.747581752E2,-5.488344328E1
2.748639484E2,-5.326229665E1
2.749691947E2,-5.164750124E1
2.750756087E2,-5.164191666E1
2.751820362E2,-5.140690547E1
2.752884810E2,-5.100488702E1
2.753949087E2,-5.440319787E1
2.754991810E2,-5.240686342E1
2.756055415E2,-4.970002388E1
2.757118779E2,-4.516994733E1
2.758158295E2,-4.972387832E1
2.759198900E2,-5.050859036E1
2.760261412E2,-4.860276116E1
2.761320863E2,-5.082352702E1
2.762383514E2,-5.063498862E1
2.763438704E2,-5.152816957E1
2.764491848E2,-4.537217627E1
2.765540862E2,-4.331868223E1
2.766595813E2,-4.578938513E1
2.767619687E2,-4.792540552E1
2.768657460E2,-5.025079177E1
2.769713023E2,-4.617614311E1
2.770732631E2,-4.205601637E1
2.771741023E2,-4.162977148E1
2.772766820E2,-4.144125192E1
2.773819972E2,-4.344774870E1
2.774875731E2,-5.032824614E1
2.775927876E2,-4.764392807E1
2.776976093E2,-4.972294737E1
2.777991081E2,-4.062209138E1
2.779000445E2,-4.130614643E1
2.780058029E2,-4.689017174E1
2.781122555E2,-5.015350557E1
2.782159545E2,-5.037056187E1
2.783220294E2,-5.098084922E1
2.784284004E2,-4.777699206E1
2.785326556E2,-4.915851431E1
2.786388569E2,-4.934043406E1
2.787445792E2,-5.269924999E1
2.788493305E2,-5.306408466E1
2.789556760E2,-5.437336679E1
2.790617234E2,-5.500845561E1
2.791659756E2,-5.010097137E1
2.792718336E2,-3.789693276E1
2.793781676E2,-4.898787352E1
2.794827105E2,-4.654606593E1
2.795835006E2,-4.360886590E1
2.796873549E2,-4.716305601E1
2.797937160E2,-4.756264546E1
2.798995110E2,-4.408964110E1
2.800019793E2,-4.077102081E1
2.801084142E2,-4.540071260E1
2.802098588E2,-4.436450084E1
2.803161133E2,-4.442758709E1
2.804224943E2,-4.379862500E1
2.805260549E2,-4.295070674E1
2.806323416E2,-4.500010293E1
2.807386298E2,-4.790083723E1
2.808442307E2,-4.253528840E1
2.809494817E2,-4.224913814E1
2.810557920E2,-4.265179314E1
2.811620975E2,-5.270970057E1
2.812661693E2,-4.120174442E1
2.813713743E2,-4.508668739E1
2.814776944E2,-4.929876045E1
2.815828762E2,-4.864123527E1
2.816891636E2,-5.175020305E1
2.817923367E2,-5.160382895E1
2.818976336E2,-5.255092245E1
2.819996250E2,-5.344449880E1
2.821059470E2,-5.425953828E1
2.822112448E2,-5.443446250E1
2.823161943E2,-5.334690971E1
2.824222745E2,-4.471386995E1
2.825236163E2,-4.655467915E1
2.826294623E2,-4.238394195E1
2.827329305E2,-4.544770443E1
2.828392050E2,-4.533608889E1
2.829448735E2,-5.038984339E1
2.830498079E2,-5.089514203E1
2.831562828E2,-5.225832479E1
2.832626136E2,-5.063636062E1
2.833663566E2,-5.129365578E1
2.834699480E2,-5.049465957E1
2.835763077E2,-5.277112507E1
2.836826399E2,-5.182134078E1
2.837891928E2,-4.948501861E1
2.838955129E2,-5.079265248E1
2.839998049E2,-5.014429591E1
2.841015145E2,-5.234274266E1
2.842021846E2,-5.001061866E1
2.843028304E2,-5.164721685E1
2.844034647E2,-5.185436090E1
2.845092367E2,-5.082904191E1
2.846137476E2,-5.330100872E1
2.847164079E2,-5.283160380E1
2.848225240E2,-5.549839426E1
2.849249148E2,-5.274930236E1
2.850304669E2,-5.358947965E1
2.851330391E2,-5.510196738E1
2.852338168E2,-5.328820906E1
2.853346568E2,-5.409821697E1
2.854400920E2,-5.404110857E1
2.855432063E2,-5.337910542E1
2.856493659E2,-5.317488214E1
2.857556307E2,-5.380643093E1
2.858619820E2,-5.316230669E1
2.859666137E2,-5.361723026E1
2.860730144E2,-5.567641119E1
2.861793197E2,-5.382127569E1
2.862831794E2,-5.365205929E1
2.863894396E2,-5.328330831E1
2.864959274E2,-5.416673050E1
2.865998344E2,-5.461505897E1
2.867056965E2,-5.422201065E1
2.868121293E2,-5.271834132E1
2.869166384E2,-5.215669317E1
2.870230725E2,-5.424914609E1
2.871294432E2,-5.479669557E1
2.872332999E2,-5.323182009E1
2.873396868E2,-5.328431500E1
2.874460140E2,-5.430712611E1
2.875500250E2,-5.395818634E1
2.876563775E2,-3.642566927E1
2.877626807E2,-3.994486679E1
2.878666944E2,-4.309194557E1
2.879730195E2,-4.798782497E1
2.880794356E2,-5.255703316E1
2.881833504E2,-5.304544206E1
2.882897050E2,-5.449863068E1
2.883960202E2,-5.224187901E1
2.885000279E2,-5.516527035E1
2.886056726E2,-5.204388184E1
2.887078777E2,-5.360514919E1
2.888141878E2,-5.241181954E1
2.889168167E2,-4.894984080E1
2.890230826E2,-5.126248899E1
2.891294081E2,-5.276427904E1
2.892334679E2,-5.320643953E1
2.893397760E2,-5.240887205E1
2.894449241E2,-5.367878787E1
2.895501405E2,-5.349872063E1
2.896564428E2,-5.391004859E1
2.897617891E2,-5.360724039E1
2.898668456E2,-4.866455188E1
2.899721310E2,-5.114883762E1
2.900784806E2,-4.599302379E1
2.901835425E2,-4.921054734E1
2.902897897E2,-4.918179872E1
2.903961161E2,-5.481953757E1
2.905002180E2,-5.363281666E1
2.906064702E2,-5.480539721E1
2.907120403E2,-5.518665234E1
2.908169135E2,-5.362321176E1
2.909199777E2,-5.459889282E1
2.910264302E2,-5.345762692E1
2.911327880E2,-5.328626282E1
2.912343582E2,-5.277604561E1
2.913399353E2,-4.379093449E1
2.914461602E2,-4.489466060E1
2.915503035E2,-4.807567878E1
2.916525470E2,-5.054025386E1
2.917583065E2,-5.230417413E1
2.918645907E2,-5.165876476E1
2.919670049E2,-5.094834619E1
2.920731725E2,-5.199168502E1
2.921772321E2,-5.256391529E1
2.922832371E2,-5.206461412E1
2.923895487E2,-5.259595399E1
2.924911640E2,-5.393191717E1
2.925929652E2,-5.360538417E1
2.926976696E2,-5.405545589E1
2.928003837E2,-5.480822155E1
2.929067788E2,-5.510106053E1
2.930131700E2,-5.166491950E1
2.931171232E2,-5.146312771E1
2.932234695E2,-5.316949662E1
2.933298280E2,-5.355615759E1
2.934337943E2,-5.148564151E1
2.935400236E2,-5.225688016E1
2.936427000E2,-5.316994924E1
2.937487052E2,-5.473363476E1
2.938503344E2,-5.463718343E1
2.939512391E2,-5.372221034E1
2.940538584E2,-5.411831224E1
2.941598877E2,-5.374347741E1
2.942663400E2,-5.459901899E1
2.943705753E2,-5.193891448E1
2.944748210E2,-5.213777563E1
2.945787918E2,-5.344880915E1
2.946838372E2,-5.284087736E1
2.947866257E2,-5.338026592E1
2.948930324E2,-4.812905458E1
2.949976796E2,-4.753890935E1
2.951008349E2,-5.012718060E1
2.952070911E2,-5.402831451E1
2.953134074E2,-5.356615968E1
2.954172577E2,-5.459388450E1
2.955236005E2,-5.459971690E1
2.956299061E2,-4.526263218E1
2.957346994E2,-4.205485848E1
2.958407542E2,-4.386099127E1
2.959459485E2,-4.750633235E1
2.960506837E2,-5.200940320E1
2.961570665E2,-4.860846597E1
2.962633740E2,-4.845491860E1
2.963673142E2,-4.986551273E1
2.964736614E2,-5.289245094E1
2.965799863E2,-5.219164680E1
2.966840726E2,-4.971806496E1
2.967904378E2,-5.124231567E1
2.968968490E2,-5.024615365E1
2.970006441E2,-5.187980770E1
2.971014840E2,-5.018861059E1
2.972079176E2,-4.518674563E1
2.973106469E2,-4.642063254E1
2.974169660E2,-4.649099977E1
2.975233309E2,-5.053558212E1
2.976296434E2,-5.307614123E1
2.977340095E2,-5.295364131E1
2.978348492E2,-5.255778417E1
2.979408666E2,-5.383260309E1
2.980471464E2,-5.319247671E1
2.981507867E2,-5.437056631E1
2.982557308E2,-5.421818228E1
2.983615342E2,-5.071403285E1
2.984674739E2,-5.428162585E1
2.985705198E2,-4.302291437E1
2.986768129E2,-3.923530811E1
2.987806064E2,-4.085511351E1
2.988841970E2,-3.992826677E1
2.989905328E2,-5.371957047E1
2.990968405E2,-5.325525907E1
2.992009675E2,-4.252358647E1
2.993073227E2,-4.066537809E1
2.994105799E2,-4.532124183E1
2.995169139E2,-4.523286417E1
2.996183513E2,-5.038803911E1
2.997247372E2,-5.013136598E1
2.998305494E2,-4.481845181E1
2.999341785E2,-4.332512887E1
3.000401972E2,-5.182057222E1
3.001458899E2,-5.286744456E1
3.002509539E2,-5.316386591E1
3.003555777E2,-5.144251577E1
3.004606483E2,-5.119221173E1
3.005669099E2,-5.301046594E1
3.006704982E2,-5.218839607E1
3.007757953E2,-5.389975670E1
3.008815582E2,-5.423865142E1
3.009843821E2,-5.444877242E1
3.010906759E2,-4.610084224E1
3.011970268E2,-4.843201121E1
3.013010822E2,-4.393537389E1
3.014074152E2,-4.298779483E1
3.015137285E2,-4.574550144E1
3.016197890E2,-4.743885299E1
3.017261315E2,-4.633488086E1
3.018324960E2,-4.682829136E1
3.019344220E2,-5.210914254E1
3.020371847E2,-4.302514744E1
3.021433999E2,-4.409562772E1
3.022496493E2,-4.739209141E1
3.023511177E2,-4.476521796E1
3.024574799E2,-4.590905851E1
3.025637716E2,-4.766243496E1
3.026677837E2,-4.528965254E1
3.027740968E2,-5.110566871E1
3.028782891E2,-4.912076494E1
3.029844493E2,-4.727963213E1
3.030905625E2,-4.640211439E1
3.031968608E2,-5.188111380E1
3.033011934E2,-5.424587058E1
3.034071580E2,-5.377379166E1
3.035134717E2,-5.259272264E1
3.036180783E2,-3.769981355E1
3.037222898E2,-3.905763093E1
3.038241469E2,-4.971145496E1
3.039300267E2,-5.121185886E1
3.040345855E2,-5.392513526E1
3.041408846E2,-4.657140143E1
3.042468449E2,-4.532842395E1
3.043513154E2,-4.942031881E1
3.044576947E2,-4.708622498E1
3.045640352E2,-4.841731421E1
3.046679427E2,-5.068461695E1
3.047742812E2,-4.546686087E1
3.048806689E2,-4.545652796E1
3.049846576E2,-4.654369199E1
3.050910390E2,-5.054034377E1
3.051970438E2,-4.045812779E1
3.053013068E2,-4.281864372E1
3.054031353E2,-4.694305002E1
3.055088911E2,-5.295558810E1
3.056115912E2,-5.388279348E1
3.057176164E2,-5.134872112E1
3.058239468E2,-5.497656373E1
3.059298464E2,-5.236594713E1
3.060347470E2,-3.877267874E1
3.061410274E2,-4.059463089E1
3.062472898E2,-4.051173809E1
3.063518700E2,-4.121168403E1
3.064572842E2,-4.255221538E1
3.065608430E2,-4.378559329E1
3.066672097E2,-4.421716112E1
3.067710312E2,-4.028721334E1
3.068729106E2,-4.186368420E1
3.069744495E2,-4.973210260E1
3.070804434E2,-4.485708215E1
3.071847921E2,-4.664358803E1
3.072903172E2,-4.367340238E1
3.073913523E2,-3.906876119E1
3.074956771E2,-3.850796737E1
3.076009588E2,-4.807269871E1
3.077039890E2,-4.302542292E1
3.078092995E2,-4.533703867E1
3.079116740E2,-4.085789895E1
3.080135492E2,-4.560034583E1
3.081181620E2,-4.983332090E1
3.082200638E2,-5.485776550E1
3.083254589E2,-5.289074488E1
3.084292097E2,-5.233819619E1
3.085343698E2,-5.095421628E1
3.086394381E2,-4.757609214E1
3.087421869E2,-5.006664539E1
3.088477119E2,-3.891536567E1
3.089516262E2,-4.271033582E1
3.090544459E2,-4.547510586E1
3.091607925E2,-5.434321136E1
3.092671323E2,-5.466167607E1
3.093691339E2,-5.291182574E1
3.094752399E2,-4.049088240E1
3.095786525E2,-4.605873672E1
3.096845870E2,-4.340683598E1
3.097866267E2,-4.514054539E1
3.098929374E2,-4.047051610E1
3.099976879E2,-4.623787783E1
3.101017252E2,-3.245050237E1
3.102031670E2,-4.213028154E1
3.103092849E2,-4.045878771E1
3.104157391E2,-4.485619741E1
3.105183465E2,-4.669330057E1
3.106243635E2,-5.397346212E1
3.107273143E2,-5.303392573E1
3.108336485E2,-5.339751353E1
3.109371164E2,-5.578576747E1
3.110432000E2,-5.495439021E1
3.111495417E2,-5.364335932E1
3.112518595E2,-5.303479125E1
3.113572391E2,-5.397659107E1
3.114637135E2,-5.268845622E1
3.115685075E2,-5.390856269E1
3.116748684E2,-5.278964466E1
3.117798411E2,-5.260499756E1
3.118852630E2,-4.816597353E1
3.119872334E2,-4.808646211E1
3.120935582E2,-4.685956915E1
3.121971393E2,-3.908684684E1
3.123019167E2,-3.855902197E1
3.124050531E2,-3.968825309E1
3.125091335E2,-4.046400689E1
3.126123564E2,-4.435680018E1
3.127186049E2,-4.251388904E1
3.128251459E2,-3.881062820E1
3.129316518E2,-4.189816799E1
3.130352889E2,-4.263443247E1
3.131371147E2,-4.775644041E1
3.132410987E2,-5.366245887E1
3.133474464E2,-5.271402481E1
3.134519617E2,-5.415356351E1
3.135583525E2,-5.362560367E1
3.136633980E2,-5.309429529E1
3.137686497E2,-5.398271054E1
3.138709785E2,-5.304441297E1
3.139774149E2,-5.380147472E1
3.140838164E2,-5.386952589E1
3.141854875E2,-5.265063404E1
3.142918512E2,-5.319308454E1
3.143977210E2,-5.308554917E1
3.145019852E2,-5.289940603E1
3.146028359E2,-5.300402097E1
3.147089718E2,-5.286153621E1
3.148154697E2,-5.196998791E1
3.149187353E2,-5.337629479E1
3.150206134E2,-5.493545191E1
3.151267962E2,-5.445074750E1
3.152305900E2,-5.372248965E1
3.153354977E2,-5.186248415E1
3.154418143E2,-5.346160341E1
3.155439253E2,-5.215360467E1
3.156501548E2,-5.409858786E1
3.157522108E2,-5.530183849E1
3.158585581E2,-5.328685247E1
3.159647717E2,-5.209190392E1
3.160688689E2,-5.364162572E1
3.161751779E2,-5.368268171E1
3.162793038E2,-5.304078096E1
3.163855465E2,-5.259148991E1
3.164873908E2,-5.416740827E1
3.165931727E2,-5.262859507E1
3.166977330E2,-5.466623475E1
3.168023421E2,-5.411311520E1
3.169086575E2,-5.381943108E1
3.170150048E2,-5.312598310E1
3.171189470E2,-5.340438710E1
3.172252863E2,-4.455585305E1
3.173316283E2,-4.553249219E1
3.174356100E2,-4.224811731E1
3.175405105E2,-3.822762682E1
3.176440025E2,-4.316984653E1
3.177503386E2,-5.088058870E1
3.178523292E2,-4.775030746E1
3.179586543E2,-4.743339015E1
3.180648962E2,-5.303800965E1
3.181689978E2,-5.404378854E1
3.182752946E2,-5.284828217E1
3.183815925E2,-5.433538022E1
3.184856887E2,-5.447982339E1
3.185904649E2,-5.229827243E1
3.186965261E2,-5.226668971E1
3.188024314E2,-5.160644006E1
3.189087570E2,-5.252077443E1
3.190131902E2,-5.430511539E1
3.191191275E2,-5.448610566E1
3.192254564E2,-5.395209849E1
3.193317395E2,-5.338121027E1
3.194357247E2,-5.418004349E1
3.195420189E2,-5.290123533E1
3.196439385E2,-5.318412603E1
3.197469102E2,-5.385872226E1
3.198525180E2,-5.511982269E1
3.199588707E2,-5.265834386E1
3.200648920E2,-5.271800845E1
3.201698448E2,-5.498725903E1
3.202756520E2,-5.382971561E1
3.203819715E2,-5.445042963E1
3.204858313E2,-5.308381957E1
3.205921729E2,-5.531021903E1
3.206976606E2,-5.349776370E1
3.208025907E2,-5.273661257E1
3.209090134E2,-5.440966451E1
3.210150457E2,-5.464090236E1
3.211192170E2,-5.243369897E1
3.212254877E2,-5.388872483E1
3.213317865E2,-5.479855297E1
3.214358974E2,-5.491283812E1
3.215410296E2,-5.203137497E1
3.216472615E2,-5.358654373E1
3.217526140E2,-5.380568477E1
3.218572060E2,-5.498458902E1
3.219634926E2,-5.112432446E1
3.220693146E2,-5.411992078E1
3.221755917E2,-5.468290628E1
3.222818927E2,-5.330187163E1
3.223860004E2,-5.476084840E1
3.224911699E2,-5.488331860E1
3.225953177E2,-4.607209102E1
3.226976498E2,-4.652477175E1
3.228027423E2,-4.657800061E1
3.229091048E2,-4.904803779E1
3.230153949E2,-5.346675735E1
3.231193942E2,-5.364350358E1
3.232255844E2,-5.283439057E1
3.233313229E2,-5.413941445E1
3.234360450E2,-5.413627013E1
3.235367696E2,-5.321614598E1
3.236425584E2,-5.379376688E1
3.237489252E2,-5.439649434E1
3.238527520E2,-5.432930136E1
3.239583480E2,-5.308707894E1
3.240641757E2,-5.482384125E1
3.241694435E2,-5.488581089E1
3.242757147E2,-5.314554176E1
3.243820163E2,-5.525203922E1
3.244861536E2,-5.263113352E1
3.245906069E2,-5.234943203E1
3.246966952E2,-5.483554894E1
3.248029716E2,-5.391408422E1
3.249064515E2,-5.317065597E1
3.250093882E2,-5.319766847E1
3.251154815E2,-5.258536694E1
3.252195318E2,-5.306913729E1
3.253258297E2,-5.291464697E1
3.254271832E2,-5.388407181E1
3.255334578E2,-5.433589588E1
3.256362498E2,-5.426446942E1
3.257377325E2,-5.313610535E1
3.258434747E2,-5.228249010E1
3.259498218E2,-5.318711669E1
3.260557980E2,-5.486968140E1
3.261617784E2,-5.312177657E1
3.262680462E2,-5.258653828E1
3.263696101E2,-4.447991080E1
3.264726192E2,-4.806691541E1
3.265786171E2,-5.190980663E1
3.266849820E2,-5.071514780E1
3.267864179E2,-5.394667893E1
3.268927879E2,-5.431953359E1
3.269976449E2,-5.480360966E1
3.271030376E2,-5.349754531E1
3.272091234E2,-5.528390315E1
3.273154214E2,-5.238569441E1
3.274195518E2,-5.530151162E1
3.275204600E2,-5.453467010E1
3.276267880E2,-5.537401724E1
3.277283260E2,-5.293308811E1
3.278305280E2,-5.294081054E1
3.279364027E2,-5.278926914E1
3.280382747E2,-5.216041350E1
3.281437271E2,-5.280364353E1
3.282497907E2,-5.425477389E1
3.283530415E2,-5.346841810E1
3.284588513E2,-5.411498192E1
3.285651814E2,-5.213338029E1
3.286697897E2,-5.353821888E1
3.287758975E2,-5.574023580E1
3.288805342E2,-5.250320167E1
3.289864897E2,-5.423245089E1
3.290904932E2,-5.575086635E1
3.291947462E2,-5.523713274E1
3.292976315E2,-5.284750189E1
3.294031624E2,-5.465632282E1
3.295073137E2,-5.326645885E1
3.296136419E2,-5.376251188E1
3.297199687E2,-5.356899380E1
3.298263016E2,-5.484095875E1
3.299325859E2,-5.504593128E1
3.300365982E2,-5.342790023E1
3.301407312E2,-5.430685842E1
3.302461980E2,-5.508530016E1
3.303505748E2,-5.386925812E1
3.304540002E2,-5.288780785E1
3.305597852E2,-5.362201861E1
3.306661950E2,-5.325675906E1
3.307699670E2,-5.423409376E1
3.308764825E2,-5.246764938E1
3.309805835E2,-5.379852683E1
3.310866486E2,-5.434053745E1
3.311930424E2,-5.308173622E1
3.312976570E2,-5.295616243E1
3.314033129E2,-5.404698047E1
3.315093962E2,-5.473037327E1
3.316157052E2,-5.353005139E1
3.317200599E2,-5.397587988E1
3.318265809E2,-5.228324132E1
3.319308707E2,-5.230952860E1
3.320366839E2,-5.250414040E1
3.321430182E2,-5.331517625E1
3.322471492E2,-5.206374367E1
3.323533845E2,-5.084367067E1
3.324596186E2,-5.262141387E1
3.325660010E2,-5.367301854E1
3.326701141E2,-5.367711126E1
3.327748130E2,-5.081019505E1
3.328808697E2,-5.321488966E1
3.329867559E2,-5.363372742E1
3.330931280E2,-5.349683426E1
3.331975691E2,-5.290443162E1
3.333030300E2,-5.375678974E1
3.334093105E2,-5.269052355E1
3.335108776E2,-5.304609080E1
3.336127880E2,-5.322574239E1
3.337186535E2,-5.219436970E1
3.338201862E2,-5.487788253E1
3.339263982E2,-5.386283802E1
3.340321657E2,-4.346656130E1
3.341376918E2,-4.915349394E1
3.342432117E2,-5.257901518E1
3.343487224E2,-5.262711280E1
3.344536722E2,-5.391369084E1
3.345563496E2,-5.376577218E1
3.346624472E2,-5.513602978E1
3.347684478E2,-5.280165681E1
3.348702741E2,-5.310241323E1
3.349766464E2,-5.309568136E1
3.350793266E2,-5.477606943E1
3.351850923E2,-5.436326803E1
3.352869456E2,-5.412817623E1
3.353904825E2,-5.375702589E1
3.354962588E2,-5.475294548E1
3.355976558E2,-5.406461707E1
3.357035669E2,-5.476245521E1
3.358044387E2,-5.443524577E1
3.359074816E2,-5.249845019E1
3.360137407E2,-5.381286201E1
3.361196046E2,-5.351507062E1
3.362233043E2,-5.270799121E1
3.363258797E2,-5.478628761E1
3.364268387E2,-5.232266956E1
3.365311766E2,-5.322230366E1
3.366369410E2,-5.376118913E1
3.367412005E2,-5.396732811E1
3.368470262E2,-5.358049920E1
3.369533152E2,-5.311400666E1
3.370596921E2,-5.086119511E1
3.371653120E2,-5.277352642E1
3.372703887E2,-5.393812546E1
3.373764861E2,-5.489404898E1
3.374828836E2,-5.409927918E1
3.375871107E2,-5.399029354E1
3.376934030E2,-5.325159073E1
3.377976826E2,-5.398093468E1
3.379037982E2,-5.429203034E1
3.380100452E2,-5.287593336E1
3.381160617E2,-5.238601510E1
3.382205055E2,-5.090923103E1
3.383230112E2,-4.969633751E1
3.384290192E2,-5.196193309E1
3.385353521E2,-5.373501205E1
3.386371707E2,-5.337474101E1
3.387435022E2,-4.828707097E1
3.388492838E2,-5.390640583E1
3.389539445E2,-5.198256536E1
3.390602437E2,-4.877305607E1
3.391662362E2,-5.261777354E1
3.392706094E2,-4.920469188E1
3.393760134E2,-5.289818005E1
3.394822894E2,-4.960152855E1
3.395872888E2,-5.006304910E1
3.396936867E2,-5.323883337E1
3.397976720E2,-5.411849111E1
3.399039973E2,-5.432148026E1
3.400103440E2,-5.278937015E1
3.401118292E2,-5.368818158E1
3.402168648E2,-5.344075965E1
3.403206925E2,-5.299856965E1
3.404269908E2,-5.145911464E1
3.405333220E2,-4.896908753E1
3.406373788E2,-5.130634626E1
3.407381613E2,-5.150597899E1
3.408444586E2,-5.091774871E1
3.409504700E2,-4.541349336E1
3.410540429E2,-5.164000126E1
3.411559110E2,-4.807666246E1
3.412619745E2,-5.318242209E1
3.413661440E2,-5.101572405E1
3.414707484E2,-5.397255523E1
3.415770341E2,-4.917700986E1
3.416834587E2,-4.612436388E1
3.417874852E2,-4.667029658E1
3.418938261E2,-5.126037130E1
3.419976618E2,-5.245386371E1
3.421035519E2,-5.280809458E1
3.422049065E2,-5.106466830E1
3.423110962E2,-5.355622327E1
3.424152474E2,-5.295008270E1
3.425208965E2,-5.225280089E1
3.426239490E2,-5.314956975E1
3.427300570E2,-5.319087105E1
3.428339152E2,-5.342859597E1
3.429375043E2,-5.247361540E1
3.430437444E2,-5.404949587E1
3.431492867E2,-5.437266208E1
3.432542955E2,-5.397003820E1
3.433588965E2,-5.379919832E1
3.434638518E2,-4.333647999E1
3.435703009E2,-4.778594563E1
3.436725152E2,-4.802686348E1
3.437790066E2,-5.139886521E1
3.438852771E2,-5.466579555E1
3.439875608E2,-5.070114666E1
3.440939362E2,-5.053595953E1
3.441976490E2,-4.768605885E1
3.443038012E2,-4.639499327E1
3.444088683E2,-4.646162917E1
3.445151680E2,-5.099802627E1
3.446209838E2,-4.894279477E1
3.447269191E2,-4.764159257E1
3.448329437E2,-5.308384390E1
3.449376926E2,-5.285984802E1
3.450392817E2,-5.460289130E1
3.451450854E2,-5.343430830E1
3.452513457E2,-5.376996043E1
3.453543113E2,-5.190089980E1
3.454551164E2,-5.292118515E1
3.455609214E2,-5.215182672E1
3.456672731E2,-5.058552226E1
3.457712004E2,-5.374530557E1
3.458736452E2,-5.313605443E1
3.459799930E2,-5.348269607E1
3.460842861E2,-5.167112731E1
3.461876764E2,-5.507204960E1
3.462885640E2,-5.053185824E1
3.463948843E2,-4.228255983E1
3.464972659E2,-4.817245099E1
3.466035880E2,-5.351765029E1
3.467054221E2,-5.420790709E1
3.468078840E2,-5.312377439E1
3.469139558E2,-5.416442675E1
3.470161318E2,-5.272760964E1
3.471210668E2,-5.431373858E1
3.472219677E2,-5.353489119E1
3.473244134E2,-5.351747162E1
3.474306963E2,-4.728590164E1
3.475364549E2,-4.430689764E1
3.476378805E2,-4.144915143E1
3.477386643E2,-4.999580170E1
3.478431656E2,-5.051911197E1
3.479495142E2,-4.435445573E1
3.480545551E2,-5.084959586E1
3.481608080E2,-4.489014276E1
3.482650747E2,-4.045059394E1
3.483711544E2,-4.497263054E1
3.484720532E2,-5.012362696E1
3.485763143E2,-4.785490821E1
3.486797139E2,-4.213406893E1
3.487858225E2,-4.656675979E1
3.488880225E2,-5.199801536E1
3.489937234E2,-5.283543048E1
3.490976597E2,-4.086992540E1
3.492039424E2,-3.949423855E1
3.493090466E2,-3.925717561E1
3.494120134E2,-4.522382940E1
3.495178472E2,-5.391614158E1
3.496213630E2,-4.550594713E1
3.497229177E2,-4.248890975E1
3.498289892E2,-5.001094087E1
3.499352499E2,-5.376341951E1
3.500380718E2,-5.376691108E1
3.501436471E2,-5.313169787E1
3.502499687E2,-5.080521559E1
3.503547498E2,-5.430432584E1
3.504610593E2,-5.142612854E1
3.505625879E2,-5.375819923E1
3.506692253E2,-5.287498017E1
3.507714707E2,-5.353083626E1
3.508778688E2,-5.365367009E1
3.509841447E2,-5.334250884E1
3.510881839E2,-5.386998790E1
3.511944459E2,-5.293693477E1
3.512976325E2,-5.264524326E1
3.514039845E2,-5.477310616E1
3.515071001E2,-5.257182752E1
3.516120490E2,-5.269224951E1
3.517185125E2,-5.411084941E1
3.518215577E2,-4.323061071E1
3.519229305E2,-4.516420204E1
3.520271627E2,-4.085727776E1
3.521334508E2,-4.082102198E1
3.522382745E2,-4.500619902E1
3.523445627E2,-4.910354662E1
3.524508465E2,-4.848377221E1
3.525556622E2,-4.178582273E1
3.526596323E2,-4.466319608E1
3.527661075E2,-5.005004540E1
3.528716101E2,-5.274525971E1
3.529728469E2,-5.469483620E1
3.530785800E2,-5.530280423E1
3.531848846E2,-4.166281336E1
3.532882030E2,-3.851397528E1
3.533890994E2,-3.998596022E1
3.534930410E2,-4.884143380E1
3.535967115E2,-5.384889788E1
3.536976626E2,-5.393906617E1
3.538005907E2,-5.275109465E1
3.539049019E2,-5.516045999E1
3.540106645E2,-5.306139008E1
3.541141979E2,-5.221745744E1
3.542188145E2,-5.431076909E1
3.543217117E2,-5.246029490E1
3.544280210E2,-5.267123599E1
3.545320254E2,-4.693369482E1
3.546383641E2,-4.345623380E1
3.547411533E2,-4.655080862E1
3.548474503E2,-5.407169747E1
3.549505847E2,-4.476636043E1
3.550550994E2,-4.252354499E1
3.551613536E2,-4.603405196E1
3.552676676E2,-4.467999868E1
3.553717940E2,-4.438757833E1
3.554780898E2,-4.840397774E1
3.555827944E2,-4.642154066E1
3.556884936E2,-4.347283351E1
3.557946220E2,-4.372652208E1
3.558976528E2,-4.513609986E1
3.560021915E2,-5.029511466E1
3.561051945E2,-5.409001578E1
3.562115657E2,-4.897263734E1
3.563178040E2,-4.779178756E1
3.564219255E2,-5.208281389E1
3.565233775E2,-5.309712916E1
3.566267360E2,-5.391734034E1
3.567331228E2,-5.217470000E1
3.568385903E2,-5.418974348E1
3.569448257E2,-5.247665385E1
3.570511547E2,-5.413982702E1
3.571552145E2,-5.285896170E1
3.572611916E2,-4.694323817E1
3.573674855E2,-5.368101972E1
3.574720114E2,-4.950043942E1
3.575781642E2,-4.777365829E1
3.576845710E2,-4.138621777E1
3.577889108E2,-3.903014640E1
3.578920564E2,-4.050520571E1
3.579976679E2,-3.595740873E1
3.581039100E2,-5.127829981E1
3.582053517E2,-5.314573260E1
3.583116778E2,-5.276980217E1
3.584179047E2,-5.397640059E1
3.585220615E2,-5.088938095E1
3.586283977E2,-4.692216798E1
3.587347733E2,-4.233435194E1
3.588386533E2,-4.521520202E1
3.589394953E2,-5.424180254E1
3.590445109E2,-5.361166505E1
3.591490700E2,-5.421369437E1
3.592543680E2,-5.494597281E1
3.593562078E2,-5.493769756E1
3.594625624E2,-5.278985984E1
3.595658604E2,-5.296956663E1
3.596722050E2,-4.999462073E1
3.597785906E2,-5.289466900E1
3.598845385E2,-5.409247789E1
3.599888344E2,-5.208728310E1
3.600951481E2,-5.489386495E1
3.601975972E2,-5.268939773E1
3.603034200E2,-5.539916047E1
3.604055025E2,-4.931017124E1
3.605074559E2,-4.418138397E1
3.606122616E2,-5.032151145E1
3.607186568E2,-5.250542499E1
3.608222086E2,-5.322763518E1
3.609239334E2,-5.095033408E1
3.610296819E2,-4.510742064E1
3.611359629E2,-4.753307324E1
3.612389099E2,-4.574946725E1
3.613396998E2,-4.920207232E1
3.614459506E2,-4.702492322E1
3.615505029E2,-4.993199546E1
3.616556885E2,-4.726587902E1
3.617620309E2,-4.391210632E1
3.618683166E2,-5.071213490E1
3.619723402E2,-4.694482042E1
3.620786147E2,-5.019984254E1
3.621803415E2,-4.945608838E1
3.622866867E2,-5.278633274E1
3.623890141E2,-5.128600637E1
3.624953925E2,-5.188169371E1
3.625972911E2,-5.142804459E1
3.627033684E2,-5.167156342E1
3.628057472E2,-5.262179866E1
3.629119887E2,-5.317533519E1
3.630154220E2,-5.241918261E1
3.631217527E2,-5.165585740E1
3.632272777E2,-5.323703529E1
3.633332701E2,-5.295514865E1
3.634391086E2,-5.254568804E1
3.635453483E2,-4.480040378E1
3.636483614E2,-4.789154280E1
3.637504242E2,-4.097314619E1
3.638557680E2,-3.468234564E1
3.639579555E2,-3.562880986E1
3.640643237E2,-4.146016867E1
3.641706260E2,-3.766330815E1
3.642724182E2,-3.363610106E1
3.643785440E2,-4.001302150E1
3.644848629E2,-3.981507543E1
3.645891487E2,-4.247096468E1
3.646930763E2,-4.269273911E1
3.647976532E2,-3.809248416E1
3.649039462E2,-4.842217701E1
3.650066362E2,-4.130080798E1
3.651119837E2,-3.825161296E1
3.652182751E2,-4.219886608E1
3.653225408E2,-4.745124593E1
3.654244610E2,-4.790942516E1
3.655305213E2,-5.081895550E1
3.656368165E2,-5.085052790E1
3.657392500E2,-4.845400374E1
3.658455913E2,-5.294939784E1
3.659518617E2,-4.320853165E1
3.660558295E2,-5.157480334E1
3.661616065E2,-5.399367935E1
3.662663999E2,-4.697961082E1
3.663726092E2,-4.662419327E1
3.664790796E2,-5.271219909E1
3.665854226E2,-5.343870040E1
3.666893217E2,-5.203505492E1
3.667924787E2,-5.337140148E1
3.668975804E2,-5.333969661E1
3.670016566E2,-5.463787589E1
3.671060405E2,-4.237139446E1
3.672075016E2,-4.749084914E1
3.673104420E2,-4.369406885E1
3.674161770E2,-4.196578793E1
3.675221998E2,-4.598157999E1
3.676281913E2,-4.602514041E1
3.677342382E2,-4.712540490E1
3.678394531E2,-4.490807852E1
3.679435162E2,-4.780736044E1
3.680477353E2,-5.203847110E1
3.681506178E2,-5.112681551E1
3.682561330E2,-4.780034117E1
3.683604947E2,-4.560301632E1
3.684626481E2,-5.123272651E1
3.685691170E2,-4.501180255E1
3.686729109E2,-4.263971186E1
3.687792157E2,-4.723939848E1
3.688856005E2,-4.549514085E1
3.689895051E2,-4.534433270E1
3.690959968E2,-4.648142448E1
3.692001625E2,-4.711828298E1
3.693058167E2,-5.026367605E1
3.694120832E2,-4.790744337E1
3.695174317E2,-5.068847262E1
3.696229860E2,-5.024507646E1
3.697294441E2,-5.260506322E1
3.698336520E2,-5.407646662E1
3.699394645E2,-5.402637844E1
3.700406152E2,-5.396204099E1
3.701462380E2,-5.327146081E1
3.702523650E2,-4.943449440E1
3.703562496E2,-4.579023911E1
3.704625445E2,-4.440179323E1
3.705673044E2,-4.718902391E1
3.706729132E2,-5.125249533E1
3.707758837E2,-4.635025352E1
3.708777609E2,-5.114150945E1
3.709826807E2,-5.276827532E1
3.710842730E2,-5.243990121E1
3.711896812E2,-5.330184594E1
3.712959010E2,-5.146375156E1
3.713976839E2,-5.214057696E1
3.715017986E2,-5.384330005E1
3.716076370E2,-5.357670883E1
3.717133839E2,-5.239926094E1
3.718192945E2,-5.302536459E1
3.719230447E2,-5.199601219E1
3.720294000E2,-5.274755646E1
3.721356986E2,-5.086674100E1
3.722397240E2,-5.391093019E1
3.723459976E2,-3.932929848E1
3.724501385E2,-4.401821692E1
3.725560828E2,-4.566850735E1
3.726625283E2,-4.338999170E1
3.727688342E2,-4.642506929E1
3.728731625E2,-4.842778742E1
3.729795051E2,-5.176499187E1
3.730811156E2,-4.505586411E1
3.731869275E2,-4.386301458E1
3.732898403E2,-4.370850288E1
3.733952397E2,-4.523527340E1
3.734976370E2,-4.443651174E1
3.736039992E2,-4.503054953E1
3.737064805E2,-5.454758474E1
3.738125988E2,-4.879316588E1
3.739189539E2,-5.351677468E1
3.740232190E2,-4.187306350E1
3.741246140E2,-4.670094436E1
3.742305914E2,-3.917785824E1
3.743362068E2,-3.546476368E1
3.744399125E2,-4.522101959E1
3.745462057E2,-5.196302139E1
3.746523760E2,-5.196912940E1
3.747566865E2,-5.250656837E1
3.748630705E2,-5.473136805E1
3.749693984E2,-5.345919509E1
3.750732992E2,-4.346441845E1
3.751757948E2,-5.060122074E1
3.752774295E2,-4.739567830E1
3.753834686E2,-4.595098144E1
3.754895418E2,-3.869622990E1
3.755938857E2,-3.585044659E1
3.756976671E2,-3.430428068E1
3.758006695E2,-3.851564866E1
3.759062487E2,-3.579753821E1
3.760126047E2,-3.619910776E1
3.761184122E2,-3.217213832E1
3.762234395E2,-2.739844544E1
3.763299560E2,-3.586375458E1
3.764330223E2,-4.193696913E1
3.765376327E2,-3.909047138E1
3.766400901E2,-4.374544498E1
3.767408639E2,-4.050444389E1
3.768474017E2,-4.093571340E1
3.769537216E2,-4.205706279E1
3.770566570E2,-4.300176055E1
3.771575340E2,-4.198085721E1
3.772638009E2,-3.561416071E1
3.773661447E2,-3.405759012E1
3.774721856E2,-4.503023805E1
3.775766046E2,-2.922131318E1
3.776827295E2,-3.544970892E1
3.777857281E2,-4.448899121E1
3.778904338E2,-4.649025403E1
3.779963336E2,-4.746342458E1
3.781027864E2,-3.339306199E1
3.782068986E2,-4.593004765E1
3.783134079E2,-4.188207693E1
3.784178536E2,-4.401026646E1
3.785236650E2,-5.032228984E1
3.786300411E2,-5.068515789E1
3.787322314E2,-4.953931920E1
3.788378119E2,-4.477292013E1
3.789402669E2,-4.106330432E1
3.790439513E2,-4.773785998E1
3.791502816E2,-4.876321468E1
3.792564685E2,-4.592990313E1
3.793611635E2,-4.768278908E1
3.794674367E2,-4.358271073E1
3.795736711E2,-4.792798105E1
3.796772372E2,-5.241159119E1
3.797832216E2,-5.144981990E1
3.798878190E2,-5.336056337E1
3.799903850E2,-5.225774820E1
3.800967084E2,-5.259372550E1
3.802029685E2,-4.874925722E1
3.803070432E2,-5.199899098E1
3.804134197E2,-5.268727743E1
3.805198347E2,-5.196985750E1
3.806237404E2,-5.386250652E1
3.807301263E2,-5.401461544E1
3.808363062E2,-4.466316318E1
3.809403469E2,-3.893278610E1
3.810463643E2,-4.399867456E1
3.811526065E2,-4.035630760E1
3.812569880E2,-4.120409165E1
3.813627648E2,-4.599228713E1
3.814666847E2,-4.706335941E1
3.815695392E2,-5.045342481E1
3.816738672E2,-4.916944420E1
3.817789086E2,-5.118180862E1
3.818802886E2,-4.461450537E1
3.819861368E2,-4.672999297E1
3.820905113E2,-4.723819813E1
3.821967837E2,-5.100941224E1
3.823027762E2,-4.622117039E1
3.824071984E2,-4.296313434E1
3.825085919E2,-4.304417777E1
3.826147884E2,-5.278493671E1
3.827211687E2,-4.328498021E1
3.828238748E2,-4.494036374E1
3.829304794E2,-4.259385739E1
3.830367468E2,-4.549821381E1
3.831405790E2,-4.973261224E1
3.832469420E2,-5.031077864E1
3.833519735E2,-4.837541902E1
3.834574076E2,-4.196925769E1
3.835638387E2,-5.011354183E1
3.836661474E2,-5.169503886E1
3.837725555E2,-5.466674533E1
3.838739973E2,-5.338477050E1
3.839747912E2,-4.521702353E1
3.840810632E2,-4.281102030E1
3.841870507E2,-4.823130004E1
3.842906932E2,-5.030985921E1
3.843955276E2,-5.099466917E1
3.844977374E2,-5.422507588E1
3.846041330E2,-5.344203083E1
3.847074637E2,-5.422246114E1
3.848137423E2,-5.137584063E1
3.849200395E2,-5.129948423E1
3.850240945E2,-5.196102296E1
3.851304587E2,-5.445178635E1
3.852366924E2,-5.470973971E1
3.853406407E2,-5.234985851E1
3.854464116E2,-3.697690203E1
3.855527641E2,-4.491967111E1
3.856574344E2,-5.408090192E1
3.857637394E2,-5.346942831E1
3.858660967E2,-5.430644207E1
3.859719384E2,-5.425186325E1
3.860741580E2,-5.308923601E1
3.861771297E2,-5.403819203E1
3.862804935E2,-5.424686242E1
3.863831031E2,-5.243688944E1
3.864877048E2,-5.345555734E1
3.865907342E2,-5.432995601E1
3.866916238E2,-5.349252096E1
3.867976917E2,-5.305382789E1
3.868998840E2,-5.313189192E1
3.870057607E2,-5.427699715E1
3.871075677E2,-5.303648303E1
3.872137628E2,-5.312243753E1
3.873195850E2,-5.117229961E1
3.874244764E2,-5.383757361E1
3.875307606E2,-5.235150031E1
3.876362242E2,-5.500508148E1
3.877409092E2,-5.521676012E1
3.878438780E2,-5.343248223E1
3.879495533E2,-3.983993261E1
3.880539005E2,-3.825574518E1
3.881576190E2,-5.031064346E1
3.882639319E2,-5.282102326E1
3.883661425E2,-5.332503745E1
3.884724693E2,-5.268225144E1
3.885743192E2,-5.238123384E1
3.886783930E2,-5.102197255E1
3.887846392E2,-4.666572302E1
3.888905788E2,-3.715710396E1
3.889926343E2,-3.489136554E1
3.890976483E2,-3.963482084E1
3.892036634E2,-3.744361193E1
3.893084312E2,-4.140513345E1
3.894142556E2,-3.791770046E1
3.895206630E2,-3.668238903E1
3.896244492E2,-3.559168274E1
3.897269629E2,-4.531753049E1
3.898330262E2,-5.170229265E1
3.899371316E2,-5.546010501E1
3.900411967E2,-5.467985370E1
3.901475547E2,-5.417314977E1
3.902533547E2,-5.494779398E1
3.903577805E2,-5.356897756E1
3.904592176E2,-5.522221878E1
3.905605157E2,-4.695198430E1
3.906657641E2,-4.136508407E1
3.907708211E2,-4.121512539E1
3.908745616E2,-4.150976348E1
3.909790873E2,-4.393470292E1
3.910816527E2,-4.643221423E1
3.911851231E2,-5.422678045E1
3.912912108E2,-4.940637404E1
3.913962672E2,-4.951699688E1
3.914975935E2,-5.361087443E1
3.916027732E2,-5.093186797E1
3.917079120E2,-4.165164684E1
3.918143073E2,-3.649274631E1
3.919205968E2,-4.116001059E1
3.920244815E2,-4.198737832E1
3.921253684E2,-4.022479516E1
3.922316670E2,-3.915034313E1
3.923379909E2,-4.046685528E1
3.924413909E2,-3.884697880E1
3.925476224E2,-3.852712410E1
3.926539510E2,-3.614829793E1
3.927579099E2,-3.175230992E1
3.928639263E2,-3.360578806E1
3.929702118E2,-3.502713874E1
3.930745545E2,-3.438737977E1
3.931754324E2,-3.915418803E1
3.932805733E2,-3.715137685E1
3.933868266E2,-3.679326558E1
3.934914924E2,-5.151335991E1
3.935976075E2,-5.259483805E1
3.937036695E2,-5.280554087E1
3.938080505E2,-5.366695771E1
3.939130321E2,-5.328171144E1
3.940156056E2,-4.856592907E1
3.941166817E2,-4.773614069E1
3.942224543E2,-4.862303261E1
3.943247546E2,-4.848952264E1
3.944279917E2,-5.270885163E1
3.945343192E2,-5.341163535E1
3.946402132E2,-5.262204234E1
3.947422432E2,-5.395720087E1
3.948438681E2,-5.362204940E1
3.949495340E2,-5.183360898E1
3.950514608E2,-5.388478700E1
3.951577265E2,-4.998494551E1
3.952639532E2,-4.199274686E1
3.953672511E2,-4.224511387E1
3.954725666E2,-4.370933312E1
3.955748700E2,-3.801032704E1
3.956812375E2,-4.177322618E1
3.957875713E2,-3.525112634E1
3.958915475E2,-4.024959163E1
3.959976799E2,-5.134032430E1
3.961038609E2,-5.300389286E1
3.962082028E2,-5.393073302E1
3.963090315E2,-5.286388626E1
3.964141337E2,-5.415962240E1
3.965196080E2,-5.375084191E1
3.966249747E2,-5.351767126E1
3.967313024E2,-5.490770410E1
3.968373290E2,-5.444813036E1
3.969416390E2,-5.444995403E1
3.970424586E2,-5.260976276E1
3.971487953E2,-5.285298691E1
3.972509076E2,-5.054633022E1
3.973522319E2,-5.436237768E1
3.974579684E2,-5.396814082E1
3.975643277E2,-5.200622896E1
3.976683952E2,-5.166312306E1
3.977746127E2,-5.299769739E1
3.978783633E2,-5.443282799E1
3.979798065E2,-4.605978507E1
3.980841679E2,-5.283228810E1
3.981877700E2,-5.368996459E1
3.982916045E2,-5.305745611E1
3.983925183E2,-5.257847438E1
3.984976824E2,-5.388199342E1
3.986040540E2,-5.380624838E1
3.987084633E2,-5.349391053E1
3.988147971E2,-5.375415171E1
3.989168814E2,-5.174853409E1
3.990232324E2,-5.162030785E1
3.991266006E2,-5.160863000E1
3.992321026E2,-5.312256901E1
3.993352573E2,-5.286788187E1
3.994413572E2,-5.357668488E1
3.995476800E2,-4.381708256E1
3.996494349E2,-4.852665075E1
3.997553535E2,-5.404483776E1
3.998585138E2,-5.110413735E1
3.999611895E2,-4.917879140E1
4.000669962E2,-4.877413121E1
4.001732364E2,-4.072206461E1
4.002752985E2,-5.251021469E1
4.003789168E2,-5.332899443E1
4.004837564E2,-5.328548525E1
4.005898427E2,-4.597270305E1
4.006918298E2,-4.271219367E1
4.007976325E2,-4.300763775E1
4.009037522E2,-4.242422000E1
4.010086333E2,-4.144814353E1
4.011100365E2,-3.751231767E1
4.012138646E2,-3.943643126E1
4.013189631E2,-3.753842825E1
4.014239189E2,-3.888727662E1
4.015253511E2,-4.578013513E1
4.016316438E2,-5.199205792E1
4.017376713E2,-5.347597895E1
4.018420034E2,-5.260472688E1
4.019427773E2,-5.528394759E1
4.020470913E2,-5.490268845E1
4.021530934E2,-5.429831909E1
4.022587282E2,-5.015027440E1
4.023614972E2,-5.022575106E1
4.024678701E2,-5.509569482E1
4.025719493E2,-5.474775931E1
4.026753350E2,-5.288336462E1
4.027772557E2,-5.393612703E1
4.028836382E2,-5.422380887E1
4.029859328E2,-5.461122528E1
4.030921275E2,-5.395187752E1
4.031976927E2,-5.235469407E1
4.033037228E2,-5.064436149E1
4.034086999E2,-4.728464865E1
4.035109024E2,-4.518746374E1
4.036171910E2,-4.962581700E1
4.037192127E2,-4.605079487E1
4.038249740E2,-4.513452899E1
4.039262811E2,-4.716014802E1
4.040311030E2,-4.796396465E1
4.041327695E2,-4.723312214E1
4.042385983E2,-4.466453069E1
4.043422040E2,-4.384293645E1
4.044480252E2,-4.640376815E1
4.045541576E2,-4.667154224E1
4.046588765E2,-4.618319308E1
4.047604957E2,-4.685178772E1
4.048665422E2,-4.506627174E1
4.049727921E2,-4.172756979E1
4.050755027E2,-4.492780214E1
4.051803694E2,-4.528864320E1
4.052860222E2,-5.066165363E1
4.053921833E2,-5.054272553E1
4.054977677E2,-4.251692594E1
4.056010237E2,-5.005238314E1
4.057069845E2,-3.912004958E1
4.058090402E2,-4.761958459E1
4.059142671E2,-4.594087556E1
4.060185069E2,-4.186363013E1
4.061240770E2,-5.027608238E1
4.062256795E2,-4.626912116E1
4.063290239E2,-5.094146658E1
4.064353416E2,-4.228477531E1
4.065410354E2,-4.652423704E1
4.066423172E2,-4.979393869E1
4.067452715E2,-5.075722006E1
4.068473647E2,-5.216867118E1
4.069532424E2,-5.347341289E1
4.070591640E2,-5.315444033E1
4.071641292E2,-5.391481931E1
4.072669335E2,-5.232879043E1
4.073701666E2,-5.281256323E1
4.074758423E2,-4.211888585E1
4.075822972E2,-4.551701616E1
4.076886140E2,-5.124687709E1
4.077925032E2,-5.165497152E1
4.078976591E2,-5.376213799E1
4.079993901E2,-5.436178066E1
4.081034504E2,-5.086562826E1
4.082090600E2,-5.360665630E1
4.083099632E2,-5.235447005E1
4.084164655E2,-4.485664510E1
4.085180530E2,-4.039521923E1
4.086238662E2,-4.070975432E1
4.087259017E2,-3.806246344E1
4.088322950E2,-2.978489329E1
4.089372556E2,-3.391368825E1
4.090426341E2,-3.704665174E1
4.091489743E2,-4.594329378E1
4.092551393E2,-4.366494275E1
4.093592940E2,-4.204404151E1
4.094657077E2,-3.387687230E1
4.095708664E2,-3.773622426E1
4.096759706E2,-3.325584022E1
4.097797844E2,-3.951766752E1
4.098820590E2,-3.744505501E1
4.099872378E2,-3.093379565E1
4.100926607E2,-3.543182133E1
4.101971345E2,-3.490891268E1
4.103029271E2,-3.457585608E1
4.104088887E2,-4.118698567E1
4.105152126E2,-3.606877906E1
4.106210343E2,-3.681779330E1
4.107260234E2,-4.256896265E1
4.108275220E2,-4.774290652E1
4.109332394E2,-4.093047889E1
4.110388622E2,-4.400019010E1
4.111426317E2,-4.554307394E1
4.112468892E2,-4.853311053E1
4.113493577E2,-5.374250040E1
4.114554023E2,-4.031088022E1
4.115594205E2,-4.167056701E1
4.116657744E2,-4.778939370E1
4.117717246E2,-4.456093567E1
4.118761310E2,-4.796193837E1
4.119782993E2,-5.203627473E1
4.120839999E2,-4.622941648E1
4.121899885E2,-4.940144419E1
4.122928879E2,-4.552197975E1
4.123975270E2,-4.312525685E1
4.125033612E2,-3.271532746E1
4.126095353E2,-3.837777866E1
4.127137111E2,-3.915509403E1
4.128196855E2,-4.617410849E1
4.129257204E2,-3.507869840E1
4.130320551E2,-4.004977861E1
4.131371535E2,-4.401084666E1
4.132428902E2,-4.261266960E1
4.133492262E2,-4.161386693E1
4.134555636E2,-4.254955154E1
4.135595657E2,-4.148951581E1
4.136659120E2,-4.717027325E1
4.137719741E2,-3.900423134E1
4.138763079E2,-4.348396918E1
4.139779665E2,-4.249572834E1
4.140805955E2,-4.749991904E1
4.141824135E2,-4.274716756E1
4.142852640E2,-5.310931081E1
4.143913286E2,-5.205233116E1
4.144977474E2,-4.985013979E1
4.146042415E2,-4.039428471E1
4.147096894E2,-3.602945575E1
4.148162418E2,-3.158586319E1
4.149234327E2,-3.304005364E1
4.150263548E2,-5.045832237E1
4.151328042E2,-5.152691443E1
4.152366892E2,-5.200629913E1
4.153431065E2,-5.136643990E1
4.154488265E2,-5.199202997E1
4.155506292E2,-5.001498078E1
4.156552956E2,-4.570308081E1
4.157596105E2,-4.625941463E1
4.158655394E2,-5.132626864E1
4.159719442E2,-3.918653162E1
4.160771596E2,-3.952868907E1
4.161831165E2,-3.429642396E1
4.162868887E2,-3.505108963E1
4.163933019E2,-4.733126341E1
4.164975426E2,-4.855568782E1
4.166036023E2,-3.835578674E1
4.167097609E2,-3.401728351E1
4.168151339E2,-3.884968525E1
4.169206625E2,-4.015865374E1
4.170259831E2,-3.502513389E1
4.171267155E2,-3.437507626E1
4.172326544E2,-3.784803289E1
4.173388307E2,-4.024061457E1
4.174432375E2,-5.260931282E1
4.175495314E2,-5.081422306E1
4.176556276E2,-5.381019462E1
4.177600971E2,-5.228244325E1
4.178654257E2,-5.358672242E1
4.179713063E2,-5.229503133E1
4.180766599E2,-5.283115573E1
4.181805940E2,-5.359217437E1
4.182864195E2,-5.371046833E1
4.183926762E2,-5.267648937E1
4.184976637E2,-5.252895161E1
4.186004273E2,-5.198770769E1
4.187067469E2,-3.724013071E1
4.188099618E2,-4.484552678E1
4.189156880E2,-5.047426905E1
4.190172012E2,-4.682982676E1
4.191239389E2,-4.253759412E1
4.192297971E2,-5.159576254E1
4.193313196E2,-5.208529101E1
4.194360683E2,-4.728639766E1
4.195404850E2,-3.933873193E1
4.196433504E2,-5.121290363E1
4.197494647E2,-5.471352545E1
4.198522640E2,-5.200233210E1
4.199537445E2,-5.332385274E1
4.200596585E2,-5.357144682E1
4.201660074E2,-5.339431153E1
4.202722753E2,-5.378042714E1
4.203767413E2,-5.506526773E1
4.204826772E2,-5.387197512E1
4.205850736E2,-5.321361873E1
4.206915211E2,-5.374986144E1
4.207976439E2,-4.993703565E1
4.209037914E2,-5.056053355E1
4.210101813E2,-5.386019280E1
4.211161215E2,-3.827280606E1
4.212226515E2,-5.253403999E1
4.213268152E2,-5.539002739E1
4.214333737E2,-5.446151024E1
4.215371288E2,-5.200720813E1
4.216430631E2,-4.614026452E1
4.217496344E2,-4.978199448E1
4.218560936E2,-5.156518392E1
4.219602060E2,-4.788161769E1
4.220625195E2,-4.619744821E1
4.221688448E2,-3.428373108E1
4.222723713E2,-3.842049568E1
4.223768723E2,-4.241771537E1
4.224826996E2,-3.916650076E1
4.225867961E2,-3.216483319E1
4.226930884E2,-4.580987715E1
4.227972585E2,-5.481510347E1
4.229035973E2,-3.929147192E1
4.230070907E2,-3.946708734E1
4.231102277E2,-5.220908382E1
4.232122151E2,-4.528223340E1
4.233133794E2,-4.839156106E1
4.234191630E2,-4.858536468E1
4.235208119E2,-5.157397000E1
4.236269467E2,-5.406754612E1
4.237291075E2,-5.266093680E1
4.238354053E2,-5.262302340E1
4.239374548E2,-5.347352531E1
4.240410770E2,-5.229196904E1
4.241442421E2,-5.099985150E1
4.242474752E2,-5.200717416E1
4.243532470E2,-4.969965102E1
4.244541536E2,-3.914614037E1
4.245604084E2,-4.018596064E1
4.246638760E2,-4.148903103E1
4.247682989E2,-4.988424282E1
4.248726171E2,-5.189989467E1
4.249785010E2,-4.799859332E1
4.250829328E2,-5.121678257E1
4.251850364E2,-4.392903247E1
4.252909296E2,-4.782733503E1
4.253946150E2,-4.338116023E1
4.254976463E2,-4.514643479E1
4.256040925E2,-4.021174293E1
4.257099509E2,-4.503248835E1
4.258113332E2,-4.014289045E1
4.259166653E2,-4.515461565E1
4.260211586E2,-4.674948493E1
4.261272204E2,-4.369110095E1
4.262334460E2,-3.883184453E1
4.263397540E2,-5.235303341E1
4.264451104E2,-5.409567972E1
4.265504826E2,-5.416044743E1
4.266559396E2,-5.461831661E1
4.267618742E2,-5.124191206E1
4.268659532E2,-5.315488757E1
4.269675705E2,-4.933136492E1
4.270737290E2,-5.114847317E1
4.271783762E2,-5.248276681E1
4.272788641E2,-5.142928870E1
4.273818375E2,-4.985218794E1
4.274861884E2,-5.319331760E1
4.275905533E2,-5.125609791E1
4.276952591E2,-5.459704026E1
4.277975149E2,-4.357062201E1
4.279003346E2,-3.507166827E1
4.280066385E2,-4.197477085E1
4.281117875E2,-4.931754813E1
4.282168732E2,-4.213373860E1
4.283228339E2,-4.643749170E1
4.284285303E2,-3.880907880E1
4.285335651E2,-3.674621233E1
4.286394403E2,-4.036372251E1
4.287446897E2,-4.374688674E1
4.288505470E2,-5.062380593E1
4.289564848E2,-5.429143571E1
4.290618388E2,-5.335463592E1
4.291681105E2,-5.156342157E1
4.292731739E2,-4.195850823E1
4.293785535E2,-4.881779446E1
4.294834308E2,-5.234963183E1
4.295894288E2,-5.437113064E1
4.296935082E2,-5.183331127E1
4.297976536E2,-5.335700602E1
4.298989670E2,-5.207574913E1
4.300006422E2,-5.181317056E1
4.301067237E2,-4.991488406E1
4.302107952E2,-5.276832013E1
4.303172410E2,-5.155318418E1
4.304229136E2,-4.775836085E1
4.305293282E2,-4.145443505E1
4.306321870E2,-4.424791301E1
4.307334765E2,-4.047313487E1
4.308395747E2,-3.783197812E1
4.309408670E2,-3.905629803E1
4.310466842E2,-4.241059133E1
4.311506071E2,-3.912313502E1
4.312567515E2,-4.316917237E1
4.313604276E2,-4.375881557E1
4.314615706E2,-4.273091035E1
4.315630966E2,-4.298868703E1
4.316683224E2,-5.113864048E1
4.317735279E2,-4.709858070E1
4.318798244E2,-4.591219313E1
4.319860856E2,-4.340857855E1
4.320901364E2,-4.517506463E1
4.321952037E2,-5.243062387E1
4.322968094E2,-5.350429116E1
4.324032003E2,-4.643585722E1
4.325068565E2,-4.562354001E1
4.326090891E2,-4.648882969E1
4.327154179E2,-5.360127100E1
4.328174900E2,-5.289521962E1
4.329235606E2,-5.154822614E1
4.330253972E2,-5.195748585E1
4.331318025E2,-5.376334895E1
4.332382247E2,-5.408837012E1
4.333403041E2,-5.449676436E1
4.334460036E2,-5.327230220E1
4.335522927E2,-5.511150719E1
4.336569714E2,-5.299161208E1
4.337633698E2,-5.323773102E1
4.338692618E2,-5.252793689E1
4.339736731E2,-5.236602360E1
4.340799956E2,-5.266806588E1
4.341865169E2,-5.291329643E1
4.342903314E2,-5.233760612E1
4.343964735E2,-5.143513191E1
4.344977455E2,-5.403581603E1
4.346007339E2,-5.410333553E1
4.347069389E2,-5.395229691E1
4.348117475E2,-5.501617304E1
4.349142764E2,-5.358319140E1
4.350169753E2,-5.399024435E1
4.351225932E2,-5.383257978E1
4.352284247E2,-5.392584661E1
4.353347405E2,-5.416377691E1
4.354411683E2,-5.298696315E1
4.355451015E2,-5.476303902E1
4.356480223E2,-5.332199136E1
4.357538441E2,-5.311802165E1
4.358602116E2,-5.259254645E1
4.359620797E2,-5.374210024E1
4.360678872E2,-5.337876998E1
4.361742110E2,-5.441964678E1
4.362791023E2,-5.427482301E1
4.363830973E2,-5.406856630E1
4.364891856E2,-5.467803249E1
4.365945764E2,-5.461114826E1
4.366975990E2,-5.290484931E1
4.368010461E2,-5.267937666E1
4.369075102E2,-5.277499309E1
4.370112613E2,-5.356836322E1
4.371170473E2,-5.480423992E1
4.372234573E2,-5.333368088E1
4.373280704E2,-5.380137458E1
4.374315355E2,-5.302655323E1
4.375377913E2,-5.324284512E1
4.376434316E2,-5.243308991E1
4.377453913E2,-5.407531977E1
4.378472529E2,-5.340856557E1
4.379536445E2,-5.322760222E1
4.380552489E2,-5.272211506E1
4.381609707E2,-5.432851117E1
4.382645057E2,-5.365397480E1
4.383662158E2,-5.373158808E1
4.384720347E2,-5.502368849E1
4.385781517E2,-5.337142191E1
4.386807029E2,-5.495117296E1
4.387815850E2,-5.334561303E1
4.388879747E2,-5.447512437E1
4.389943714E2,-5.346025218E1
4.390988090E2,-5.342422889E1
4.392046195E2,-5.481644063E1
4.393090966E2,-5.250809964E1
4.394114302E2,-5.322729129E1
4.395123140E2,-5.492944664E1
4.396161410E2,-5.258209476E1
4.397224332E2,-5.403477466E1
4.398282377E2,-5.535078279E1
4.399344186E2,-5.555949009E1
4.400362521E2,-5.197498922E1
4.401417589E2,-5.321777025E1
4.402449859E2,-5.275090556E1
4.403480556E2,-5.216141336E1
4.404514522E2,-5.127191715E1
4.405578197E2,-5.366695178E1
4.406615898E2,-5.411153690E1
4.407638447E2,-5.355657173E1
4.408696992E2,-5.414351427E1
4.409728500E2,-5.459726383E1
4.410782155E2,-5.505829396E1
4.411838828E2,-5.178042210E1
4.412897413E2,-5.438855011E1
4.413950144E2,-5.609553087E1
4.414977190E2,-5.464699226E1
4.416041309E2,-5.396212927E1
4.417104450E2,-4.901316167E1
4.418125026E2,-5.063752943E1
4.419178483E2,-5.039768551E1
4.420221499E2,-5.302733356E1
4.421283659E2,-4.930274927E1
4.422344009E2,-5.258766852E1
4.423408049E2,-5.431206932E1
4.424463442E2,-5.491681233E1
4.425520108E2,-4.951609158E1
4.426579497E2,-5.083450673E1
4.427617689E2,-4.220173183E1
4.428638203E2,-4.266166526E1
4.429699018E2,-4.587742848E1
4.430717399E2,-4.663666888E1
4.431779941E2,-4.427923938E1
4.432823643E2,-4.599663315E1
4.433887469E2,-4.751462143E1
4.434946442E2,-5.177727829E1
4.435976882E2,-4.497637698E1
4.437002534E2,-4.739640462E1
4.438024293E2,-5.147508856E1
4.439087382E2,-4.261578110E1
4.440119039E2,-4.777916537E1
4.441171343E2,-4.758508613E1
4.442202792E2,-4.804644211E1
4.443261316E2,-4.627629608E1
4.444285585E2,-5.019603432E1
4.445325093E2,-4.132856939E1
4.446372422E2,-4.411109702E1
4.447437024E2,-4.401038218E1
4.448452035E2,-4.449571077E1
4.449513148E2,-4.730960547E1
4.450575762E2,-4.756661240E1
4.451620131E2,-4.956216023E1
4.452682672E2,-4.736839949E1
4.453740829E2,-5.482586675E1
4.454787123E2,-5.367163056E1
4.455806475E2,-5.125014567E1
4.456866816E2,-5.203669674E1
4.457883634E2,-5.443168704E1
4.458941869E2,-5.299199591E1
4.459976577E2,-5.326083773E1
4.461039557E2,-4.798189248E1
4.462074532E2,-5.342448021E1
4.463121525E2,-4.927266561E1
4.464185396E2,-5.114902579E1
4.465249307E2,-5.065726763E1
4.466287939E2,-5.082012716E1
4.467352197E2,-4.867256625E1
4.468409959E2,-5.306638154E1
4.469454507E2,-5.310035190E1
4.470517782E2,-5.353248750E1
4.471580780E2,-4.721727363E1
4.472620945E2,-5.126300253E1
4.473667036E2,-5.338492173E1
4.474731427E2,-5.426214619E1
4.475788312E2,-5.462646961E1
4.476852333E2,-5.339926392E1
4.477915706E2,-5.259152681E1
4.478976063E2,-5.235980524E1
4.480009761E2,-5.352166939E1
4.481049859E2,-5.371924113E1
4.482057808E2,-5.424348289E1
4.483069347E2,-5.306910178E1
4.484122267E2,-5.476511010E1
4.485147610E2,-5.277214197E1
4.486208995E2,-5.374763942E1
4.487226480E2,-5.405676900E1
4.488289460E2,-5.527879144E1
4.489324620E2,-5.475669031E1
4.490386362E2,-5.442771205E1
4.491412860E2,-5.441566849E1
4.492456241E2,-5.400782357E1
4.493518146E2,-5.380353246E1
4.494563048E2,-5.433413941E1
4.495622867E2,-4.983240762E1
4.496659249E2,-5.223468963E1
4.497684026E2,-5.128468788E1
4.498747586E2,-5.170645840E1
4.499790127E2,-5.364465440E1
4.500842513E2,-5.539001033E1
4.501903103E2,-5.083762751E1
4.502958070E2,-5.265370250E1
4.503976875E2,-5.455469498E1
4.505040262E2,-5.117467525E1
4.506103793E2,-5.325969225E1
4.507123166E2,-5.134536194E1
4.508183150E2,-5.173738457E1
4.509199523E2,-5.378944068E1
4.510220592E2,-5.233353093E1
4.511239121E2,-5.372291018E1
4.512292438E2,-5.273489263E1
4.513338797E2,-5.325511708E1
4.514376331E2,-5.313069998E1
4.515437993E2,-5.105662585E1
4.516458472E2,-5.214449848E1
4.517521152E2,-5.092570049E1
4.518538038E2,-4.817800816E1
4.519596258E2,-5.197443288E1
4.520625060E2,-4.930821169E1
4.521688359E2,-4.935721255E1
4.522751885E2,-4.845080595E1
4.523791906E2,-4.898930226E1
4.524820646E2,-4.949690256E1
4.525878817E2,-4.909822282E1
4.526942277E2,-5.128314416E1
4.527975127E2,-5.263313902E1
4.529033883E2,-5.133576678E1
4.530087063E2,-5.196874218E1
4.531125737E2,-4.991416525E1
4.532189249E2,-5.028233139E1
4.533224138E2,-5.190901460E1
4.534287760E2,-5.355836966E1
4.535300157E2,-5.123604483E1
4.536363340E2,-4.971159724E1
4.537419292E2,-5.382452245E1
4.538459766E2,-5.375894125E1
4.539522530E2,-5.306128203E1
4.540585768E2,-5.028116676E1
4.541626395E2,-5.432301655E1
4.542684887E2,-5.302836969E1
4.543747952E2,-5.450546259E1
4.544793061E2,-5.171566310E1
4.545837914E2,-5.456603321E1
4.546900977E2,-5.599612005E1
4.547961330E2,-5.229659408E1
4.549024456E2,-5.339198242E1
4.550088266E2,-5.392384266E1
4.551128504E2,-5.311886694E1
4.552192871E2,-5.348457811E1
4.553252476E2,-5.262984347E1
4.554294203E2,-5.312288979E1
4.555307410E2,-5.411569439E1
4.556370401E2,-5.195810347E1
4.557433232E2,-5.425282015E1
4.558460591E2,-5.405950339E1
4.559521382E2,-5.332741883E1
4.560584787E2,-5.354342786E1
4.561627875E2,-5.458133139E1
4.562657915E2,-5.412635923E1
4.563716197E2,-5.278776020E1
4.564781307E2,-5.289440810E1
4.565802762E2,-5.340401917E1
4.566823063E2,-5.276142707E1
4.567887356E2,-5.251998065E1
4.568936196E2,-5.456718612E1
4.569970319E2,-5.420979751E1
4.570987895E2,-5.364937801E1
4.572050759E2,-5.456823947E1
4.573117373E2,-5.488906607E1
4.574136782E2,-5.328962133E1
4.575171644E2,-5.468780647E1
4.576206787E2,-5.268372609E1
4.577271025E2,-5.309409871E1
4.578295360E2,-5.494561700E1
4.579355922E2,-5.517641556E1
4.580419526E2,-5.426627844E1
4.581461848E2,-5.005186717E1
4.582511919E2,-4.854553268E1
4.583576676E2,-5.282106355E1
4.584629467E2,-4.641537157E1
4.585689944E2,-5.113364124E1
4.586753448E2,-5.443025288E1
4.587796399E2,-4.947902481E1
4.588858921E2,-5.015031409E1
4.589917375E2,-4.959964780E1
4.590977158E2,-5.058469062E1
4.592041626E2,-5.273560324E1
4.593089531E2,-5.368201416E1
4.594130180E2,-5.075818442E1
4.595191082E2,-5.288398654E1
4.596254649E2,-5.144363683E1
4.597297240E2,-5.438091251E1
4.598360309E2,-5.302564553E1
4.599398926E2,-5.507515413E1
4.600455776E2,-5.341016138E1
4.601518972E2,-5.366481970E1
4.602582231E2,-5.215170640E1
4.603631634E2,-5.465136313E1
4.604694792E2,-5.279161804E1
4.605735154E2,-4.222100673E1
4.606798612E2,-4.273727032E1
4.607861828E2,-4.697369960E1
4.608875373E2,-4.541722759E1
4.609910942E2,-3.914659342E1
4.610966185E2,-3.849762246E1
4.612004670E2,-4.814645893E1
4.613065794E2,-4.950746587E1
4.614127455E2,-4.582696888E1
4.615191449E2,-4.759605321E1
4.616215684E2,-5.301328154E1
4.617278508E2,-5.199681813E1
4.618298946E2,-5.437241517E1
4.619315787E2,-5.329297025E1
4.620373477E2,-5.226654742E1
4.621427796E2,-5.225465707E1
4.622466379E2,-5.275122380E1
4.623482894E2,-5.300656204E1
4.624540614E2,-5.205519020E1
4.625603628E2,-5.197163540E1
4.626631706E2,-5.206667339E1
4.627640595E2,-5.085710086E1
4.628695922E2,-4.835100449E1
4.629744194E2,-5.127419332E1
4.630799814E2,-5.201908852E1
4.631863405E2,-5.016604389E1
4.632896923E2,-5.252203682E1
4.633960275E2,-5.311845888E1
4.635023178E2,-5.420060960E1
4.636086821E2,-5.385617365E1
4.637133926E2,-5.342264185E1
4.638198112E2,-5.448774582E1
4.639262365E2,-5.307598157E1
4.640300651E2,-5.374229859E1
4.641363558E2,-4.875729096E1
4.642419322E2,-3.860167846E1
4.643468167E2,-4.996861737E1
4.644484249E2,-4.411169406E1
4.645542157E2,-4.592281222E1
4.646605756E2,-4.550094790E1
4.647633860E2,-4.225633534E1
4.648672631E2,-3.787822303E1
4.649689492E2,-4.741181122E1
4.650747560E2,-4.385128857E1
4.651802444E2,-4.443567761E1
4.652850124E2,-4.419555248E1
4.653910892E2,-4.401231802E1
4.654968745E2,-4.730797611E1
4.656032618E2,-5.095657539E1
4.657071403E2,-5.254155734E1
4.658130160E2,-5.352379504E1
4.659143558E2,-5.048990876E1
4.660206955E2,-5.312315740E1
4.661270728E2,-5.285763840E1
4.662303320E2,-5.276492676E1
4.663365155E2,-5.012983006E1
4.664414402E2,-4.623931077E1
4.665470225E2,-4.561315253E1
4.666534112E2,-4.874614833E1
4.667573551E2,-5.340745418E1
4.668636044E2,-5.297466588E1
4.669693213E2,-5.250526653E1
4.670756386E2,-5.342993150E1
4.671802754E2,-5.456582434E1
4.672863857E2,-5.251198579E1
4.673927424E2,-5.192624234E1
4.674970622E2,-4.441098481E1
4.676033999E2,-4.173200480E1
4.677097108E2,-4.949301978E1
4.678136940E2,-4.135607831E1
4.679200381E2,-3.786565156E1
4.680240253E2,-3.765133713E1
4.681298912E2,-3.978913204E1
4.682325132E2,-4.529464184E1
4.683388921E2,-4.057107542E1
4.684445113E2,-4.508977265E1
4.685470561E2,-4.305971877E1
4.686532941E2,-4.539000586E1
4.687590417E2,-4.344261035E1
4.688637466E2,-4.850287831E1
4.689700507E2,-5.223643911E1
4.690764370E2,-5.170939868E1
4.691805267E2,-5.190342653E1
4.692869035E2,-5.360836502E1
4.693908604E2,-5.558360752E1
4.694970201E2,-5.254833031E1
4.695979148E2,-5.457875375E1
4.697001890E2,-5.328547655E1
4.698057299E2,-5.092669032E1
4.699099706E2,-4.443515185E1
4.700139283E2,-4.570252363E1
4.701173407E2,-5.109538915E1
4.702238110E2,-5.188550554E1
4.703301080E2,-5.020076434E1
4.704364510E2,-4.669727267E1
4.705402361E2,-4.088368395E1
4.706460463E2,-3.819428463E1
4.707480465E2,-4.062516121E1
4.708534181E2,-4.393774806E1
4.709571909E2,-4.239479462E1
4.710635259E2,-4.456304078E1
4.711674296E2,-4.981482936E1
4.712736252E2,-4.510560797E1
4.713771800E2,-4.625556087E1
4.714806588E2,-4.887916576E1
4.715870201E2,-5.094091963E1
4.716888678E2,-4.677834196E1
4.717947385E2,-5.036729076E1
4.718973507E2,-5.310574701E1
4.720036733E2,-5.118545866E1
4.721075944E2,-4.456325861E1
4.722134210E2,-4.855369656E1
4.723198233E2,-4.155925389E1
4.724244196E2,-4.627104086E1
4.725306607E2,-5.165993316E1
4.726315118E2,-3.954514675E1
4.727379165E2,-4.753072397E1
4.728407539E2,-4.089470419E1
4.729463922E2,-4.452421595E1
4.730504446E2,-4.641589114E1
4.731522948E2,-3.309722740E1
4.732583886E2,-4.395219249E1
4.733641436E2,-4.935628118E1
4.734706414E2,-3.668148671E1
4.735766752E2,-4.000598165E1
4.736808066E2,-3.662330235E1
4.737820951E2,-3.603563948E1
4.738882708E2,-4.275166411E1
4.739905867E2,-3.788475128E1
4.740958420E2,-3.944947939E1
4.741976344E2,-4.614361591E1
4.743040321E2,-4.474646020E1
4.744105142E2,-5.138937409E1
4.745142043E2,-3.105378719E1
4.746199625E2,-2.993138574E1
4.747262752E2,-3.994441950E1
4.748308697E2,-5.276647296E1
4.749324748E2,-5.162714735E1
4.750380770E2,-4.296792054E1
4.751437319E2,-4.261174603E1
4.752475203E2,-4.387557323E1
4.753536039E2,-5.169738302E1
4.754599386E2,-5.128065139E1
4.755642634E2,-3.890800484E1
4.756704854E2,-3.732850910E1
4.757759129E2,-4.614269270E1
4.758810068E2,-4.734947998E1
4.759858560E2,-4.479178444E1
4.760891975E2,-4.269753100E1
4.761928856E2,-3.327495828E1
4.762977110E2,-3.603297976E1
4.764040991E2,-4.049990362E1
4.765106062E2,-5.087016215E1
4.766143670E2,-5.346129216E1
4.767174916E2,-5.253460697E1
4.768220221E2,-5.100800275E1
4.769283135E2,-5.136601032E1
4.770310596E2,-4.756843091E1
4.771347581E2,-4.106173942E1
4.772356903E2,-4.104386799E1
4.773411228E2,-4.563049796E1
4.774469420E2,-3.436673384E1
4.775502284E2,-3.773189830E1
4.776541460E2,-3.771288868E1
4.777601254E2,-4.463771672E1
4.778644797E2,-4.500424493E1
4.779707851E2,-3.908783847E1
4.780738550E2,-4.213161262E1
4.781776628E2,-5.093474760E1
4.782812492E2,-5.056729368E1
4.783830551E2,-5.287579314E1
4.784893391E2,-5.190365705E1
4.785952031E2,-3.487495703E1
4.786978469E2,-3.882242030E1
4.788042634E2,-4.198834744E1
4.789105857E2,-3.844209344E1
4.790145736E2,-3.934884272E1
4.791185416E2,-4.269149464E1
4.792243876E2,-4.153048486E1
4.793308227E2,-4.401412262E1
4.794341549E2,-3.740921115E1
4.795399148E2,-4.591167232E1
4.796416893E2,-4.333770974E1
4.797479276E2,-4.406894231E1
4.798542410E2,-4.846933962E1
4.799606220E2,-4.179045124E1
4.800645266E2,-4.430776615E1
4.801706746E2,-4.628512142E1
4.802755847E2,-4.639058474E1
4.803813198E2,-4.487180364E1
4.804871490E2,-4.020628237E1
4.805932979E2,-3.514234249E1
4.806980032E2,-4.767328229E1
4.808042727E2,-4.440226580E1
4.809105813E2,-4.594703147E1
4.810145517E2,-5.176121330E1
4.811155341E2,-5.202818250E1
4.812218669E2,-4.242244485E1
4.813228316E2,-5.228764129E1
4.814291835E2,-5.296143042E1
4.815313835E2,-5.400312252E1
4.816369537E2,-5.404366697E1
4.817425690E2,-5.442724611E1
4.818480833E2,-5.236885953E1
4.819510073E2,-5.398584313E1
4.820572880E2,-5.353134301E1
4.821636527E2,-4.265416317E1
4.822655822E2,-4.117217506E1
4.823717820E2,-3.768028253E1
4.824750425E2,-4.788160892E1
4.825810743E2,-4.152707326E1
4.826875010E2,-4.576068974E1
4.827934787E2,-3.590243717E1
4.828981539E2,-4.240654294E1
4.830045870E2,-4.067429933E1
4.831086009E2,-3.839711485E1
4.832144612E2,-4.783363784E1
4.833211148E2,-4.722526251E1
4.834277905E2,-5.303237716E1
4.835315736E2,-5.247002211E1
4.836379817E2,-5.394852514E1
4.837438119E2,-5.404054053E1
4.838482104E2,-5.433220498E1
4.839546029E2,-5.369709184E1
4.840609316E2,-5.393554195E1
4.841649807E2,-5.429489365E1
4.842691646E2,-5.347787988E1
4.843755344E2,-5.227108497E1
4.844815045E2,-5.046778893E1
4.845838200E2,-4.847528312E1
4.846901611E2,-5.060389266E1
4.847919502E2,-4.526287380E1
4.848978312E2,-4.845007362E1
4.850032056E2,-4.399989872E1
4.851097173E2,-5.352006432E1
4.852150227E2,-5.148513570E1
4.853214345E2,-5.330346652E1
4.854249865E2,-4.797215786E1
4.855308487E2,-4.139726043E1
4.856317131E2,-4.274804732E1
4.857360966E2,-4.479133720E1
4.858419932E2,-4.628961204E1
4.859425650E2,-4.363364482E1
4.860479097E2,-5.055477589E1
4.861504424E2,-4.657647985E1
4.862561681E2,-4.038577884E1
4.863586390E2,-4.244716417E1
4.864642522E2,-5.051163764E1
4.865670847E2,-4.764886052E1
4.866689364E2,-5.154736588E1
4.867739997E2,-5.142557996E1
4.868755064E2,-5.050787658E1
4.869812842E2,-4.970629995E1
4.870839127E2,-5.147307009E1
4.871897297E2,-5.205674597E1
4.872912242E2,-4.853552235E1
4.873969738E2,-4.988094223E1
4.874985153E2,-4.871611430E1
4.876047375E2,-4.934534850E1
4.877104630E2,-4.602120880E1
4.878152143E2,-5.207107593E1
4.879167276E2,-4.598719121E1
4.880225062E2,-4.902316843E1
4.881288744E2,-4.966613647E1
4.882318281E2,-5.160267649E1
4.883378984E2,-4.979809133E1
4.884435325E2,-4.782946293E1
4.885484940E2,-5.209151307E1
4.886493772E2,-5.258254055E1
4.887556700E2,-5.235998599E1
4.888619881E2,-5.218867895E1
4.889652965E2,-4.352845784E1
4.890714325E2,-3.605086633E1
4.891777397E2,-4.448774052E1
4.892820195E2,-5.437947044E1
4.893866648E2,-5.274217773E1
4.894923600E2,-5.298656834E1
4.895986950E2,-5.237140345E1
4.897050345E2,-5.588596163E1
4.898105182E2,-5.389602844E1
4.899153620E2,-5.229943728E1
4.900207996E2,-5.355902515E1
4.901266907E2,-5.440613705E1
4.902320498E2,-5.207321896E1
4.903354118E2,-5.246735903E1
4.904414282E2,-5.196703882E1
4.905477606E2,-5.391147359E1
4.906505955E2,-5.030219093E1
4.907568514E2,-4.732707846E1
4.908631409E2,-4.876915589E1
4.909654955E2,-5.224423277E1
4.910705905E2,-5.383949138E1
4.911753092E2,-5.244431511E1
4.912811030E2,-5.352724883E1
4.913875162E2,-5.228176952E1
4.914911488E2,-5.233423317E1
4.915975401E2,-5.285140891E1
4.916995982E2,-5.325171068E1
4.918025865E2,-4.695119382E1
4.919083798E2,-4.482097410E1
4.920146971E2,-5.397419777E1
4.921182310E2,-4.661167498E1
4.922246225E2,-5.106093455E1
4.923309729E2,-5.234344556E1
4.924330723E2,-5.224048408E1
4.925381591E2,-5.335814960E1
4.926429033E2,-5.306066192E1
4.927489663E2,-5.389320855E1
4.928552201E2,-5.392238569E1
4.929610092E2,-5.172948756E1
4.930656766E2,-4.839837429E1
4.931706270E2,-5.432274579E1
4.932770532E2,-5.287965860E1
4.933821958E2,-5.214422408E1
4.934831073E2,-5.400869551E1
4.935894960E2,-4.475846418E1
4.936959691E2,-3.987360208E1
4.937988862E2,-4.058125906E1
4.939009748E2,-4.732832591E1
4.940073060E2,-5.117897782E1
4.941118088E2,-3.904331393E1
4.942156841E2,-3.899474353E1
4.943219532E2,-3.990950718E1
4.944283059E2,-3.957564288E1
4.945324281E2,-4.148316023E1
4.946387500E2,-5.267281977E1
4.947444336E2,-4.667850317E1
4.948490482E2,-4.713511802E1
4.949553714E2,-4.278670122E1
4.950588523E2,-4.786646860E1
4.951639931E2,-3.511041494E1
4.952658017E2,-3.711031274E1
4.953674531E2,-4.068182753E1
4.954735865E2,-4.232077918E1
4.955780435E2,-3.943644666E1
4.956825118E2,-3.828670661E1
4.957888718E2,-3.859329610E1
4.958952527E2,-4.846481679E1
4.959991977E2,-5.191757740E1
4.961056106E2,-5.461531739E1
4.962120393E2,-5.236869083E1
4.963158519E2,-5.022472408E1
4.964192628E2,-4.946594088E1
4.965249505E2,-3.079082068E1
4.966305697E2,-4.315097461E1
4.967324183E2,-3.503754719E1
4.968338561E2,-3.453806691E1
4.969401956E2,-3.923279579E1
4.970458161E2,-4.667282742E1
4.971492422E2,-5.016287261E1
4.972538762E2,-3.991464534E1
4.973568995E2,-4.105499156E1
4.974614869E2,-4.482338896E1
4.975658198E2,-4.562695285E1
4.976683748E2,-4.125891671E1
4.977726791E2,-4.873680131E1
4.978783184E2,-4.674405477E1
4.979827445E2,-4.861088937E1
4.980878784E2,-3.984948371E1
4.981935966E2,-3.768420034E1
4.982993732E2,-4.620274128E1
4.984013333E2,-4.868653164E1
4.985069304E2,-5.170303154E1
4.986093469E2,-4.906374179E1
4.987143428E2,-4.847286509E1
4.988160972E2,-4.898668175E1
4.989224324E2,-5.226447336E1
4.990271043E2,-4.317969889E1
4.991327543E2,-3.389231058E1
4.992372002E2,-4.197869184E1
4.993406202E2,-4.841847601E1
4.994468886E2,-3.747412122E1
4.995494303E2,-3.603435301E1
4.996557472E2,-4.782902009E1
4.997598360E2,-4.232970585E1
4.998656454E2,-4.356679942E1
4.999720225E2,-4.498734240E1
5.000784149E2,-4.212525733E1
5.001828324E2,-4.166159341E1
5.002892068E2,-4.775921576E1
5.003954638E2,-4.833051767E1
5.004993932E2,-5.283259131E1
5.006001992E2,-5.330780562E1
5.007062383E2,-5.265399223E1
5.008126361E2,-5.263290732E1
5.009175040E2,-5.353924578E1
5.010232175E2,-5.489410076E1
5.011296206E2,-5.472187334E1
5.012327768E2,-5.412550821E1
5.013371625E2,-5.579679174E1
5.014434965E2,-5.358180227E1
5.015496110E2,-5.409426862E1
5.016522168E2,-5.255963109E1
5.017579602E2,-5.214474893E1
5.018643966E2,-5.270951505E1
5.019662477E2,-5.116995576E1
5.020729492E2,-4.974183116E1
5.021793256E2,-4.495407322E1
5.022830189E2,-5.030177162E1
5.023872152E2,-4.793649284E1
5.024909593E2,-4.739568643E1
5.025931708E2,-3.898944420E1
5.026992339E2,-4.277961766E1
5.028056193E2,-4.513515811E1
5.029118991E2,-4.468304278E1
5.030164513E2,-4.255551934E1
5.031229236E2,-4.509237701E1
5.032286099E2,-4.951907400E1
5.033329507E2,-4.791169744E1
5.034338384E2,-4.889359408E1
5.035374757E2,-5.314554024E1
5.036427646E2,-5.229617165E1
5.037488714E2,-5.225585217E1
5.038544967E2,-5.369461528E1
5.039559732E2,-5.255703055E1
5.040623419E2,-5.028589854E1
5.041665550E2,-4.055556833E1
5.042682016E2,-4.855504467E1
5.043733745E2,-4.175471781E1
5.044796764E2,-4.592159994E1
5.045831969E2,-5.322615548E1
5.046895785E2,-4.698678120E1
5.047958131E2,-3.855038182E1
5.048998311E2,-3.695638732E1
5.050061530E2,-4.262966204E1
5.051101937E2,-4.574955801E1
5.052160511E2,-4.720254812E1
5.053224246E2,-4.845629154E1
5.054268640E2,-4.666160553E1
5.055326283E2,-3.966348455E1
5.056342616E2,-3.767943334E1
5.057411417E2,-4.193600156E1
5.058425765E2,-4.315696856E1
5.059457434E2,-4.490028347E1
5.060499509E2,-4.144509741E1
5.061566805E2,-3.887313383E1
5.062609130E2,-4.598987563E1
5.063665768E2,-5.156200633E1
5.064730343E2,-4.694932342E1
5.065793023E2,-4.569425964E1
5.066833603E2,-4.754678293E1
5.067897112E2,-4.425338607E1
5.068960016E2,-4.786216784E1
5.070001445E2,-4.302995562E1
5.071066256E2,-4.797952970E1
5.072129430E2,-4.785479971E1
5.073174275E2,-4.620618816E1
5.074234724E2,-4.266913887E1
5.075298226E2,-3.809055330E1
5.076334002E2,-3.100715761E1
5.077373350E2,-3.737764265E1
5.078411829E2,-3.647400761E1
5.079469960E2,-4.074880171E1
5.080501139E2,-3.303340784E1
5.081524253E2,-3.708757934E1
5.082556275E2,-4.771808686E1
5.083605589E2,-5.261989551E1
5.084666404E2,-5.064209153E1
5.085705799E2,-5.107250626E1
5.086769374E2,-5.057067062E1
5.087829773E2,-4.197308534E1
5.088893232E2,-4.516957309E1
5.089957877E2,-4.770115138E1
5.091001928E2,-5.359585719E1
5.092065531E2,-5.359746959E1
5.093090595E2,-5.334730047E1
5.094153445E2,-5.285802285E1
5.095207719E2,-5.406780136E1
5.096270184E2,-5.415936736E1
5.097310303E2,-5.473285070E1
5.098356102E2,-5.405347610E1
5.099381925E2,-5.317020370E1
5.100442805E2,-3.858020579E1
5.101502431E2,-3.417788304E1
5.102564943E2,-3.950050419E1
5.103582911E2,-4.414060277E1
5.104605593E2,-4.440966308E1
5.105666265E2,-4.405692254E1
5.106685265E2,-4.480752871E1
5.107749009E2,-4.522475521E1
5.108811395E2,-4.508124066E1
5.109835829E2,-5.107665508E1
5.110897400E2,-4.735886944E1
5.111961088E2,-5.439839804E1
5.113004245E2,-4.392412190E1
5.114030272E2,-4.960140181E1
5.115047845E2,-5.146985104E1
5.116107358E2,-4.990219718E1
5.117169139E2,-5.055103993E1
5.118177844E2,-5.154140348E1
5.119241006E2,-5.210418152E1
5.120290905E2,-5.219418189E1
5.121337443E2,-5.025943435E1
5.122344842E2,-4.516849358E1
5.123407829E2,-3.859231747E1
5.124439187E2,-3.216489819E1
5.125495490E2,-4.824040613E1
5.126511005E2,-5.075419638E1
5.127569148E2,-4.993976386E1
5.128582013E2,-4.566384261E1
5.129645271E2,-4.266565182E1
5.130670787E2,-3.285748739E1
5.131733669E2,-3.462234549E1
5.132796931E2,-3.921762659E1
5.133837738E2,-3.583419997E1
5.134883054E2,-4.750765374E1
5.135941068E2,-4.331852741E1
5.137000203E2,-3.547464244E1
5.138062685E2,-4.329158362E1
5.139122987E2,-5.006093883E1
5.140172644E2,-4.030775176E1
5.141235741E2,-4.663716198E1
5.142299623E2,-4.588736908E1
5.143340362E2,-4.587041781E1
5.144366892E2,-3.628547053E1
5.145429835E2,-3.821311803E1
5.146485995E2,-4.871525895E1
5.147506097E2,-4.186646525E1
5.148569995E2,-3.893286988E1
5.149610932E2,-4.533125438E1
5.150672609E2,-5.396187652E1
5.151733246E2,-5.090047271E1
5.152755869E2,-5.113194886E1
5.153819023E2,-5.327650454E1
5.154839796E2,-5.280025414E1
5.155853370E2,-5.221839506E1
5.156873221E2,-5.324006675E1
5.157930724E2,-5.339658469E1
5.158974588E2,-4.899046532E1
5.160006013E2,-4.658845061E1
5.161015381E2,-4.897902816E1
5.162046437E2,-5.271451383E1
5.163104060E2,-4.565860775E1
5.164167448E2,-4.047265762E1
5.165202392E2,-4.073744414E1
5.166253441E2,-4.824865122E1
5.167308464E2,-4.446711732E1
5.168340760E2,-4.629858371E1
5.169403714E2,-3.706852970E1
5.170433763E2,-3.968404183E1
5.171496927E2,-4.774991430E1
5.172550230E2,-4.702907749E1
5.173613637E2,-5.153709075E1
5.174674033E2,-4.680333125E1
5.175701320E2,-4.999326510E1
5.176761832E2,-4.763843716E1
5.177824727E2,-4.398640777E1
5.178841014E2,-4.549359817E1
5.179901980E2,-3.784939699E1
5.180965620E2,-4.871666818E1
5.182007791E2,-3.509128480E1
5.183029273E2,-4.341098757E1
5.184093144E2,-4.960097208E1
5.185153485E2,-4.462577674E1
5.186175308E2,-4.493380561E1
5.187238443E2,-4.994889664E1
5.188279248E2,-5.075215882E1
5.189337684E2,-5.404433044E1
5.190349737E2,-5.353821988E1
5.191411826E2,-5.427993108E1
5.192470293E2,-4.716056817E1
5.193510238E2,-4.993869307E1
5.194524817E2,-5.121021674E1
5.195583716E2,-4.605671798E1
5.196608175E2,-4.393102454E1
5.197667609E2,-5.102295965E1
5.198703331E2,-4.621149598E1
5.199762109E2,-4.827323320E1
5.200826111E2,-5.068121924E1
5.201842318E2,-5.181089136E1
5.202851169E2,-5.347987481E1
5.203914256E2,-5.112805881E1
5.204977333E2,-5.202790936E1
5.206009639E2,-5.140999192E1
5.207068723E2,-4.716822834E1
5.208131951E2,-4.582053706E1
5.209177267E2,-4.727583177E1
5.210225828E2,-4.170090048E1
5.211286960E2,-4.937612433E1
5.212343828E2,-4.884901506E1
5.213389299E2,-4.921092661E1
5.214439945E2,-5.334526335E1
5.215466333E2,-5.314855839E1
5.216510827E2,-5.240782257E1
5.217539393E2,-5.424795082E1
5.218571339E2,-5.298812875E1
5.219600017E2,-5.399006910E1
5.220662473E2,-5.419282279E1
5.221678172E2,-5.208884152E1
5.222739826E2,-5.337167295E1
5.223802041E2,-4.040024379E1
5.224844969E2,-3.441976391E1
5.225907947E2,-3.941588424E1
5.226971489E2,-4.399253205E1
5.228011674E2,-4.249358181E1
5.229019604E2,-5.125432141E1
5.230082588E2,-4.621026787E1
5.231147179E2,-4.785850371E1
5.232178923E2,-4.986905506E1
5.233241965E2,-4.832414522E1
5.234305887E2,-4.794990547E1
5.235345667E2,-5.187970404E1
5.236399493E2,-4.759925218E1
5.237456061E2,-4.912606863E1
5.238512529E2,-5.006776202E1
5.239577478E2,-5.257332768E1
5.240640756E2,-5.301240980E1
5.241678507E2,-5.311158892E1
5.242714470E2,-5.241327739E1
5.243771577E2,-5.285361945E1
5.244826895E2,-5.091162492E1
5.245845214E2,-5.251260786E1
5.246900976E2,-5.155540549E1
5.247940917E2,-5.337766856E1
5.248975945E2,-4.703527324E1
5.250014072E2,-4.900284414E1
5.251077425E2,-5.012889774E1
5.252140522E2,-4.926406002E1
5.253180497E2,-4.423565692E1
5.254206037E2,-4.135815090E1
5.255235801E2,-4.514367730E1
5.256298310E2,-4.202969648E1
5.257346521E2,-4.353833029E1
5.258364751E2,-4.775275115E1
5.259423942E2,-4.454856003E1
5.260460962E2,-4.319624280E1
5.261514385E2,-4.757560770E1
5.262527450E2,-5.190721966E1
5.263591602E2,-4.518357537E1
5.264652260E2,-3.973512667E1
5.265680423E2,-3.789569305E1
5.266712484E2,-3.931006757E1
5.267769531E2,-4.123208147E1
5.268833336E2,-4.161311548E1
5.269849136E2,-4.277482700E1
5.270876087E2,-3.984294047E1
5.271932543E2,-4.164051719E1
5.272975609E2,-4.426743695E1
5.274015794E2,-4.829471819E1
5.275079158E2,-4.328773348E1
5.276102020E2,-4.531411942E1
5.277165412E2,-5.140175055E1
5.278182419E2,-5.286002965E1
5.279228283E2,-5.548131038E1
5.280292050E2,-5.076019680E1
5.281349297E2,-4.399876835E1
5.282405193E2,-4.675250870E1
5.283433758E2,-4.457932799E1
5.284496599E2,-4.635555256E1
5.285516068E2,-4.881627970E1
5.286539939E2,-4.877313084E1
5.287597964E2,-4.442874785E1
5.288661535E2,-3.608252495E1
5.289683020E2,-4.501218654E1
5.290739736E2,-5.340690037E1
5.291802504E2,-4.443823987E1
5.292849197E2,-4.728098510E1
5.293857923E2,-4.780174629E1
5.294920410E2,-5.300359364E1
5.295976178E2,-4.938158198E1
5.297017299E2,-4.651301921E1
5.298062939E2,-4.638953009E1
5.299108348E2,-5.206480381E1
5.300139460E2,-4.863424938E1
5.301183428E2,-4.115308947E1
5.302194458E2,-4.478166012E1
5.303248728E2,-4.738837818E1
5.304256851E2,-5.084587981E1
5.305317137E2,-5.259269356E1
5.306351694E2,-5.457415085E1
5.307359119E2,-5.454701314E1
5.308403110E2,-5.436051303E1
5.309463840E2,-4.945471938E1
5.310518402E2,-4.998917880E1
5.311532465E2,-5.326709592E1
5.312592759E2,-4.669221391E1
5.313656181E2,-4.665539352E1
5.314685815E2,-4.749883354E1
5.315751096E2,-4.495671798E1
5.316813670E2,-4.963013514E1
5.317853299E2,-5.037604380E1
5.318918621E2,-5.267234366E1
5.319977936E2,-4.967604049E1
5.321019464E2,-4.839552842E1
5.322083174E2,-4.832392922E1
5.323145181E2,-4.883812925E1
5.324185102E2,-5.054131546E1
5.325194173E2,-5.081388295E1
5.326221520E2,-5.048299140E1
5.327247207E2,-4.969444835E1
5.328303732E2,-5.249361477E1
5.329352817E2,-5.214945293E1
5.330360301E2,-5.182105514E1
5.331405030E2,-5.112127208E1
5.332437416E2,-5.213501293E1
5.333497457E2,-5.121279202E1
5.334519778E2,-5.400279782E1
5.335556662E2,-5.149973720E1
5.336612935E2,-5.018664614E1
5.337675142E2,-5.277235568E1
5.338728170E2,-5.309485424E1
5.339791324E2,-5.476337592E1
5.340852513E2,-5.248445372E1
5.341904733E2,-5.391440902E1
5.342957867E2,-5.391046653E1
5.344019453E2,-5.188277073E1
5.345076759E2,-5.524395499E1
5.346121522E2,-5.239070502E1
5.347182900E2,-4.955512732E1
5.348195504E2,-4.646251720E1
5.349246609E2,-4.695077040E1
5.350310156E2,-4.697812337E1
5.351353836E2,-4.775561323E1
5.352373094E2,-4.568469470E1
5.353429475E2,-4.317884205E1
5.354485934E2,-4.520870894E1
5.355521383E2,-4.503705451E1
5.356584932E2,-5.272000355E1
5.357619481E2,-4.625231715E1
5.358677442E2,-4.626915566E1
5.359734435E2,-4.622678124E1
5.360790737E2,-4.621435973E1
5.361851011E2,-4.456811642E1
5.362905433E2,-4.886867006E1
5.363969715E2,-5.253307818E1
5.365021962E2,-5.308266817E1
5.366048661E2,-5.267763214E1
5.367106204E2,-5.273877603E1
5.368168895E2,-5.175493824E1
5.369189589E2,-4.456305490E1
5.370250938E2,-4.311146984E1
5.371305457E2,-4.184202419E1
5.372356133E2,-4.577509830E1
5.373406140E2,-5.157864163E1
5.374461938E2,-4.732346098E1
5.375523487E2,-4.529350702E1
5.376548304E2,-4.716234137E1
5.377569610E2,-5.083119460E1
5.378627689E2,-4.666522623E1
5.379690945E2,-4.573633942E1
5.380754493E2,-4.572999708E1
5.381817470E2,-4.786021880E1
5.382856999E2,-4.440927195E1
5.383906327E2,-5.026633424E1
5.384970308E2,-4.572702639E1
5.386024042E2,-4.400397591E1
5.387075687E2,-5.236421257E1
5.388104891E2,-4.784446576E1
5.389117196E2,-4.641344001E1
5.390175952E2,-4.864424749E1
5.391189967E2,-4.968164902E1
5.392197171E2,-4.869224143E1
5.393237645E2,-4.998882405E1
5.394251898E2,-4.862395263E1
5.395306193E2,-5.098973976E1
5.396358272E2,-5.375358448E1
5.397411566E2,-5.481195489E1
5.398460179E2,-5.198669519E1
5.399521765E2,-5.222917725E1
5.400585997E2,-5.423365661E1
5.401650678E2,-5.320500316E1
5.402692330E2,-5.335848537E1
5.403750071E2,-4.656023800E1
5.404794580E2,-4.403490260E1
5.405834532E2,-4.392021138E1
5.406857974E2,-4.278770964E1
5.407918693E2,-4.275516992E1
5.408976365E2,-4.406770540E1
5.410026249E2,-4.354119482E1
5.411091327E2,-4.510521505E1
5.412142805E2,-4.718129492E1
5.413192459E2,-4.912726405E1
5.414239441E2,-4.226188335E1
5.415301574E2,-4.649074069E1
5.416359347E2,-4.795940174E1
5.417421946E2,-5.108788158E1
5.418442772E2,-5.108360438E1
5.419506172E2,-5.265464296E1
5.420525982E2,-5.172127006E1
5.421534002E2,-5.277239229E1
5.422597241E2,-5.289869764E1
5.423660689E2,-5.520018774E1
5.424693443E2,-5.391824556E1
5.425756843E2,-5.324956053E1
5.426820067E2,-5.129386494E1
5.427860498E2,-5.450143383E1
5.428924397E2,-5.329982120E1
5.429976563E2,-5.322313885E1
5.431028756E2,-5.306771661E1
5.432092427E2,-5.194171311E1
5.433155784E2,-5.438550336E1
5.434193110E2,-5.263947844E1
5.435202052E2,-5.258739392E1
5.436265405E2,-5.429047335E1
5.437325382E2,-5.467657595E1
5.438361672E2,-5.397743660E1
5.439374823E2,-5.130474657E1
5.440430343E2,-5.032266220E1
5.441493616E2,-4.953316215E1
5.442550772E2,-5.139476545E1
5.443609096E2,-5.020994245E1
5.444646368E2,-5.267571459E1
5.445703171E2,-5.059675270E1
5.446766362E2,-4.864939277E1
5.447829464E2,-5.014319202E1
5.448862571E2,-4.979756515E1
5.449926871E2,-5.099524881E1
5.450975466E2,-5.204115497E1
5.452028932E2,-5.156044566E1
5.453092322E2,-5.303380252E1
5.454154968E2,-4.247775435E1
5.455195764E2,-4.163189678E1
5.456238408E2,-3.851195895E1
5.457302510E2,-5.222173021E1
5.458362905E2,-3.263156455E1
5.459427186E2,-3.874745238E1
5.460467100E2,-4.771829614E1
5.461530010E2,-4.283049218E1
5.462593327E2,-4.938378544E1
5.463656649E2,-5.060835589E1
5.464696863E2,-4.267486047E1
5.465760137E2,-4.876937130E1
5.466823106E2,-4.232007728E1
5.467863262E2,-4.416085113E1
5.468926825E2,-4.488727108E1
5.469975820E2,-4.391400955E1
5.471030115E2,-4.845711016E1
5.472074303E2,-4.755224596E1
5.473101780E2,-3.706461272E1
5.474165372E2,-4.498117507E1
5.475197573E2,-4.350212362E1
5.476260382E2,-4.521221858E1
5.477323618E2,-4.153918980E1
5.478364767E2,-5.331002261E1
5.479372132E2,-4.440668369E1
5.480435712E2,-4.444654489E1
5.481495816E2,-4.204507395E1
5.482531169E2,-4.412718188E1
5.483594580E2,-4.838495811E1
5.484657982E2,-4.732916647E1
5.485698157E2,-5.252809122E1
5.486762302E2,-5.402913358E1
5.487824707E2,-5.078739907E1
5.488865425E2,-4.772257745E1
5.489928862E2,-4.898295099E1
5.490976177E2,-5.095749272E1
5.492032125E2,-4.930166231E1
5.493090311E2,-5.234853164E1
5.494152096E2,-5.223560702E1
5.495201227E2,-5.193878799E1
5.496264130E2,-5.312079930E1
5.497323474E2,-4.884372635E1
5.498366180E2,-4.980363451E1
5.499429889E2,-4.771611593E1
5.500493312E2,-4.812368749E1
5.501533858E2,-4.945505879E1
5.502560622E2,-4.863955420E1
5.503613792E2,-4.921483208E1
5.504677235E2,-4.949860193E1
5.505699502E2,-4.862321716E1
5.506763635E2,-4.898278545E1
5.507803515E2,-5.139096586E1
5.508866955E2,-5.401760190E1
5.509905183E2,-5.348508401E1
5.510967804E2,-5.333785746E1
5.511975136E2,-5.281849568E1
5.513029415E2,-5.241402609E1
5.514078207E2,-5.280679523E1
5.515136439E2,-5.361369833E1
5.516195528E2,-4.979236010E1
5.517225615E2,-4.443500809E1
5.518263018E2,-5.075162106E1
5.519307618E2,-4.900746069E1
5.520365823E2,-4.844920990E1
5.521374815E2,-5.175603237E1
5.522410974E2,-5.301388571E1
5.523470132E2,-5.446088777E1
5.524526183E2,-5.355849323E1
5.525541981E2,-5.303971603E1
5.526603440E2,-5.180190650E1
5.527638687E2,-5.246399159E1
5.528700894E2,-5.120765943E1
5.529709753E2,-3.802926425E1
5.530766479E2,-3.601013205E1
5.531829766E2,-4.213051706E1
5.532867002E2,-4.542209918E1
5.533875974E2,-4.317923281E1
5.534938652E2,-4.165550818E1
5.535975685E2,-4.195045686E1
5.537031086E2,-4.376597111E1
5.538094811E2,-4.569101935E1
5.539139606E2,-4.823753094E1
5.540202271E2,-5.040247923E1
5.541265958E2,-5.380467622E1
5.542289047E2,-5.365769771E1
5.543347352E2,-4.506754540E1
5.544369476E2,-4.936220292E1
5.545376643E2,-5.133171083E1
5.546408892E2,-5.346284662E1
5.547472631E2,-5.323985110E1
5.548532181E2,-5.400861145E1
5.549595416E2,-5.293985427E1
5.550637640E2,-5.349797532E1
5.551698613E2,-5.520019653E1
5.552755410E2,-5.380383413E1
5.553772555E2,-5.443092636E1
5.554835788E2,-5.368757360E1
5.555870092E2,-5.394515238E1
5.556933020E2,-5.523960752E1
5.557973061E2,-5.237658298E1
5.559031257E2,-4.628495716E1
5.560088971E2,-4.514838455E1
5.561153018E2,-4.698278510E1
5.562202729E2,-4.483934493E1
5.563211908E2,-4.603364976E1
5.564275129E2,-5.059568430E1
5.565337283E2,-5.336197416E1
5.566371509E2,-5.010643734E1
5.567411277E2,-4.040857000E1
5.568474315E2,-4.590505394E1
5.569537599E2,-4.844502916E1
5.570571592E2,-4.726963473E1
5.571590683E2,-4.712680475E1
5.572602396E2,-4.500151371E1
5.573661421E2,-4.334830221E1
5.574704490E2,-4.926613738E1
5.575765453E2,-4.549083962E1
5.576829245E2,-4.703434965E1
5.577870990E2,-4.677664771E1
5.578918880E2,-4.838388350E1
5.579976593E2,-5.259400775E1
5.581038388E2,-5.090118779E1
5.582098290E2,-5.091752306E1
5.583159202E2,-5.099950618E1
5.584205431E2,-5.274120322E1
5.585270381E2,-5.308822126E1
5.586333642E2,-5.105776273E1
5.587373139E2,-4.550954071E1
5.588436726E2,-4.707658772E1
5.589472859E2,-4.709466767E1
5.590534129E2,-3.996209274E1
5.591547018E2,-3.716655212E1
5.592609260E2,-3.832874407E1
5.593671537E2,-3.440330775E1
5.594707300E2,-3.556922413E1
5.595770712E2,-3.849363456E1
5.596789602E2,-4.746852292E1
5.597850850E2,-4.888351616E1
5.598873520E2,-5.015458917E1
5.599933104E2,-4.955497467E1
5.600977080E2,-5.250049472E1
5.602036069E2,-5.555207708E1
5.603098640E2,-5.258213927E1
5.604157252E2,-5.228652796E1
5.605207175E2,-5.254158452E1
5.606269863E2,-5.001025304E1
5.607333165E2,-5.168365334E1
5.608375733E2,-4.624743498E1
5.609440810E2,-4.870381746E1
5.610467056E2,-5.063624089E1
5.611528759E2,-5.226747918E1
5.612571515E2,-5.220543162E1
5.613633776E2,-5.216178908E1
5.614694570E2,-5.202492997E1
5.615707881E2,-4.881608963E1
5.616770849E2,-5.245819469E1
5.617831855E2,-5.438923248E1
5.618874710E2,-5.338846971E1
5.619910302E2,-5.390127991E1
5.620936588E2,-5.396900519E1
5.621977255E2,-4.900638286E1
5.623036817E2,-4.605114511E1
5.624049996E2,-4.639072483E1
5.625114031E2,-4.518439965E1
5.626173680E2,-4.436032690E1
5.627228368E2,-4.406940568E1
5.628290176E2,-4.411032748E1
5.629354291E2,-4.963167077E1
5.630407945E2,-4.773109630E1
5.631472500E2,-4.832962288E1
5.632535055E2,-4.964716045E1
5.633592294E2,-4.686112019E1
5.634650402E2,-4.573227024E1
5.635708672E2,-5.355499630E1
5.636769725E2,-4.889769729E1
5.637832687E2,-5.100434198E1
5.638875764E2,-5.222836450E1
5.639911681E2,-5.281646332E1
5.640975298E2,-5.399908935E1
5.642038915E2,-5.428360920E1
5.643090045E2,-4.796089471E1
5.644153244E2,-4.871787197E1
5.645210080E2,-5.072806213E1
5.646273810E2,-5.300503606E1
5.647313280E2,-5.097734852E1
5.648370452E2,-4.795554760E1
5.649384774E2,-4.923505138E1
5.650422099E2,-4.968590717E1
5.651478568E2,-5.043906634E1
5.652539341E2,-5.100134455E1
5.653603370E2,-4.868541723E1
5.654665086E2,-5.050948023E1
5.655711450E2,-4.892930227E1
5.656726078E2,-4.938651562E1
5.657758880E2,-4.815181554E1
5.658806027E2,-5.174382684E1
5.659869229E2,-5.046504589E1
5.660932066E2,-4.552135309E1
5.661977292E2,-4.711104627E1
5.663040685E2,-4.680099967E1
5.664060400E2,-4.643484216E1
5.665116845E2,-4.627346940E1
5.666143706E2,-4.795760086E1
5.667172444E2,-5.180308720E1
5.668212396E2,-4.634891404E1
5.669267893E2,-4.507181031E1
5.670332634E2,-4.908666153E1
5.671379539E2,-4.743286033E1
5.672431447E2,-4.692158682E1
5.673491131E2,-4.747228836E1
5.674546167E2,-4.590863122E1
5.675570888E2,-4.530407863E1
5.676627922E2,-4.612996146E1
5.677691515E2,-4.705457985E1
5.678712861E2,-4.437833429E1
5.679773757E2,-4.565419079E1
5.680836397E2,-4.682400048E1
5.681879948E2,-4.298640620E1
5.682942882E2,-4.529391617E1
5.683976488E2,-4.946952080E1
5.685039492E2,-5.397579705E1
5.686054874E2,-4.307438302E1
5.687074626E2,-4.433780896E1
5.688137232E2,-4.629031405E1
5.689150954E2,-4.576875651E1
5.690214014E2,-4.503390502E1
5.691277663E2,-4.844987466E1
5.692339356E2,-4.937057572E1
5.693380710E2,-5.007066615E1
5.694407377E2,-5.035951991E1
5.695463826E2,-4.897868504E1
5.696489221E2,-5.050588386E1
5.697545136E2,-4.699003795E1
5.698611083E2,-5.279194729E1
5.699669915E2,-5.223266440E1
5.700714405E2,-5.283460492E1
5.701777776E2,-5.360999189E1
5.702790716E2,-5.356051641E1
5.703848124E2,-5.278523000E1
5.704881531E2,-5.426352755E1
5.705942133E2,-5.355819886E1
5.706976785E2,-5.328286949E1
5.708040197E2,-5.387248065E1
5.709056140E2,-5.224273632E1
5.710118910E2,-5.350580092E1
5.711164112E2,-4.675147074E1
5.712215333E2,-4.596806144E1
5.713279291E2,-4.521729931E1
5.714319057E2,-4.587240836E1
5.715377792E2,-4.587709446E1
5.716408229E2,-4.517412659E1
5.717471415E2,-4.754459168E1
5.718532019E2,-4.565116774E1
5.719549195E2,-4.457510423E1
5.720611944E2,-4.363960488E1
5.721675466E2,-4.795124153E1
5.722716247E2,-5.002487141E1
5.723779198E2,-5.008289018E1
5.724800865E2,-5.128709653E1
5.725858276E2,-5.293210724E1
5.726882727E2,-5.264165280E1
5.727945363E2,-5.469046455E1
5.728972632E2,-5.209515361E1
5.730035610E2,-5.302031658E1
5.731050418E2,-5.203870055E1
5.732113730E2,-5.313526540E1
5.733176990E2,-5.327114903E1
5.734215883E2,-5.182068813E1
5.735251539E2,-5.185737970E1
5.736314844E2,-5.055890052E1
5.737379287E2,-4.979180991E1
5.738390451E2,-4.814582597E1
5.739403141E2,-4.922442585E1
5.740438217E2,-5.126756303E1
5.741494540E2,-5.018479680E1
5.742550842E2,-4.860242584E1
5.743614103E2,-4.905324181E1
5.744676949E2,-4.899271668E1
5.745717575E2,-4.981477052E1
5.746779972E2,-5.089098051E1
5.747803315E2,-5.210359235E1
5.748839052E2,-5.114212726E1
5.749885059E2,-5.133728204E1
5.750947139E2,-5.340750063E1
5.751976149E2,-4.923709516E1
5.753040905E2,-4.663991946E1
5.754059613E2,-5.001320949E1
5.755122205E2,-3.868749072E1
5.756182448E2,-4.626252024E1
5.757219432E2,-5.177896617E1
5.758232904E2,-5.180200407E1
5.759279697E2,-5.272360398E1
5.760343045E2,-5.221490529E1
5.761405614E2,-5.282510901E1
5.762461401E2,-5.006762224E1
5.763524884E2,-4.802402690E1
5.764552830E2,-4.779240214E1
5.765586300E2,-4.152162050E1
5.766649690E2,-4.972086871E1
5.767712655E2,-5.369395087E1
5.768727205E2,-4.920331310E1
5.769790929E2,-3.684637889E1
5.770842214E2,-4.227272260E1
5.771887157E2,-4.377829672E1
5.772950817E2,-4.429406883E1
5.773976572E2,-4.572229223E1
5.775039406E2,-4.813246069E1
5.776053204E2,-4.976619417E1
5.777117514E2,-5.331979849E1
5.778181467E2,-5.404467232E1
5.779228558E2,-5.507556909E1
5.780291542E2,-5.262167020E1
5.781324322E2,-5.323489220E1
5.782387007E2,-4.847092406E1
5.783394871E2,-4.931149652E1
5.784458136E2,-4.961317965E1
5.785520044E2,-4.708676096E1
5.786562348E2,-4.798644376E1
5.787625228E2,-4.010196761E1
5.788659936E2,-4.299639149E1
5.789716238E2,-5.253946558E1
5.790779197E2,-3.402743681E1
5.791800077E2,-4.751306931E1
5.792859901E2,-4.311954600E1
5.793904130E2,-4.290737100E1
5.794932464E2,-4.383484125E1
5.795976597E2,-4.576013154E1
5.796994320E2,-4.675753127E1
5.798054886E2,-4.835992412E1
5.799117823E2,-5.113504601E1
5.800151419E2,-5.213135319E1
5.801187951E2,-5.303959504E1
5.802234116E2,-5.457538009E1
5.803263623E2,-5.263801265E1
5.804322002E2,-5.318289423E1
5.805384248E2,-5.235519080E1
5.806447233E2,-5.317313419E1
5.807510637E2,-5.237818096E1
5.808563863E2,-5.438935405E1
5.809627683E2,-5.316337818E1
5.810666526E2,-5.269569684E1
5.811723166E2,-5.247878132E1
5.812736794E2,-5.467462031E1
5.813800272E2,-5.325256817E1
5.814863889E2,-5.475042368E1
5.815897441E2,-5.233023857E1
5.816956013E2,-5.380876496E1
5.817976719E2,-5.529402829E1
5.818994062E2,-5.360486968E1
5.820005901E2,-5.380429817E1
5.821056966E2,-5.198192305E1
5.822105772E2,-5.269819722E1
5.823168918E2,-5.363540213E1
5.824223699E2,-5.352084127E1
5.825240627E2,-5.220649965E1
5.826285786E2,-5.230747214E1
5.827350005E2,-5.149934773E1
5.828390101E2,-5.072203026E1
5.829398375E2,-5.554539718E1
5.830461645E2,-5.138700948E1
5.831524217E2,-4.609950656E1
5.832558066E2,-4.256848396E1
5.833624521E2,-4.448742752E1
5.834657782E2,-3.887432219E1
5.835719850E2,-4.012997497E1
5.836784455E2,-4.919391930E1
5.837828710E2,-4.568293919E1
5.838891605E2,-4.009875185E1
5.839904738E2,-4.009349624E1
5.840912825E2,-4.385448710E1
5.841939376E2,-5.006314567E1
5.842995350E2,-5.106063519E1
5.844054122E2,-5.053355350E1
5.845116892E2,-4.400898053E1
5.846138569E2,-5.220312809E1
5.847204909E2,-4.588560561E1
5.848225533E2,-5.263979191E1
5.849288655E2,-4.651931981E1
5.850339725E2,-4.244394139E1
5.851392591E2,-4.123585274E1
5.852410893E2,-4.303698292E1
5.853465800E2,-4.200167899E1
5.854480546E2,-4.544719531E1
5.855495845E2,-4.334882552E1
5.856553670E2,-4.618487034E1
5.857567127E2,-4.571848982E1
5.858607143E2,-4.620233559E1
5.859669973E2,-5.041316333E1
5.860726458E2,-4.782967935E1
5.861789004E2,-4.977292582E1
5.862851933E2,-4.906852413E1
5.863893153E2,-5.029171006E1
5.864956836E2,-5.178539242E1
5.865973566E2,-5.159638980E1
5.867026610E2,-4.839945585E1
5.868060578E2,-5.283911361E1
5.869125942E2,-5.171134643E1
5.870188848E2,-5.251033015E1
5.871227237E2,-5.224701337E1
5.872287148E2,-5.159462069E1
5.873350225E2,-5.102629526E1
5.874394159E2,-5.150264138E1
5.875457492E2,-5.296684529E1
5.876520536E2,-5.474965231E1
5.877561095E2,-5.345705182E1
5.878591414E2,-5.416511930E1
5.879654736E2,-5.322707312E1
5.880717499E2,-5.368977667E1
5.881734971E2,-5.360391415E1
5.882771740E2,-5.405942952E1
5.883834630E2,-5.381232670E1
5.884894323E2,-5.354862442E1
5.885902834E2,-5.373601169E1
5.886964944E2,-5.461279700E1
5.887996210E2,-5.347962471E1
5.889040583E2,-5.428542290E1
5.890062778E2,-5.464868052E1
5.891125138E2,-5.284364303E1
5.892182923E2,-5.485967145E1
5.893228962E2,-5.402338390E1
5.894266061E2,-5.298614223E1
5.895325942E2,-5.498130298E1
5.896388398E2,-5.403163153E1
5.897403663E2,-5.154447806E1
5.898467269E2,-5.410305030E1
5.899529892E2,-5.356409461E1
5.900562719E2,-5.378899924E1
5.901625865E2,-5.152121285E1
5.902688653E2,-5.424292041E1
5.903730065E2,-5.449117250E1
5.904793244E2,-5.224674423E1
5.905812417E2,-5.421356124E1
5.906831007E2,-5.438584157E1
5.907892351E2,-5.347412715E1
5.908956653E2,-5.206820978E1
5.910000864E2,-5.303960619E1
5.911059403E2,-5.402363945E1
5.912122216E2,-5.464038201E1
5.913185567E2,-5.402906511E1
5.914230368E2,-5.550902570E1
5.915293295E2,-5.263691990E1
5.916358071E2,-5.499518661E1
5.917397516E2,-4.401238081E1
5.918461067E2,-4.488247896E1
5.919525555E2,-4.484665261E1
5.920564583E2,-4.798021955E1
5.921627816E2,-5.200237776E1
5.922671894E2,-4.879769963E1
5.923731349E2,-5.375527940E1
5.924793759E2,-5.012328340E1
5.925853880E2,-4.907613266E1
5.926898750E2,-5.150874067E1
5.927963223E2,-3.951347475E1
5.929026131E2,-4.006123878E1
5.930065805E2,-3.836491489E1
5.931129657E2,-4.344264368E1
5.932192120E2,-3.193648477E1
5.933232152E2,-3.825953924E1
5.934295883E2,-4.622680297E1
5.935358451E2,-4.589659277E1
5.936398611E2,-3.837531768E1
5.937406122E2,-4.626535403E1
5.938466987E2,-4.592528891E1
5.939492571E2,-3.830593089E1
5.940553353E2,-4.248670390E1
5.941566682E2,-5.266536214E1
5.942583795E2,-5.412786086E1
5.943643805E2,-5.210687159E1
5.944706784E2,-4.044274521E1
5.945732728E2,-4.894668522E1
5.946754670E2,-3.975119576E1
5.947818687E2,-3.245991204E1
5.948881872E2,-4.729905573E1
5.949900440E2,-4.380558827E1
5.950963714E2,-4.269793252E1
5.951977247E2,-4.440713375E1
5.952991548E2,-4.664055594E1
5.954054154E2,-4.687610181E1
5.955074828E2,-5.197218226E1
5.956130269E2,-5.342386911E1
5.957194728E2,-5.424733886E1
5.958233846E2,-5.389918624E1
5.959296160E2,-5.260856540E1
5.960356797E2,-5.048455789E1
5.961400976E2,-5.140013769E1
5.962458522E2,-5.026829237E1
5.963505558E2,-5.216024354E1
5.964567580E2,-4.817603575E1
5.965589613E2,-5.435289611E1
5.966630408E2,-5.287850544E1
5.967660797E2,-5.286354481E1
5.968690235E2,-5.319926706E1
5.969734752E2,-5.168077112E1
5.970798512E2,-5.184223490E1
5.971838864E2,-4.563856034E1
5.972901600E2,-4.415524739E1
5.973967269E2,-4.455692624E1
5.975030622E2,-4.518077641E1
5.976068649E2,-5.020677362E1
5.977131731E2,-5.247480281E1
5.978193615E2,-5.259943199E1
5.979235552E2,-4.848296057E1
5.980292816E2,-4.812533124E1
5.981349453E2,-4.804078972E1
5.982402314E2,-4.816980040E1
5.983410223E2,-4.727736292E1
5.984472485E2,-5.029826329E1
5.985530608E2,-4.983338080E1
5.986569649E2,-5.093375640E1
5.987583836E2,-5.121925459E1
5.988641950E2,-5.136225250E1
5.989705244E2,-4.439167096E1
5.990737212E2,-3.660776267E1
5.991800578E2,-4.346032644E1
5.992824512E2,-4.472114639E1
5.993839094E2,-4.977051281E1
5.994899398E2,-5.329203954E1
5.995962698E2,-5.458972506E1
5.996975587E2,-5.322142526E1
5.998033091E2,-5.433883916E1
5.999070343E2,-5.480340711E1
6.000134018E2,-5.352831705E1
6.001198743E2,-5.146147214E1
6.002237425E2,-5.207200731E1
6.003300766E2,-4.529563279E1
6.004363488E2,-4.082595485E1
6.005404051E2,-4.746367524E1
6.006466931E2,-4.911716369E1
6.007529769E2,-5.161754975E1
6.008569986E2,-5.374141806E1
6.009615605E2,-4.999154281E1
6.010672397E2,-4.597444959E1
6.011733348E2,-4.957337843E1
6.012764200E2,-4.979456286E1
6.013822324E2,-4.768336464E1
6.014884546E2,-4.050598071E1
6.015904884E2,-4.562638447E1
6.016968325E2,-4.647488642E1
6.018031645E2,-4.695561072E1
6.019070377E2,-4.836517320E1
6.020085232E2,-5.035770543E1
6.021138930E2,-4.713420809E1
6.022202472E2,-4.231645255E1
6.023237957E2,-4.936999154E1
6.024246531E2,-4.786934152E1
6.025309148E2,-4.338978969E1
6.026340360E2,-4.673992399E1
6.027398788E2,-4.253061242E1
6.028405694E2,-4.238287566E1
6.029468407E2,-5.199996052E1
6.030531040E2,-5.110153024E1
6.031572810E2,-4.980056269E1
6.032636881E2,-5.148516243E1
6.033676722E2,-5.395403692E1
6.034735247E2,-4.501983112E1
6.035779978E2,-4.799434903E1
6.036793850E2,-4.065991778E1
6.037857455E2,-4.019826559E1
6.038906214E2,-3.958183599E1
6.039963828E2,-4.317626178E1
6.041026623E2,-4.131918705E1
6.042073850E2,-4.397461227E1
6.043137427E2,-4.198210546E1
6.044192676E2,-4.717825514E1
6.045239486E2,-4.946391019E1
6.046249514E2,-5.225177285E1
6.047314050E2,-5.322605279E1
6.048332577E2,-5.432197932E1
6.049387701E2,-5.413006288E1
6.050407575E2,-5.212963158E1
6.051471735E2,-4.892251246E1
6.052534512E2,-4.098566783E1
6.053574962E2,-3.906515133E1
6.054638562E2,-4.431191496E1
6.055700411E2,-4.992728969E1
6.056742140E2,-5.196412441E1
6.057758212E2,-5.451526967E1
6.058806001E2,-5.246961031E1
6.059869332E2,-5.446860596E1
6.060908407E2,-5.177544275E1
6.061971397E2,-5.218553303E1
6.063031300E2,-5.027903997E1
6.064076038E2,-5.207319732E1
6.065102450E2,-5.311039578E1
6.066138711E2,-5.272921775E1
6.067179529E2,-5.147410833E1
6.068242284E2,-4.770391785E1
6.069295553E2,-4.528672511E1
6.070355570E2,-4.216011827E1
6.071407686E2,-4.907070096E1
6.072416755E2,-4.261779155E1
6.073480020E2,-4.720662333E1
6.074498953E2,-4.945196687E1
6.075555175E2,-5.074520907E1
6.076575789E2,-5.247135658E1
6.077638546E2,-4.510187903E1
6.078701265E2,-5.101391002E1
6.079743509E2,-5.092157448E1
6.080807482E2,-5.084886360E1
6.081869972E2,-4.855380469E1
6.082909334E2,-4.631876820E1
6.083969966E2,-5.027656736E1
6.085016275E2,-5.463342819E1
6.086079325E2,-5.389865122E1
6.087143459E2,-5.460510977E1
6.088207589E2,-4.945474745E1
6.089243947E2,-4.992527190E1
6.090298052E2,-5.237879633E1
6.091362090E2,-4.835248969E1
6.092410807E2,-5.063322379E1
6.093451947E2,-5.218019044E1
6.094490385E2,-4.613979779E1
6.095514715E2,-4.778943413E1
6.096573273E2,-3.197222667E1
6.097636129E2,-4.021006921E1
6.098698905E2,-4.079866043E1
6.099744215E2,-3.427644315E1
6.100804864E2,-3.892293797E1
6.101861740E2,-4.122536144E1
6.102911772E2,-4.075355206E1
6.103972543E2,-3.915868809E1
6.105027088E2,-4.776030073E1
6.106079053E2,-4.511551653E1
6.107143461E2,-4.737919631E1
6.108206681E2,-5.166776257E1
6.109244203E2,-4.912418373E1
6.110253504E2,-5.213443434E1
6.111317094E2,-5.285331652E1
6.112379533E2,-5.457904914E1
6.113410921E2,-5.249095212E1
6.114419985E2,-5.246111673E1
6.115483035E2,-5.314202744E1
6.116545452E2,-5.231069037E1
6.117579500E2,-4.145106262E1
6.118642991E2,-4.386803360E1
6.119705804E2,-4.949378203E1
6.120746290E2,-5.344035597E1
6.121760350E2,-4.623311236E1
6.122789522E2,-4.238167996E1
6.123817304E2,-4.451578462E1
6.124879353E2,-4.515612279E1
6.125913565E2,-4.639844620E1
6.126976762E2,-5.081223040E1
6.128012593E2,-4.377981749E1
6.129070958E2,-4.440150565E1
6.130093056E2,-4.588140004E1
6.131151745E2,-5.059936308E1
6.132205230E2,-5.343435922E1
6.133247082E2,-5.403359708E1
6.134276269E2,-5.356611196E1
6.135323591E2,-5.300423069E1
6.136340816E2,-5.336751225E1
6.137395590E2,-5.424803414E1
6.138413994E2,-5.271536746E1
6.139477220E2,-5.296060430E1
6.140507971E2,-4.865841449E1
6.141538942E2,-4.310169646E1
6.142581166E2,-5.046804715E1
6.143638337E2,-5.089126264E1
6.144700630E2,-5.295749240E1
6.145748579E2,-4.660312432E1
6.146804705E2,-5.301886510E1
6.147865875E2,-5.364353462E1
6.148913983E2,-5.488614203E1
6.149923028E2,-5.397352088E1
6.150976922E2,-5.294349406E1
6.152039748E2,-5.244920327E1
6.153082112E2,-5.214619293E1
6.154138675E2,-5.157577355E1
6.155158469E2,-5.321361833E1
6.156219497E2,-5.382376886E1
6.157249406E2,-5.288834803E1
6.158312899E2,-5.509709242E1
6.159371768E2,-5.336770299E1
6.160416180E2,-5.298024104E1
6.161424290E2,-5.382030633E1
6.162447654E2,-5.325361006E1
6.163458339E2,-5.229410876E1
6.164521942E2,-5.317660251E1
6.165584233E2,-5.362042004E1
6.166648303E2,-5.174790715E1
6.167687836E2,-5.339309681E1
6.168750049E2,-5.332280015E1
6.169813474E2,-5.218872703E1
6.170842096E2,-5.221581523E1
6.171900408E2,-5.301426267E1
6.172931136E2,-5.223426638E1
6.173973239E2,-5.093527611E1
6.175036490E2,-4.433601983E1
6.176084495E2,-4.697538325E1
6.177131162E2,-4.613470471E1
6.178191577E2,-4.670061548E1
6.179250656E2,-5.143755418E1
6.180313540E2,-5.025881952E1
6.181376101E2,-4.846562511E1
6.182417502E2,-4.152031952E1
6.183481102E2,-5.136957975E1
6.184545126E2,-4.071800422E1
6.185584967E2,-4.804205046E1
6.186649498E2,-3.777078321E1
6.187694782E2,-4.264892581E1
6.188751755E2,-4.785842986E1
6.189815197E2,-4.414208178E1
6.190842318E2,-4.974665259E1
6.191870510E2,-4.904959892E1
6.192918543E2,-5.223930893E1
6.193976846E2,-5.252311520E1
6.195010332E2,-4.906561145E1
6.196073950E2,-4.917845083E1
6.197092945E2,-4.371277424E1
6.198129993E2,-3.950863104E1
6.199171818E2,-3.720129758E1
6.200235424E2,-4.031619313E1
6.201252424E2,-2.854021500E1
6.202311865E2,-3.905782017E1
6.203373445E2,-4.834712945E1
6.204419059E2,-3.865949326E1
6.205482219E2,-3.948452271E1
6.206502898E2,-4.347831954E1
6.207559473E2,-4.476917024E1
6.208586759E2,-5.043295174E1
6.209649965E2,-5.412748568E1
6.210663416E2,-5.342314597E1
6.211727137E2,-5.177999985E1
6.212753194E2,-5.227658477E1
6.213777575E2,-5.178661485E1
6.214799624E2,-5.188976088E1
6.215863295E2,-5.356055663E1
6.216920249E2,-5.482505036E1
6.217975832E2,-4.345214622E1
6.219005477E2,-4.417321579E1
6.220065536E2,-4.355867350E1
6.221104976E2,-4.114656906E1
6.222162940E2,-4.288468044E1
6.223205452E2,-4.492036434E1
6.224252665E2,-3.771244779E1
6.225307280E2,-3.589633563E1
6.226370708E2,-4.115089917E1
6.227420269E2,-4.471566992E1
6.228428572E2,-4.729438129E1
6.229491824E2,-4.654121613E1
6.230513262E2,-4.938934873E1
6.231569054E2,-5.138653659E1
6.232587974E2,-5.316200851E1
6.233651305E2,-5.306267902E1
6.234692506E2,-5.371072389E1
6.235755399E2,-5.195298603E1
6.236819754E2,-3.744577739E1
6.237883164E2,-4.120420907E1
6.238921696E2,-4.558374480E1
6.239976701E2,-4.559458709E1
6.241039469E2,-4.259534405E1
6.242088852E2,-4.426989049E1
6.243146814E2,-3.699135539E1
6.244209724E2,-4.717352431E1
6.245255480E2,-3.743170045E1
6.246284671E2,-4.483356884E1
6.247347962E2,-4.974494929E1
6.248405737E2,-3.008389510E1
6.249422757E2,-3.075829967E1
6.250485798E2,-4.655320718E1
6.251507125E2,-4.523088784E1
6.252567379E2,-4.448894145E1
6.253590904E2,-4.512732531E1
6.254653760E2,-4.637767629E1
6.255716926E2,-4.730886962E1
6.256757242E2,-4.203175543E1
6.257784713E2,-5.106489895E1
6.258842926E2,-4.137976972E1
6.259906446E2,-4.567754395E1
6.260922430E2,-5.427313085E1
6.261976639E2,-4.763057376E1
6.263039615E2,-4.930703672E1
6.264090563E2,-4.905216571E1
6.265116260E2,-5.071742225E1
6.266138601E2,-5.020819482E1
6.267201823E2,-4.774529253E1
6.268257146E2,-5.097295547E1
6.269317647E2,-4.485434204E1
6.270339740E2,-4.153664455E1
6.271401852E2,-5.114708750E1
6.272424539E2,-3.990723666E1
6.273432290E2,-5.393496663E1
6.274462688E2,-5.324947057E1
6.275523510E2,-5.305910240E1
6.276586511E2,-3.646660199E1
6.277632696E2,-4.971043694E1
6.278687240E2,-4.785174949E1
6.279747285E2,-3.687718628E1
6.280766322E2,-4.734945178E1
6.281827065E2,-5.336545721E1
6.282883675E2,-5.288839897E1
6.283925126E2,-5.345084209E1
6.284976428E2,-5.348871890E1
6.286040239E2,-5.252841877E1
6.287092004E2,-4.162188908E1
6.288155467E2,-4.688385264E1
6.289219291E2,-5.054461377E1
6.290259405E2,-4.209171199E1
6.291272640E2,-4.030359966E1
6.292332883E2,-4.654848610E1
6.293350394E2,-4.657773572E1
6.294404554E2,-5.072064063E1
6.295426631E2,-5.228589781E1
6.296460043E2,-5.197720151E1
6.297520947E2,-5.353507778E1
6.298533521E2,-5.365870725E1
6.299588519E2,-5.323977598E1
6.300634462E2,-5.247639223E1
6.301694553E2,-5.175646300E1
6.302755666E2,-5.220270649E1
6.303794996E2,-5.241987781E1
6.304859612E2,-4.886357029E1
6.305921268E2,-5.263120458E1
6.306972975E2,-5.143017902E1
6.307995170E2,-5.172350724E1
6.309052732E2,-4.932259686E1
6.310093669E2,-4.944224217E1
6.311102075E2,-5.098767392E1
6.312127821E2,-5.440889513E1
6.313191142E2,-5.196083157E1
6.314208285E2,-5.210447462E1
6.315260989E2,-5.179115973E1
6.316305570E2,-5.191251169E1
6.317339258E2,-5.291775660E1
6.318395866E2,-5.232137595E1
6.319427371E2,-5.378592151E1
6.320487368E2,-5.300317702E1
6.321542524E2,-5.383820366E1
6.322594744E2,-5.464833730E1
6.323657933E2,-5.444939868E1
6.324705642E2,-5.303400002E1
6.325761896E2,-5.344685770E1
6.326805184E2,-5.461983642E1
6.327862837E2,-5.305584182E1
6.328924234E2,-5.473648362E1
6.329974761E2,-5.452482469E1
6.330999752E2,-5.333831600E1
6.332062830E2,-5.404723235E1
6.333094522E2,-5.543956649E1
6.334103395E2,-5.298213251E1
6.335162369E2,-5.097261373E1
6.336211605E2,-5.233216401E1
6.337261360E2,-5.095616448E1
6.338317688E2,-5.324230174E1
6.339365011E2,-5.366375007E1
6.340420659E2,-5.250465931E1
6.341439416E2,-5.330924425E1
6.342492043E2,-5.331507727E1
6.343521027E2,-4.544132728E1
6.344539612E2,-5.115743780E1
6.345596659E2,-5.408609554E1
6.346659422E2,-2.843456609E1
6.347707278E2,-4.793546030E1
6.348763437E2,-5.350211213E1
6.349825559E2,-5.395061112E1
6.350839521E2,-5.331358454E1
6.351869620E2,-5.344251952E1
6.352925840E2,-5.278762195E1
6.353976522E2,-5.392219411E1
6.355040434E2,-5.426183861E1
6.356098133E2,-5.313981501E1
6.357137780E2,-5.446887309E1
6.358195590E2,-5.488107118E1
6.359215622E2,-2.890016746E1
6.360263482E2,-3.524962742E1
6.361326282E2,-3.910167384E1
6.362389096E2,-3.949613288E1
6.363430264E2,-3.975630631E1
6.364464363E2,-3.623055569E1
6.365510297E2,-3.540829942E1
6.366566888E2,-3.962015826E1
6.367597716E2,-3.963580943E1
6.368606200E2,-4.252974364E1
6.369669513E2,-4.768209331E1
6.370692740E2,-4.811535423E1
6.371705470E2,-4.953930648E1
6.372761582E2,-4.576503842E1
6.373816955E2,-4.321885651E1
6.374873547E2,-4.712605398E1
6.375931063E2,-5.174161011E1
6.376976467E2,-5.358167932E1
6.377990660E2,-5.427024063E1
6.379036621E2,-5.389705076E1
6.380098201E2,-5.311110580E1
6.381107113E2,-5.198299340E1
6.382169731E2,-5.290627814E1
6.383214627E2,-5.461280755E1
6.384266515E2,-5.535830148E1
6.385293369E2,-5.297010844E1
6.386351914E2,-5.237809462E1
6.387409375E2,-5.278317086E1
6.388433102E2,-5.367307802E1
6.389495422E2,-5.326784236E1
6.390505018E2,-5.226067572E1
6.391541198E2,-5.162292081E1
6.392600046E2,-4.438285020E1
6.393662985E2,-3.979902672E1
6.394685946E2,-4.456912259E1
6.395710261E2,-4.858720751E1
6.396767595E2,-4.577084612E1
6.397831261E2,-4.611899980E1
6.398894059E2,-4.448851709E1
6.399934362E2,-5.050511125E1
6.400996588E2,-5.337491405E1
6.402013724E2,-5.312000827E1
6.403041988E2,-5.335457039E1
6.404099886E2,-5.323685311E1
6.405156302E2,-5.334418387E1
6.406217240E2,-5.241329473E1
6.407266983E2,-5.228236083E1
6.408275625E2,-5.348103327E1
6.409337784E2,-5.358742294E1
6.410392107E2,-5.224600660E1
6.411434897E2,-5.345728643E1
6.412450188E2,-5.505294588E1
6.413506406E2,-5.401206730E1
6.414557602E2,-5.412678697E1
6.415602062E2,-5.320199749E1
6.416664508E2,-5.426982460E1
6.417725650E2,-5.248860985E1
6.418768037E2,-5.414615213E1
6.419801180E2,-5.356011012E1
6.420838211E2,-5.288772528E1
6.421897971E2,-5.148239425E1
6.422935311E2,-5.344619543E1
6.423976423E2,-5.251254120E1
6.425038198E2,-5.243624205E1
6.426081262E2,-5.331161449E1
6.427101630E2,-5.388206906E1
6.428110622E2,-5.231974386E1
6.429172988E2,-5.517313325E1
6.430229993E2,-5.311761577E1
6.431269133E2,-5.326601475E1
6.432277487E2,-5.583879115E1
6.433307700E2,-5.190256503E1
6.434364409E2,-5.175356903E1
6.435425398E2,-5.311433798E1
6.436445033E2,-5.225226189E1
6.437508737E2,-5.460319327E1
6.438573296E2,-5.381867062E1
6.439603713E2,-5.327128029E1
6.440666405E2,-5.259768222E1
6.441730130E2,-5.214621898E1
6.442772703E2,-5.388278776E1
6.443836078E2,-5.344945368E1
6.444858248E2,-5.616328769E1
6.445892212E2,-5.424338478E1
6.446937743E2,-4.853181051E1
6.447976664E2,-4.937294541E1
6.449039485E2,-4.849288737E1
6.450100167E2,-4.762036000E1
6.451156956E2,-4.933242784E1
6.452218870E2,-5.098097876E1
6.453273172E2,-5.169366382E1
6.454320513E2,-5.363816112E1
6.455381153E2,-5.326671290E1
6.456437573E2,-5.413292588E1
6.457497837E2,-5.332528852E1
6.458561043E2,-5.316752516E1
6.459605048E2,-5.484904691E1
6.460618807E2,-5.418872787E1
6.461633138E2,-5.371939837E1
6.462696225E2,-5.363863351E1
6.463757870E2,-5.420658922E1
6.464771705E2,-5.303172280E1
6.465780173E2,-5.455262711E1
6.466805744E2,-5.382418483E1
6.467818610E2,-5.401522623E1
6.468879055E2,-5.316027744E1
6.469938744E2,-5.218161703E1
6.470976601E2,-5.277272812E1
6.471990515E2,-4.765202007E1
6.473040603E2,-4.293701919E1
6.474100983E2,-5.120598442E1
6.475114790E2,-4.768310609E1
6.476177900E2,-4.370411137E1
6.477193177E2,-4.029588540E1
6.478249352E2,-4.347297433E1
6.479273341E2,-4.330712588E1
6.480280299E2,-4.445051784E1
6.481313010E2,-4.636297075E1
6.482375635E2,-4.331408531E1
6.483392652E2,-4.758277439E1
6.484440955E2,-5.062127027E1
6.485505250E2,-5.219798716E1
6.486531290E2,-4.833002309E1
6.487592986E2,-5.088408888E1
6.488607619E2,-5.380375530E1
6.489620826E2,-5.396900482E1
6.490658215E2,-5.410425580E1
6.491720995E2,-4.678108420E1
6.492774540E2,-5.197303313E1
6.493818956E2,-5.264760323E1
6.494836022E2,-4.797780200E1
6.495859326E2,-5.184319987E1
6.496922298E2,-5.162577396E1
6.497976371E2,-5.132626734E1
6.499039155E2,-5.116684211E1
6.500102473E2,-5.232867767E1
6.501115990E2,-5.424028699E1
6.502157046E2,-5.223363956E1
6.503206592E2,-5.469805964E1
6.504271742E2,-5.293056363E1
6.505290403E2,-5.424470839E1
6.506347075E2,-5.384099437E1
6.507408979E2,-5.457689858E1
6.508442084E2,-5.388139488E1
6.509506063E2,-5.419801995E1
6.510563782E2,-5.340401052E1
6.511609123E2,-5.400176878E1
6.512670242E2,-5.366809166E1
6.513733809E2,-5.347945852E1
6.514776785E2,-5.503613870E1
6.515839574E2,-5.313612592E1
6.516903375E2,-5.214313774E1
6.517942895E2,-5.570821267E1
6.518969717E2,-5.427312786E1
6.519986187E2,-5.293817381E1
6.521026156E2,-5.427250074E1
6.522040505E2,-5.400149224E1
6.523059084E2,-5.367565239E1
6.524111037E2,-5.292804890E1
6.525142917E2,-5.480409624E1
6.526198452E2,-5.382064490E1
6.527254036E2,-5.227634994E1
6.528277288E2,-5.137053357E1
6.529308174E2,-4.584795115E1
6.530370830E2,-4.695055291E1
6.531398135E2,-4.622386749E1
6.532443445E2,-4.773520827E1
6.533491272E2,-5.194300457E1
6.534550746E2,-4.731176469E1
6.535611754E2,-5.121147318E1
6.536675603E2,-5.332912262E1
6.537738459E2,-5.301050585E1
6.538778125E2,-4.002449274E1
6.539840210E2,-3.775173695E1
6.540861990E2,-3.440229756E1
6.541881465E2,-4.062769193E1
6.542940492E2,-3.895222621E1
6.543977240E2,-3.657417557E1
6.544994052E2,-4.563264086E1
6.546011474E2,-4.158781858E1
6.547070762E2,-4.285077775E1
6.548112085E2,-4.907745364E1
6.549174122E2,-5.238203031E1
6.550230699E2,-5.405078812E1
6.551279120E2,-5.438190465E1
6.552341762E2,-5.450949563E1
6.553396442E2,-5.517929939E1
6.554446290E2,-5.327506066E1
6.555472020E2,-5.281212950E1
6.556488114E2,-5.257541324E1
6.557546085E2,-5.443693002E1
6.558608073E2,-5.320098210E1
6.559670401E2,-5.254755353E1
6.560690450E2,-5.315608735E1
6.561742129E2,-5.350824609E1
6.562779775E2,-5.460457255E1
6.563830878E2,-5.301450658E1
6.564894554E2,-5.262084837E1
6.565945563E2,-5.476475048E1
6.566976638E2,-5.404581913E1
6.568040178E2,-5.411967096E1
6.569102529E2,-5.337482771E1
6.570113755E2,-5.463846175E1
6.571175270E2,-5.301443067E1
6.572233550E2,-5.332076114E1
6.573287448E2,-5.150475002E1
6.574319253E2,-5.284887156E1
6.575339690E2,-5.398197027E1
6.576367577E2,-5.504508290E1
6.577405523E2,-5.216757082E1
6.578447694E2,-5.231306006E1
6.579484589E2,-5.213120438E1
6.580495155E2,-5.349516160E1
6.581558446E2,-5.198996092E1
6.582614251E2,-5.283589785E1
6.583647673E2,-5.322196721E1
6.584712757E2,-5.275281914E1
6.585776487E2,-5.582699558E1
6.586790127E2,-5.329272468E1
6.587853535E2,-5.250237541E1
6.588916887E2,-5.230921793E1
6.589975405E2,-5.320664204E1
6.591032632E2,-5.319121297E1
6.592094604E2,-5.549502858E1
6.593115531E2,-5.204527749E1
6.594167459E2,-5.202691149E1
6.595221646E2,-5.334738845E1
6.596284005E2,-5.245103917E1
6.597347390E2,-5.265078662E1
6.598411271E2,-5.219650298E1
6.599449284E2,-5.409103143E1
6.600511974E2,-5.049272680E1
6.601575253E2,-4.453567325E1
6.602616017E2,-4.579494760E1
6.603661556E2,-4.609577108E1
6.604725120E2,-4.880649834E1
6.605782986E2,-5.045703793E1
6.606804458E2,-4.882545622E1
6.607861544E2,-4.704903178E1
6.608923325E2,-4.820741642E1
6.609976805E2,-4.745884972E1
6.611039816E2,-4.968822528E1
6.612102920E2,-4.523332646E1
6.613116946E2,-4.447039488E1
6.614142443E2,-4.678221995E1
6.615201579E2,-4.505976121E1
6.616265582E2,-4.358543655E1
6.617284874E2,-4.462619672E1
6.618347808E2,-4.270114172E1
6.619408201E2,-3.796160205E1
6.620450352E2,-3.883483485E1
6.621505992E2,-4.492828047E1
6.622569879E2,-3.675348497E1
6.623618379E2,-3.719493991E1
6.624653785E2,-3.944083526E1
6.625711314E2,-3.925646347E1
6.626774048E2,-4.116359048E1
6.627804959E2,-3.937999996E1
6.628865067E2,-4.348759792E1
6.629905617E2,-5.373090875E1
6.630951371E2,-5.286985222E1
6.631976949E2,-5.410113416E1
6.633040393E2,-4.732381242E1
6.634106696E2,-4.498981713E1
6.635131391E2,-4.489841022E1
6.636155621E2,-4.943183108E1
6.637217407E2,-4.153063757E1
6.638274757E2,-4.199081347E1
6.639292392E2,-4.762964631E1
6.640350013E2,-4.703851396E1
6.641405118E2,-4.536673884E1
6.642452434E2,-4.328925704E1
6.643472467E2,-4.465994463E1
6.644529740E2,-4.506403609E1
6.645573185E2,-4.688621724E1
6.646620175E2,-4.914647156E1
6.647666872E2,-5.156267811E1
6.648730300E2,-4.881325407E1
6.649787075E2,-4.909761377E1
6.650826350E2,-4.978489391E1
6.651886151E2,-4.485168695E1
6.652947761E2,-5.248937482E1
6.653977653E2,-5.405185248E1
6.655040028E2,-5.404992097E1
6.656096806E2,-5.146381686E1
6.657119326E2,-5.063839666E1
6.658167837E2,-4.569386605E1
6.659191650E2,-5.062569871E1
6.660248079E2,-3.115017683E1
6.661285948E2,-2.787532803E1
6.662295161E2,-2.793295610E1
6.663350132E2,-4.694609347E1
6.664385218E2,-5.420094256E1
6.665409518E2,-4.888090630E1
6.666454233E2,-4.541275946E1
6.667468261E2,-4.601422190E1
6.668529264E2,-4.950588687E1
6.669546647E2,-4.622917571E1
6.670609277E2,-4.733692217E1
6.671628954E2,-4.933799691E1
6.672691674E2,-3.993603213E1
6.673726323E2,-4.473313099E1
6.674788302E2,-4.884904544E1
6.675851067E2,-4.611924348E1
6.676915046E2,-5.191546714E1
6.677976790E2,-4.282070040E1
6.679029969E2,-4.831186523E1
6.680093914E2,-4.900896956E1
6.681122194E2,-5.197812124E1
6.682172229E2,-4.549797474E1
6.683236649E2,-4.398942821E1
6.684287515E2,-4.696594642E1
6.685296625E2,-5.248380059E1
6.686352885E2,-5.282109106E1
6.687410640E2,-5.327167259E1
6.688455896E2,-5.283137065E1
6.689519217E2,-5.418125187E1
6.690550476E2,-5.369543658E1
6.691614297E2,-5.421035825E1
6.692630298E2,-5.321604110E1
6.693690846E2,-5.334296240E1
6.694754360E2,-5.217346748E1
6.695789889E2,-5.371093635E1
6.696820888E2,-5.422366129E1
6.697865480E2,-5.486301620E1
6.698925923E2,-5.301980996E1
6.699976429E2,-5.401228149E1
6.700997596E2,-5.460780950E1
6.702041927E2,-5.556935395E1
6.703104682E2,-5.488413076E1
6.704124194E2,-5.387102056E1
6.705187513E2,-5.408963947E1
6.706235615E2,-5.325227298E1
6.707291401E2,-5.528359871E1
6.708310774E2,-5.297407751E1
6.709369045E2,-5.327225550E1
6.710431567E2,-5.269568426E1
6.711458674E2,-5.257827562E1
6.712521284E2,-5.439242297E1
6.713585771E2,-5.462490806E1
6.714625201E2,-5.357862050E1
6.715643730E2,-5.471406172E1
6.716701523E2,-5.450554579E1
6.717763115E2,-5.297622375E1
6.718791950E2,-5.307150107E1
6.719855973E2,-5.427183156E1
6.720888457E2,-5.352166472E1
6.721914438E2,-5.354730056E1
6.722967088E2,-5.371126702E1
6.724030608E2,-5.287372421E1
6.725093550E2,-5.226238055E1
6.726125648E2,-5.145620086E1
6.727161657E2,-4.643435371E1
6.728218375E2,-4.813726019E1
6.729238262E2,-4.807076766E1
6.730292576E2,-4.854040448E1
6.731314849E2,-4.350697934E1
6.732341309E2,-4.862636115E1
6.733385906E2,-4.978329223E1
6.734427530E2,-4.640358419E1
6.735459576E2,-4.748851893E1
6.736521404E2,-4.690478580E1
6.737579687E2,-4.402467659E1
6.738625580E2,-5.391892061E1
6.739658775E2,-5.357436922E1
6.740721717E2,-5.204558992E1
6.741784235E2,-2.939310968E1
6.742838702E2,-3.161914663E1
6.743899272E2,-4.934063177E1
6.744960550E2,-5.499116025E1
6.746023481E2,-3.159518090E1
6.747040589E2,-3.114726356E1
6.748057404E2,-4.165116954E1
6.749074602E2,-5.469122719E1
6.750127385E2,-5.318728391E1
6.751161470E2,-2.805776430E1
6.752225051E2,-3.948715866E1
6.753287935E2,-5.412196290E1
6.754302265E2,-2.769137225E1
6.755356129E2,-2.815107660E1
6.756373057E2,-4.379702992E1
6.757429844E2,-4.312778441E1
6.758462485E2,-5.230649446E1
6.759478470E2,-5.397386151E1
6.760535052E2,-5.417087968E1
6.761597802E2,-5.137960354E1
6.762628565E2,-4.563608884E1
6.763691546E2,-4.020320862E1
6.764748720E2,-4.564075839E1
6.765795088E2,-4.214896411E1
6.766832078E2,-3.933916724E1
6.767892867E2,-3.879309425E1
6.768911667E2,-4.561270968E1
6.769962291E2,-4.743406457E1
6.771025047E2,-4.741744001E1
6.772074623E2,-4.991081089E1
6.773130412E2,-4.061445069E1
6.774161500E2,-4.495680320E1
6.775225037E2,-4.412833626E1
6.776271111E2,-4.666345246E1
6.777304518E2,-5.150683636E1
6.778367966E2,-5.452563425E1
6.779427858E2,-5.395342265E1
6.780470622E2,-5.393610877E1
6.781531143E2,-5.107364500E1
6.782594622E2,-5.303326442E1
6.783638310E2,-5.411452016E1
6.784674587E2,-5.387836015E1
6.785738047E2,-5.483690447E1
6.786796966E2,-5.306847400E1
6.787844565E2,-5.320898542E1
6.788879935E2,-5.488688867E1
6.789942882E2,-5.319294585E1
6.790971813E2,-5.418213513E1
6.791988602E2,-5.345676951E1
6.793052241E2,-5.416847721E1
6.794088176E2,-5.407253343E1
6.795138784E2,-5.482118816E1
6.796201898E2,-5.534234873E1
6.797251245E2,-5.356099286E1
6.798305623E2,-5.537348795E1
6.799367238E2,-5.355166656E1
6.800423607E2,-5.460912927E1
6.801472433E2,-4.581045311E1
6.802533420E2,-4.501211461E1
6.803593695E2,-4.419874181E1
6.804639606E2,-4.821461907E1
6.805703124E2,-4.458101359E1
6.806766547E2,-4.825040544E1
6.807806624E2,-4.757636041E1
6.808871266E2,-5.335623873E1
6.809934309E2,-5.249657317E1
6.810973930E2,-5.330246656E1
6.812004575E2,-5.388575460E1
6.813065392E2,-5.265784500E1
6.814128080E2,-5.062113612E1
6.815190835E2,-3.843566954E1
6.816248942E2,-3.412299413E1
6.817299095E2,-3.886465295E1
6.818361787E2,-4.040139176E1
6.819372640E2,-4.182024985E1
6.820436089E2,-4.115332473E1
6.821466421E2,-4.456460537E1
6.822530196E2,-4.623088299E1
6.823573028E2,-5.340808447E1
6.824633698E2,-5.423518386E1
6.825697924E2,-5.098871966E1
6.826726220E2,-4.618876414E1
6.827786155E2,-4.578479354E1
6.828799942E2,-4.915115417E1
6.829829712E2,-4.041438311E1
6.830880841E2,-4.842586158E1
6.831943735E2,-4.245995517E1
6.832967933E2,-4.094598222E1
6.833999784E2,-4.343456013E1
6.835062945E2,-4.753232738E1
6.836123555E2,-5.418505952E1
6.837141458E2,-5.189491404E1
6.838201879E2,-4.926553452E1
6.839264460E2,-4.436416978E1
6.840300936E2,-4.637010021E1
6.841360724E2,-4.943019328E1
6.842411465E2,-4.345187543E1
6.843468152E2,-4.774460169E1
6.844530142E2,-5.269648933E1
6.845586555E2,-3.656628146E1
6.846635455E2,-4.387811174E1
6.847677259E2,-4.563847040E1
6.848740868E2,-4.953404495E1
6.849802208E2,-5.039244559E1
6.850866820E2,-5.019352677E1
6.851930654E2,-5.104424685E1
6.852968294E2,-5.168647935E1
6.854013664E2,-5.266514282E1
6.855048935E2,-5.095791415E1
6.856074646E2,-5.328952168E1
6.857130778E2,-5.406139395E1
6.858153397E2,-5.411474987E1
6.859198892E2,-5.384701997E1
6.860238102E2,-5.480115849E1
6.861294389E2,-4.985542398E1
6.862310054E2,-5.203773096E1
6.863371886E2,-5.354904284E1
6.864407250E2,-5.325612562E1
6.865463872E2,-5.131589856E1
6.866477248E2,-4.778754347E1
6.867497637E2,-4.665828151E1
6.868561122E2,-4.725738780E1
6.869623684E2,-5.108528792E1
6.870659570E2,-5.134244133E1
6.871716918E2,-4.957780233E1
6.872780798E2,-4.830662500E1
6.873812100E2,-4.882522185E1
6.874876001E2,-4.256709745E1
6.875920667E2,-4.357389959E1
6.876970877E2,-4.376238222E1
6.878035042E2,-4.355316748E1
6.879098183E2,-3.861090044E1
6.880137438E2,-3.090593074E1
6.881161386E2,-3.092319823E1
6.882225255E2,-3.830543952E1
6.883256638E2,-4.054853477E1
6.884304175E2,-5.222588689E1
6.885367821E2,-3.968761346E1
6.886424127E2,-3.789481425E1
6.887471492E2,-4.428066397E1
6.888483566E2,-4.168721634E1
6.889540315E2,-4.788234041E1
6.890602110E2,-5.375767653E1
6.891638035E2,-5.224705661E1
6.892701328E2,-5.331248613E1
6.893737731E2,-4.853151225E1
6.894795309E2,-4.640679258E1
6.895812858E2,-4.015262163E1
6.896875343E2,-4.666672288E1
6.897932271E2,-5.170688516E1
6.898972386E2,-5.440133537E1
6.900036237E2,-5.098005926E1
6.901080016E2,-3.862082941E1
6.902138788E2,-3.672398107E1
6.903202425E2,-3.440520218E1
6.904266401E2,-4.683584203E1
6.905306058E2,-3.607260919E1
6.906369574E2,-4.263640275E1
6.907425444E2,-5.034454075E1
6.908472399E2,-4.206721336E1
6.909531970E2,-5.168195025E1
6.910570295E2,-4.331237120E1
6.911633736E2,-4.282485306E1
6.912646880E2,-3.913850146E1
6.913703588E2,-3.872212957E1
6.914764247E2,-3.839153946E1
6.915806350E2,-4.396768055E1
6.916869444E2,-4.807109757E1
6.917932378E2,-4.110263259E1
6.918974099E2,-4.151324200E1
6.920000360E2,-3.841673430E1
6.921057259E2,-3.548459671E1
6.922115220E2,-4.225480224E1
6.923140817E2,-4.104867846E1
6.924163522E2,-4.803663669E1
6.925179303E2,-4.957514745E1
6.926234733E2,-4.354515879E1
6.927297850E2,-3.440026285E1
6.928315446E2,-3.902969797E1
6.929333247E2,-4.272894733E1
6.930340099E2,-4.266222587E1
6.931394492E2,-4.261050547E1
6.932457717E2,-4.186650340E1
6.933474984E2,-5.142463288E1
6.934514784E2,-4.624050981E1
6.935539452E2,-5.322483868E1
6.936579093E2,-3.487860079E1
6.937641505E2,-3.525162727E1
6.938668082E2,-3.813269177E1
6.939724514E2,-4.107370983E1
6.940754517E2,-4.081553217E1
6.941808782E2,-4.937079466E1
6.942870624E2,-5.300489929E1
6.943927937E2,-4.775395696E1
6.944975829E2,-3.621259917E1
6.946039130E2,-3.474768554E1
6.947102635E2,-3.074537468E1
6.948141325E2,-3.754549377E1
6.949150238E2,-3.545687121E1
6.950213802E2,-4.090194670E1
6.951237460E2,-5.065710062E1
6.952256939E2,-5.356183490E1
6.953309862E2,-3.767935190E1
6.954344701E2,-3.373777703E1
6.955408281E2,-4.144168288E1
6.956471993E2,-3.571306519E1
6.957483955E2,-3.890619791E1
6.958547221E2,-4.814961196E1
6.959611606E2,-5.288635251E1
6.960643065E2,-4.273589603E1
6.961657079E2,-4.660107988E1
6.962717599E2,-5.084707641E1
6.963782033E2,-4.825837114E1
6.964810677E2,-5.125364058E1
6.965872965E2,-5.101580500E1
6.966928250E2,-5.259673588E1
6.967976437E2,-4.476568444E1
6.968984574E2,-4.535244529E1
6.970033850E2,-5.214257711E1
6.971080984E2,-5.376682227E1
6.972140069E2,-5.345547415E1
6.973163563E2,-5.414207956E1
6.974222879E2,-4.797066611E1
6.975247415E2,-4.913307283E1
6.976304648E2,-5.258742235E1
6.977331061E2,-5.342588259E1
6.978389916E2,-5.200163907E1
6.979414823E2,-5.358929616E1
6.980471612E2,-5.263917805E1
6.981498708E2,-5.183375104E1
6.982558095E2,-5.344553627E1
6.983625214E2,-5.389832769E1
6.984676462E2,-5.270048412E1
6.985709579E2,-5.325821352E1
6.986773304E2,-5.236289145E1
6.987811017E2,-5.297833364E1
6.988820330E2,-5.282387348E1
6.989884300E2,-5.197382763E1
6.990915664E2,-5.395604386E1
6.991974870E2,-5.356677149E1
6.992988090E2,-4.930689498E1
6.994051507E2,-5.267037406E1
6.995072648E2,-5.338605374E1
6.996125058E2,-4.593206395E1
6.997146314E2,-4.305818894E1
6.998203342E2,-4.948058146E1
6.999242460E2,-4.316446015E1
7.000301155E2,-5.132384634E1
7.001321128E2,-5.266774321E1
7.002385347E2,-5.148232486E1
7.003416172E2,-5.117639817E1
7.004474210E2,-5.410853645E1
7.005487846E2,-5.332174683E1
7.006504840E2,-5.297027620E1
7.007563244E2,-5.392288716E1
7.008625383E2,-5.294950282E1
7.009646321E2,-5.322254242E1
7.010707485E2,-5.399134686E1
7.011770950E2,-5.281499856E1
7.012815328E2,-5.312443196E1
7.013831378E2,-4.325848129E1
7.014862442E2,-4.546158440E1
7.015904730E2,-3.919606620E1
7.016934732E2,-4.636627811E1
7.017981044E2,-3.960899999E1
7.019044026E2,-3.818396407E1
7.020056327E2,-3.917829693E1
7.021119598E2,-3.911905821E1
7.022148664E2,-3.656505673E1
7.023183643E2,-4.314431366E1
7.024215097E2,-4.382302226E1
7.025242256E2,-5.010310880E1
7.026305817E2,-5.469143177E1
7.027322715E2,-5.375009726E1
7.028338044E2,-4.907051057E1
7.029394727E2,-5.084519970E1
7.030458413E2,-4.847850735E1
7.031482152E2,-4.914264822E1
7.032500760E2,-5.349030470E1
7.033559994E2,-5.267623218E1
7.034586513E2,-5.327824893E1
7.035649195E2,-5.334400430E1
7.036712037E2,-5.555009580E1
7.037775117E2,-5.220605892E1
7.038815916E2,-5.382951750E1
7.039878677E2,-5.323625722E1
7.040916441E2,-5.249827608E1
7.041979431E2,-5.589636880E1
7.043022530E2,-5.331837111E1
7.044079237E2,-5.148935086E1
7.045141446E2,-5.380216610E1
7.046198051E2,-5.249192482E1
7.047260833E2,-5.417741288E1
7.048280462E2,-5.363385373E1
7.049339105E2,-5.491007163E1
7.050372261E2,-5.373836263E1
7.051434985E2,-4.290297319E1
7.052472669E2,-4.585237837E1
7.053533572E2,-5.082396519E1
7.054596746E2,-4.353818561E1
7.055616697E2,-4.571132008E1
7.056657238E2,-5.279705822E1
7.057713188E2,-5.318972228E1
7.058775674E2,-5.197521157E1
7.059834312E2,-4.360931124E1
7.060842140E2,-4.377458690E1
7.061906310E2,-3.629856667E1
7.062943069E2,-4.047053226E1
7.063976457E2,-4.475031146E1
7.065039687E2,-4.554851197E1
7.066086066E2,-5.308914992E1
7.067110121E2,-5.113701970E1
7.068173395E2,-4.916475118E1
7.069236176E2,-4.847972828E1
7.070277202E2,-4.549147145E1
7.071340856E2,-4.590088462E1
7.072405300E2,-4.339598759E1
7.073442855E2,-5.267306655E1
7.074451266E2,-4.988420024E1
7.075507131E2,-4.901134720E1
7.076570138E2,-3.610533043E1
7.077610318E2,-4.845085073E1
7.078661415E2,-4.855609966E1
7.079683161E2,-5.274477653E1
7.080709023E2,-5.288510988E1
7.081772102E2,-5.223314947E1
7.082805166E2,-5.272216969E1
7.083866651E2,-5.019704821E1
7.084929919E2,-4.659723548E1
7.085976587E2,-5.303299395E1
7.087039723E2,-5.304249117E1
7.088053753E2,-5.313136837E1
7.089112070E2,-5.279479349E1
7.090175167E2,-5.469845271E1
7.091215723E2,-5.371828227E1
7.092277273E2,-3.727383673E1
7.093286468E2,-4.250029314E1
7.094350075E2,-4.507674409E1
7.095413279E2,-4.312658635E1
7.096445695E2,-4.958964172E1
7.097508247E2,-4.886639023E1
7.098571538E2,-3.789887654E1
7.099611289E2,-4.354182147E1
7.100669007E2,-4.751986865E1
7.101707132E2,-3.293844793E1
7.102754417E2,-3.522718708E1
7.103779687E2,-3.581709570E1
7.104842121E2,-3.731737404E1
7.105871331E2,-3.844100944E1
7.106927750E2,-3.808325023E1
7.107977086E2,-4.032994564E1
7.109031883E2,-4.431615244E1
7.110089222E2,-4.200683556E1
7.111113246E2,-4.083707952E1
7.112177067E2,-3.994196402E1
7.113240900E2,-4.846030739E1
7.114280196E2,-5.437506469E1
7.115343588E2,-5.270630163E1
7.116406364E2,-4.451676301E1
7.117445755E2,-4.137168594E1
7.118454618E2,-4.874650979E1
7.119517202E2,-5.253068856E1
7.120532492E2,-5.415663175E1
7.121590757E2,-5.497868203E1
7.122613863E2,-5.136219779E1
7.123670092E2,-5.341828815E1
7.124733495E2,-5.145319204E1
7.125780550E2,-5.367851758E1
7.126837405E2,-5.379605723E1
7.127900506E2,-4.881446469E1
7.128951399E2,-5.358965141E1
7.130015116E2,-5.309848827E1
7.131078689E2,-5.315225019E1
7.132114247E2,-5.410104311E1
7.133166388E2,-5.410411361E1
7.134228262E2,-5.423486080E1
7.135280128E2,-5.301083833E1
7.136289365E2,-5.176112669E1
7.137337147E2,-5.354696415E1
7.138392250E2,-5.421510044E1
7.139448279E2,-4.347231666E1
7.140503886E2,-4.118890919E1
7.141567269E2,-4.360365932E1
7.142614215E2,-4.302698886E1
7.143670408E2,-4.399535532E1
7.144733445E2,-5.131675198E1
7.145781970E2,-3.907895056E1
7.146836703E2,-4.366723473E1
7.147886264E2,-4.696980171E1
7.148949227E2,-3.861719205E1
7.150004928E2,-4.603118140E1
7.151069537E2,-3.886596433E1
7.152082096E2,-4.226424094E1
7.153116133E2,-4.343477919E1
7.154170847E2,-4.604222840E1
7.155234413E2,-4.640623703E1
7.156283548E2,-4.879901640E1
7.157336894E2,-5.335413256E1
7.158399764E2,-5.401017688E1
7.159449902E2,-5.293578110E1
7.160503936E2,-5.365588796E1
7.161568041E2,-5.111698192E1
7.162617020E2,-5.172120105E1
7.163669953E2,-5.314400091E1
7.164711645E2,-5.034275503E1
7.165768555E2,-5.094628284E1
7.166784020E2,-4.839001760E1
7.167836173E2,-5.151702394E1
7.168849437E2,-5.219422533E1
7.169913064E2,-5.252344101E1
7.170976474E2,-5.137469192E1
7.172040407E2,-4.856507063E1
7.173078689E2,-4.718799752E1
7.174117737E2,-4.431258285E1
7.175181693E2,-3.449156757E1
7.176245136E2,-3.943943807E1
7.177284862E2,-4.374686829E1
7.178303528E2,-5.081293798E1
7.179361217E2,-5.272708463E1
7.180417740E2,-5.428207417E1
7.181452464E2,-5.505982554E1
7.182515527E2,-5.399790425E1
7.183572440E2,-5.379746543E1
7.184619170E2,-5.452713112E1
7.185681431E2,-5.446024293E1
7.186738599E2,-5.232646220E1
7.187785500E2,-5.510738090E1
7.188810233E2,-5.359742935E1
7.189868191E2,-5.341817703E1
7.190915584E2,-5.308927978E1
7.191976992E2,-4.375703475E1
7.193034587E2,-3.886991817E1
7.194075099E2,-4.948357194E1
7.195118257E2,-4.153701709E1
7.196127462E2,-4.599908523E1
7.197164454E2,-5.081087310E1
7.198221800E2,-4.929954439E1
7.199282306E2,-5.170490596E1
7.200347045E2,-4.953813215E1
7.201356490E2,-5.380598069E1
7.202421021E2,-5.160211247E1
7.203453243E2,-5.283320800E1
7.204515923E2,-5.323339786E1
7.205539077E2,-5.323754595E1
7.206602519E2,-5.285974390E1
7.207621003E2,-5.153690242E1
7.208648776E2,-5.006403614E1
7.209711491E2,-4.936051791E1
7.210774686E2,-4.473806673E1
7.211787527E2,-4.897823172E1
7.212851043E2,-5.210525364E1
7.213914025E2,-5.320664627E1
7.214976454E2,-5.225906392E1
7.216038452E2,-5.333219934E1
7.217096995E2,-5.214159665E1
7.218121466E2,-5.226628680E1
7.219184232E2,-5.333898955E1
7.220246465E2,-5.351118829E1
7.221287302E2,-5.332006357E1
7.222294189E2,-5.215972752E1
7.223357141E2,-5.004570161E1
7.224385752E2,-5.355574644E1
7.225439945E2,-5.181204053E1
7.226455001E2,-5.265541785E1
7.227513986E2,-5.193964818E1
7.228575042E2,-5.246471473E1
7.229622247E2,-5.287887261E1
7.230684662E2,-4.188247610E1
7.231742686E2,-3.941627660E1
7.232789518E2,-4.509990238E1
7.233814134E2,-4.574982683E1
7.234870812E2,-5.253429839E1
7.235934274E2,-5.328266014E1
7.236976288E2,-4.916806671E1
7.238039393E2,-4.213990742E1
7.239099283E2,-4.695865140E1
7.240122905E2,-4.078346664E1
7.241186673E2,-4.707220502E1
7.242249758E2,-4.824977070E1
7.243289698E2,-4.736544236E1
7.244352765E2,-4.306073541E1
7.245416512E2,-4.899343378E1
7.246456468E2,-3.797569427E1
7.247519337E2,-3.931415191E1
7.248582203E2,-4.853466022E1
7.249623532E2,-4.249146372E1
7.250651942E2,-4.703003296E1
7.251712830E2,-5.149233342E1
7.252756312E2,-4.767293988E1
7.253789149E2,-4.990651485E1
7.254798348E2,-4.655116760E1
7.255817390E2,-4.283908239E1
7.256874960E2,-5.257608448E1
7.257935726E2,-5.282651201E1
7.258976364E2,-5.289088766E1
7.260015856E2,-5.393145292E1
7.261063794E2,-5.447305223E1
7.262124673E2,-4.926460216E1
7.263187270E2,-4.964217705E1
7.264250890E2,-5.117291494E1
7.265289847E2,-4.741581341E1
7.266299334E2,-4.539565428E1
7.267328151E2,-4.945900205E1
7.268391131E2,-5.102846792E1
7.269452292E2,-5.232330748E1
7.270458660E2,-4.905588460E1
7.271522444E2,-5.438323803E1
7.272586647E2,-5.305875386E1
7.273624581E2,-5.343444576E1
7.274633225E2,-5.462673005E1
7.275696691E2,-5.121642976E1
7.276729461E2,-4.548436259E1
7.277787138E2,-4.412586213E1
7.278805974E2,-4.615258283E1
7.279868644E2,-4.576426487E1
7.280905854E2,-4.343314651E1
7.281959590E2,-4.877697288E1
7.283022935E2,-4.690587668E1
7.284085665E2,-4.901474751E1
7.285125275E2,-5.133337461E1
7.286147320E2,-3.817155424E1
7.287210704E2,-4.932152300E1
7.288274174E2,-4.171495307E1
7.289326080E2,-4.764464474E1
7.290385903E2,-5.277626921E1
7.291449083E2,-3.333571200E1
7.292468152E2,-4.755514659E1
7.293531580E2,-4.987841094E1
7.294559548E2,-5.206254436E1
7.295626552E2,-5.494262472E1
7.296687579E2,-4.043479873E1
7.297750625E2,-3.815061439E1
7.298794036E2,-4.076336870E1
7.299844282E2,-5.034811278E1
7.300909036E2,-5.514213068E1
7.301960940E2,-4.600518108E1
7.303024450E2,-5.388524454E1
7.304087628E2,-5.180749988E1
7.305128380E2,-4.710398393E1
7.306148639E2,-4.699722040E1
7.307212588E2,-4.977875873E1
7.308277032E2,-4.936418067E1
7.309293329E2,-5.072526265E1
7.310302507E2,-5.126119270E1
7.311365408E2,-5.205899213E1
7.312404800E2,-4.057188505E1
7.313457187E2,-4.981954478E1
7.314519959E2,-5.348753912E1
7.315581307E2,-2.949127549E1
7.316628570E2,-4.054956307E1
7.317688188E2,-4.230735894E1
7.318751227E2,-3.591839852E1
7.319795754E2,-3.738045452E1
7.320860162E2,-4.637161174E1
7.321879659E2,-4.657840523E1
7.322905960E2,-4.164144306E1
7.323962521E2,-4.596454082E1
7.325020240E2,-4.811669147E1
7.326079167E2,-4.078534999E1
7.327129608E2,-4.065481490E1
7.328192827E2,-4.350087862E1
7.329254979E2,-4.119971974E1
7.330296857E2,-4.350884267E1
7.331360958E2,-4.034119164E1
7.332424134E2,-4.563032499E1
7.333463822E2,-5.329154468E1
7.334526015E2,-3.952875582E1
7.335588550E2,-4.035746998E1
7.336630186E2,-4.179018758E1
7.337693570E2,-4.886354324E1
7.338756862E2,-4.530571798E1
7.339797576E2,-4.824212204E1
7.340861766E2,-5.093333469E1
7.341923929E2,-5.379843527E1
7.342972595E2,-5.192481999E1
7.344023077E2,-5.345729751E1
7.345064772E2,-3.903015618E1
7.346126282E2,-4.576568247E1
7.347183187E2,-4.381044016E1
7.348207217E2,-4.616767450E1
7.349270086E2,-4.034959103E1
7.350297997E2,-4.495793982E1
7.351361955E2,-3.973418665E1
7.352380810E2,-3.768302717E1
7.353437014E2,-3.839428248E1
7.354464597E2,-4.439627268E1
7.355527893E2,-4.488793211E1
7.356591728E2,-4.809165276E1
7.357631927E2,-4.154608100E1
7.358695083E2,-4.812892664E1
7.359757840E2,-3.409639774E1
7.360799065E2,-4.706657413E1
7.361862073E2,-4.305609259E1
7.362919615E2,-4.279587299E1
7.363973533E2,-4.501673084E1
7.365011078E2,-5.022983942E1
7.366074721E2,-5.335030479E1
7.367133293E2,-5.307701657E1
7.368196975E2,-5.256177979E1
7.369259697E2,-5.364335777E1
7.370299070E2,-5.052075829E1
7.371362220E2,-4.735460122E1
7.372410440E2,-5.544320976E1
7.373465915E2,-5.229091621E1
7.374529568E2,-5.279536284E1
7.375592356E2,-5.301475590E1
7.376633257E2,-5.246917707E1
7.377681419E2,-5.453601796E1
7.378696149E2,-5.241945652E1
7.379758856E2,-5.263712782E1
7.380800981E2,-5.461330823E1
7.381864926E2,-5.318888270E1
7.382891294E2,-4.990398707E1
7.383949680E2,-5.065755590E1
7.384967945E2,-5.269539181E1
7.385999826E2,-5.073147524E1
7.387057532E2,-5.302047183E1
7.388120618E2,-5.134739787E1
7.389134269E2,-4.962426805E1
7.390148787E2,-5.096818981E1
7.391179128E2,-5.156947416E1
7.392242530E2,-5.027337493E1
7.393301197E2,-4.953339614E1
7.394325945E2,-4.927332569E1
7.395351383E2,-5.079736546E1
7.396406513E2,-4.898114824E1
7.397450289E2,-5.007165888E1
7.398499430E2,-5.101292331E1
7.399557316E2,-5.274731848E1
7.400572901E2,-5.063948479E1
7.401635306E2,-5.032725832E1
7.402653962E2,-4.929561041E1
7.403710903E2,-5.133399538E1
7.404773870E2,-5.178209767E1
7.405823492E2,-5.111820696E1
7.406881755E2,-4.958658757E1
7.407944352E2,-4.973072447E1
7.408969294E2,-5.216584037E1
7.410016701E2,-5.223824153E1
7.411079847E2,-5.362153197E1
7.412136165E2,-5.387901994E1
7.413199874E2,-5.314296756E1
7.414263504E2,-5.429222699E1
7.415302900E2,-5.418916574E1
7.416366423E2,-5.423625562E1
7.417429382E2,-4.989362118E1
7.418469460E2,-5.200368093E1
7.419505627E2,-5.337900913E1
7.420569140E2,-4.693089625E1
7.421631634E2,-4.817499119E1
7.422694486E2,-5.451174488E1
7.423757306E2,-4.794190531E1
7.424803462E2,-4.670596220E1
7.425866193E2,-4.593707576E1
7.426928816E2,-4.555963890E1
7.427970904E2,-4.561215790E1
7.429033867E2,-5.406414922E1
7.430071397E2,-5.379088338E1
7.431132133E2,-5.430379020E1
7.432195830E2,-5.365852319E1
7.433259651E2,-5.458356251E1
7.434303773E2,-5.360945762E1
7.435312237E2,-5.374671910E1
7.436369601E2,-5.396767206E1
7.437411608E2,-5.411118117E1
7.438470888E2,-5.332909592E1
7.439478997E2,-4.537393374E1
7.440528228E2,-4.403350727E1
7.441591674E2,-4.849326541E1
7.442637212E2,-5.415183290E1
7.443652087E2,-5.392364315E1
7.444715334E2,-5.447721013E1
7.445777918E2,-5.297055714E1
7.446806449E2,-5.420940323E1
7.447858440E2,-5.252547420E1
7.448915947E2,-5.287323055E1
7.449972869E2,-5.277907677E1
7.450997948E2,-5.291545840E1
7.452062587E2,-5.228742483E1
7.453114773E2,-5.486597823E1
7.454139087E2,-5.476393391E1
7.455202937E2,-5.481614835E1
7.456266363E2,-5.401126936E1
7.457307014E2,-5.401226991E1
7.458369658E2,-5.284868807E1
7.459432095E2,-5.135393665E1
7.460473724E2,-5.480521473E1
7.461536926E2,-5.249972529E1
7.462600405E2,-5.383029868E1
7.463639657E2,-5.524368622E1
7.464684127E2,-3.636202350E1
7.465747415E2,-4.039278614E1
7.466807108E2,-3.825840833E1
7.467870200E2,-4.295632217E1
7.468888276E2,-4.484527561E1
7.469906508E2,-4.810260742E1
7.470969216E2,-4.789654751E1
7.472032040E2,-4.236125942E1
7.473092527E2,-3.957376612E1
7.474140456E2,-4.295405695E1
7.475183680E2,-4.428321028E1
7.476245301E2,-4.630927989E1
7.477302950E2,-5.223175950E1
7.478365855E2,-5.408381335E1
7.479395326E2,-5.491091063E1
7.480447053E2,-4.153678482E1
7.481474956E2,-4.082196912E1
7.482505489E2,-4.188285353E1
7.483532680E2,-4.618782838E1
7.484594504E2,-4.438128538E1
7.485641161E2,-4.813556860E1
7.486704674E2,-4.371292179E1
7.487767510E2,-4.428949108E1
7.488807346E2,-4.602579040E1
7.489816600E2,-4.616254129E1
7.490880596E2,-4.722642071E1
7.491919865E2,-4.928038781E1
7.492974500E2,-5.023901361E1
7.493983406E2,-4.359259056E1
7.495046717E2,-4.604636363E1
7.496109883E2,-4.853522106E1
7.497143170E2,-4.689382522E1
7.498203281E2,-4.923111258E1
7.499224233E2,-4.107191170E1
7.500239264E2,-4.633456498E1
7.501297439E2,-4.591185208E1
7.502317245E2,-4.195097014E1
7.503372933E2,-4.672638483E1
7.504412144E2,-4.737759277E1
7.505468450E2,-4.668870520E1
7.506483960E2,-5.040156511E1
7.507547068E2,-4.651197437E1
7.508610293E2,-4.745688094E1
7.509643550E2,-4.002265695E1
7.510706988E2,-4.690710855E1
7.511770369E2,-4.377856418E1
7.512810241E2,-4.287522420E1
7.513849230E2,-4.519681033E1
7.514909272E2,-4.483798531E1
7.515972556E2,-5.156109657E1
7.517036072E2,-4.753334816E1
7.518101144E2,-5.098016484E1
7.519144607E2,-5.330578872E1
7.520209057E2,-5.411096620E1
7.521240453E2,-5.410069195E1
7.522302130E2,-5.315297348E1
7.523311112E2,-5.050674394E1
7.524374523E2,-5.306573144E1
7.525437509E2,-5.304838970E1
7.526477617E2,-4.997436419E1
7.527513904E2,-5.140563680E1
7.528571241E2,-5.177365255E1
7.529593432E2,-5.204499813E1
7.530645535E2,-5.334434580E1
7.531709633E2,-4.817525109E1
7.532773144E2,-4.521633542E1
7.533811983E2,-4.778373665E1
7.534870403E2,-4.626334390E1
7.535932718E2,-5.195356738E1
7.536978398E2,-4.739302683E1
7.538041940E2,-4.796102116E1
7.539057947E2,-5.438858431E1
7.540122216E2,-5.301579372E1
7.541146002E2,-5.501756349E1
7.542209973E2,-5.325191732E1
7.543273447E2,-5.131127456E1
7.544320159E2,-5.276408409E1
7.545383560E2,-5.264774871E1
7.546439016E2,-5.327630884E1
7.547479927E2,-5.509204033E1
7.548542263E2,-5.395992420E1
7.549604343E2,-3.974673184E1
7.550646746E2,-4.097199548E1
7.551709921E2,-4.495263206E1
7.552755790E2,-4.629382405E1
7.553812267E2,-3.709651100E1
7.554839843E2,-3.887827065E1
7.555903651E2,-4.590228896E1
7.556939987E2,-4.724891976E1
7.557980817E2,-4.443880772E1
7.559043417E2,-3.463729466E1
7.560084188E2,-3.601378142E1
7.561140822E2,-3.751398956E1
7.562155035E2,-3.911683916E1
7.563218677E2,-4.663159183E1
7.564281863E2,-4.803353215E1
7.565313727E2,-5.340613897E1
7.566326097E2,-5.353321496E1
7.567389115E2,-4.622258090E1
7.568444909E2,-4.857810348E1
7.569480319E2,-3.861136313E1
7.570515938E2,-4.894323630E1
7.571556346E2,-4.398088999E1
7.572573107E2,-4.700742957E1
7.573635867E2,-3.887524445E1
7.574655797E2,-4.002843685E1
7.575686842E2,-4.273123952E1
7.576743407E2,-4.318983987E1
7.577806783E2,-4.236445335E1
7.578822752E2,-4.248128084E1
7.579895240E2,-3.944505187E1
7.580919705E2,-4.371415804E1
7.581982570E2,-4.383636218E1
7.583052430E2,-4.684260219E1
7.584115334E2,-4.366714792E1
7.585148980E2,-4.561805569E1
7.586173790E2,-4.800502152E1
7.587232658E2,-4.817859169E1
7.588296063E2,-4.751372054E1
7.589316081E2,-5.278012725E1
7.590379792E2,-4.434384720E1
7.591422203E2,-5.188474190E1
7.592478310E2,-5.025123117E1
7.593541000E2,-5.131044007E1
7.594604575E2,-4.984426970E1
7.595649652E2,-4.723050790E1
7.596712738E2,-4.713245054E1
7.597771284E2,-4.943250871E1
7.598816771E2,-4.991854424E1
7.599880112E2,-5.270172506E1
7.600944141E2,-5.074736128E1
7.601984560E2,-5.181311308E1
7.603023885E2,-5.259385567E1
7.604045639E2,-5.227578003E1
7.605108867E2,-5.452063698E1
7.606150875E2,-5.331974671E1
7.607213787E2,-5.246774421E1
7.608271106E2,-5.454299817E1
7.609317605E2,-4.828926233E1
7.610380268E2,-4.112468701E1
7.611412614E2,-4.297189109E1
7.612475301E2,-4.625760201E1
7.613508777E2,-4.482160528E1
7.614565502E2,-4.331502381E1
7.615628798E2,-4.975147347E1
7.616650032E2,-5.179614013E1
7.617680068E2,-4.736183278E1
7.618743262E2,-4.509848216E1
7.619765609E2,-4.351083843E1
7.620818031E2,-4.144027995E1
7.621826646E2,-4.927491774E1
7.622850289E2,-4.666143992E1
7.623912350E2,-5.015885632E1
7.624969430E2,-5.250345447E1
7.625985384E2,-5.335891810E1
7.627049128E2,-5.277564888E1
7.628071833E2,-5.298373767E1
7.629129548E2,-3.947016940E1
7.630153820E2,-3.942750148E1
7.631193398E2,-4.144576120E1
7.632216862E2,-5.345903354E1
7.633238075E2,-5.215373206E1
7.634294840E2,-3.846645267E1
7.635319466E2,-3.584976097E1
7.636352088E2,-4.015765716E1
7.637382087E2,-3.566460550E1
7.638436716E2,-3.820854202E1
7.639486632E2,-3.914076070E1
7.640550749E2,-4.744019845E1
7.641566701E2,-3.918877874E1
7.642627593E2,-4.423948930E1
7.643653158E2,-4.350097195E1
7.644715822E2,-4.999543160E1
7.645777773E2,-4.273098957E1
7.646820631E2,-3.578366114E1
7.647864508E2,-4.657649132E1
7.648871760E2,-4.915939221E1
7.649892848E2,-4.134808514E1
7.650951794E2,-4.543305845E1
7.651988023E2,-4.443345402E1
7.653050719E2,-4.658866580E1
7.654065802E2,-4.716879824E1
7.655129534E2,-4.344850351E1
7.656154581E2,-4.222592362E1
7.657195012E2,-4.517761384E1
7.658205822E2,-4.837480419E1
7.659270597E2,-5.147727544E1
7.660321506E2,-5.161153746E1
7.661360525E2,-5.219878192E1
7.662406033E2,-5.455071481E1
7.663425367E2,-5.306129586E1
7.664483699E2,-5.313155612E1
7.665547405E2,-5.152020505E1
7.666606330E2,-5.181934188E1
7.667655266E2,-5.128550987E1
7.668689432E2,-5.502445024E1
7.669749835E2,-5.358734774E1
7.670813460E2,-5.313011781E1
7.671857117E2,-5.358699050E1
7.672919199E2,-5.388293733E1
7.673975508E2,-5.231302810E1
7.674989229E2,-5.240347996E1
7.676052255E2,-5.305049842E1
7.677088627E2,-5.364880350E1
7.678144952E2,-5.234231866E1
7.679206964E2,-4.445244923E1
7.680270999E2,-4.781675252E1
7.681321637E2,-4.321752692E1
7.682330730E2,-4.692265957E1
7.683393981E2,-4.734237042E1
7.684450535E2,-4.895463089E1
7.685488862E2,-4.773714973E1
7.686497644E2,-4.542659820E1
7.687560023E2,-4.687969968E1
7.688623278E2,-4.783844076E1
7.689675578E2,-5.040886121E1
7.690734091E2,-4.837919428E1
7.691797267E2,-4.929957490E1
7.692824667E2,-5.335862134E1
7.693851574E2,-4.038453282E1
7.694914585E2,-4.285762280E1
7.695968922E2,-4.100462991E1
7.696990659E2,-4.397383567E1
7.698010519E2,-4.997046288E1
7.699074444E2,-5.310552681E1
7.700138307E2,-5.359922384E1
7.701157931E2,-4.986834554E1
7.702220593E2,-4.128446278E1
7.703239263E2,-4.147888582E1
7.704302724E2,-5.187293579E1
7.705355602E2,-5.255703172E1
7.706412479E2,-4.809871501E1
7.707475350E2,-5.272278144E1
7.708490086E2,-5.227939050E1
7.709499991E2,-4.875138455E1
7.710564100E2,-5.220239906E1
7.711628179E2,-5.298198721E1
7.712658336E2,-5.188575296E1
7.713716605E2,-5.373014811E1
7.714730122E2,-5.299803771E1
7.715793120E2,-5.272318916E1
7.716856827E2,-5.403513523E1
7.717915910E2,-5.286633131E1
7.718977270E2,-5.244195880E1
7.719993470E2,-5.323430369E1
7.721029708E2,-5.352955082E1
7.722085370E2,-5.267105433E1
7.723148643E2,-5.448327840E1
7.724166057E2,-5.316983643E1
7.725223100E2,-5.229248508E1
7.726285881E2,-5.307532164E1
7.727325868E2,-5.363387006E1
7.728377363E2,-3.900453809E1
7.729434556E2,-4.947386556E1
7.730493410E2,-5.205495821E1
7.731510115E2,-5.422044532E1
7.732519035E2,-5.545833128E1
7.733575228E2,-5.439491754E1
7.734629172E2,-5.475610403E1
7.735659920E2,-5.383731241E1
7.736668338E2,-4.165424989E1
7.737731130E2,-3.523621726E1
7.738764930E2,-4.280966484E1
7.739826408E2,-4.426134928E1
7.740884345E2,-4.465856591E1
7.741921958E2,-4.474817257E1
7.742975737E2,-4.800272528E1
7.743993876E2,-5.050888943E1
7.745053820E2,-4.294786443E1
7.746117488E2,-4.828751052E1
7.747161425E2,-4.588739008E1
7.748224099E2,-4.848007406E1
7.749280311E2,-4.882871101E1
7.750328437E2,-5.123170883E1
7.751391232E2,-5.406861644E1
7.752411419E2,-5.110111309E1
7.753474250E2,-5.410092709E1
7.754495484E2,-5.428808170E1
7.755558907E2,-5.293997366E1
7.756580098E2,-5.225502153E1
7.757627878E2,-5.280221710E1
7.758662082E2,-5.400431926E1
7.759725258E2,-5.409091306E1
7.760788421E2,-5.524044867E1
7.761829089E2,-5.450364277E1
7.762870652E2,-5.250355775E1
7.763924602E2,-5.522740610E1
7.764976779E2,-5.508210973E1
7.765995890E2,-5.411821030E1
7.767060118E2,-5.324332556E1
7.768122238E2,-5.218652417E1
7.769163854E2,-5.458493250E1
7.770227797E2,-5.153480402E1
7.771291226E2,-5.289927138E1
7.772337418E2,-5.371495407E1
7.773395025E2,-5.214068836E1
7.774438677E2,-5.444765927E1
7.775496666E2,-5.239372836E1
7.776555583E2,-5.298119103E1
7.777612546E2,-5.372088854E1
7.778663738E2,-5.348099818E1
7.779698484E2,-5.443414984E1
7.780761767E2,-5.332757583E1
7.781778063E2,-4.779916607E1
7.782830570E2,-4.910483962E1
7.783883232E2,-5.272692683E1
7.784946226E2,-5.251562035E1
7.785997671E2,-5.305921411E1
7.787041515E2,-5.174639122E1
7.788101414E2,-5.029785728E1
7.789160850E2,-5.425290635E1
7.790224458E2,-5.235711274E1
7.791284804E2,-5.314877598E1
7.792331643E2,-5.385937342E1
7.793393477E2,-5.327099887E1
7.794449065E2,-5.386906281E1
7.795498132E2,-5.402619399E1
7.796561542E2,-5.205011677E1
7.797624965E2,-5.235433950E1
7.798664500E2,-5.187009320E1
7.799673128E2,-5.488564409E1
7.800736357E2,-5.370591388E1
7.801778974E2,-5.410911460E1
7.802832013E2,-5.295028247E1
7.803895640E2,-5.344698329E1
7.804929782E2,-5.481542906E1
7.805976747E2,-5.487192515E1
7.806999169E2,-4.585162713E1
7.808062743E2,-4.113636599E1
7.809125009E2,-4.847520083E1
7.810166354E2,-4.671809958E1
7.811230188E2,-4.681961751E1
7.812293365E2,-5.182481665E1
7.813331398E2,-5.374674054E1
7.814340857E2,-5.390019061E1
7.815403833E2,-5.179639226E1
7.816466566E2,-5.250246351E1
7.817498712E2,-5.243798443E1
7.818508290E2,-5.489224188E1
7.819571980E2,-5.352460788E1
7.820634782E2,-5.514311786E1
7.821665960E2,-5.379912841E1
7.822706565E2,-5.316626890E1
7.823769036E2,-5.496373890E1
7.824825434E2,-5.360318507E1
7.825864653E2,-5.384636511E1
7.826926999E2,-5.373940339E1
7.827976760E2,-5.271307933E1
7.829001014E2,-5.346007897E1
7.830064214E2,-5.359282309E1
7.831127438E2,-5.384718236E1
7.832168008E2,-5.370761073E1
7.833185622E2,-5.493107174E1
7.834249055E2,-5.433043651E1
7.835307322E2,-5.299057840E1
7.836364636E2,-5.241931654E1
7.837420812E2,-5.508315922E1
7.838484138E2,-5.409844714E1
7.839501609E2,-5.142558744E1
7.840565592E2,-5.415097278E1
7.841628844E2,-5.433139796E1
7.842669078E2,-5.429271981E1
7.843731640E2,-5.460401593E1
7.844793210E2,-5.326088945E1
7.845835380E2,-5.335850546E1
7.846898874E2,-5.442789916E1
7.847961964E2,-5.321676866E1
7.849002994E2,-5.484479526E1
7.850067700E2,-5.347091324E1
7.851131485E2,-5.586641926E1
7.852169260E2,-4.979607469E1
7.853195582E2,-5.093686559E1
7.854207796E2,-5.210774785E1
7.855264140E2,-5.228195166E1
7.856326640E2,-5.482756001E1
7.857343317E2,-5.236870621E1
7.858400811E2,-5.383214370E1
7.859458300E2,-5.243609867E1
7.860503093E2,-5.333191641E1
7.861535252E2,-5.252999295E1
7.862593059E2,-5.010209464E1
7.863659130E2,-5.288313885E1
7.864706023E2,-5.402000293E1
7.865768015E2,-5.490313395E1
7.866824279E2,-5.402934474E1
7.867844849E2,-5.312302263E1
7.868906456E2,-5.182230124E1
7.869970147E2,-5.392074915E1
7.871004009E2,-5.387585015E1
7.872067788E2,-5.311159429E1
7.873100508E2,-5.254510142E1
7.874122930E2,-5.294712293E1
7.875171021E2,-5.194016483E1
7.876233793E2,-4.943321440E1
7.877297417E2,-5.189664846E1
7.878338561E2,-5.418111474E1
7.879403301E2,-5.541358886E1
7.880459932E2,-5.379568475E1
7.881505050E2,-5.288698187E1
7.882536841E2,-5.356310475E1
7.883598924E2,-5.483558339E1
7.884660622E2,-5.381616037E1
7.885671828E2,-5.336689435E1
7.886733983E2,-5.296195759E1
7.887794082E2,-5.328386342E1
7.888839396E2,-5.253425173E1
7.889903451E2,-5.313387157E1
7.890967130E2,-5.217941476E1
7.892005129E2,-5.338394657E1
7.893013632E2,-5.301798681E1
7.894077304E2,-5.415245387E1
7.895141084E2,-5.311865404E1
7.896174817E2,-5.199623292E1
7.897231130E2,-5.383167218E1
7.898295569E2,-5.309141527E1
7.899339473E2,-5.347210384E1
7.900401114E2,-5.377854931E1
7.901454972E2,-5.510453792E1
7.902506339E2,-5.486678361E1
7.903557764E2,-5.288926316E1
7.904572887E2,-5.301436559E1
7.905610717E2,-5.380584458E1
7.906673637E2,-5.385482285E1
7.907736656E2,-5.294311080E1
7.908799633E2,-5.276532059E1
7.909840248E2,-5.394706883E1
7.910903062E2,-5.268736332E1
7.911966240E2,-5.278099884E1
7.913007199E2,-5.254536550E1
7.914070736E2,-5.293541217E1
7.915111727E2,-5.342727242E1
7.916174072E2,-5.387488596E1
7.917216363E2,-5.257714413E1
7.918279483E2,-5.288897867E1
7.919340701E2,-5.201840127E1
7.920403877E2,-5.397677719E1
7.921467415E2,-5.497142380E1
7.922526976E2,-5.485101894E1
7.923590390E2,-5.431961834E1
7.924652736E2,-5.437669628E1
7.925674961E2,-5.225172830E1
7.926738315E2,-5.409920047E1
7.927800970E2,-5.380784778E1
7.928842128E2,-5.393805316E1
7.929906690E2,-5.518865706E1
7.930970930E2,-5.528510050E1
7.932009274E2,-5.289126352E1
7.933037070E2,-5.294913935E1
7.934053348E2,-5.356586365E1
7.935110307E2,-5.242634601E1
7.936171467E2,-5.206462410E1
7.937234492E2,-5.502709950E1
7.938298152E2,-5.379442583E1
7.939342651E2,-5.363417189E1
7.940405955E2,-5.256274822E1
7.941468575E2,-5.426210102E1
7.942529877E2,-5.408250379E1
7.943586172E2,-4.229383002E1
7.944601112E2,-3.998504000E1
7.945667016E2,-4.681555456E1
7.946676414E2,-4.633833635E1
7.947739332E2,-4.617362459E1
7.948775507E2,-5.080126913E1
7.949838288E2,-4.712837629E1
7.950898459E2,-5.276204800E1
7.951947710E2,-5.208428119E1
7.953010157E2,-5.109277546E1
7.954066471E2,-4.287094957E1
7.955124536E2,-5.138956651E1
7.956177432E2,-4.928859172E1
7.957241886E2,-5.147017345E1
7.958305117E2,-5.198389413E1
7.959362533E2,-5.159764931E1
7.960418464E2,-5.589792987E1
7.961481458E2,-5.389841272E1
7.962544993E2,-5.237333025E1
7.963607381E2,-5.185729235E1
7.964663942E2,-5.139016154E1
7.965678112E2,-5.165186127E1
7.966702323E2,-4.213605739E1
7.967762707E2,-4.879982440E1
7.968826544E2,-4.511416147E1
7.969843619E2,-4.432270096E1
7.970901019E2,-4.806770726E1
7.971965218E2,-5.069524184E1
7.973011808E2,-5.495349964E1
7.974058862E2,-5.401419783E1
7.975115290E2,-5.296140466E1
7.976173974E2,-5.364807993E1
7.977237075E2,-5.463613909E1
7.978258379E2,-5.420676778E1
7.979269282E2,-5.287162596E1
7.980334142E2,-5.327744156E1
7.981353378E2,-5.410622692E1
7.982415845E2,-5.433142713E1
7.983478256E2,-5.294785656E1
7.984513083E2,-5.330061735E1
7.985575275E2,-5.238631218E1
7.986638735E2,-5.363583362E1
7.987681962E2,-5.275800553E1
7.988740546E2,-4.945338278E1
7.989804521E2,-5.150571273E1
7.990847153E2,-4.721092007E1
7.991909235E2,-4.357448705E1
7.992967259E2,-5.153367000E1
7.994014012E2,-5.369633479E1
7.995077529E2,-4.672385196E1
7.996098910E2,-3.666066662E1
7.997156562E2,-4.415587664E1
7.998181494E2,-4.745813668E1
7.999207796E2,-5.148863443E1
8.000235492E2,-5.308383402E1
8.001298856E2,-5.194362619E1
8.002347846E2,-4.750433588E1
8.003388830E2,-5.059202040E1
8.004451742E2,-5.091821161E1
8.005514260E2,-4.134740836E1
8.006577056E2,-4.485734298E1
8.007638769E2,-4.965859478E1
8.008681595E2,-4.823105166E1
8.009744743E2,-5.103216658E1
8.010773126E2,-4.611693420E1
8.011832348E2,-4.774627075E1
8.012848250E2,-4.931920985E1
8.013912014E2,-4.560887898E1
8.014975475E2,-4.181811156E1
8.016013624E2,-5.215534835E1
8.017022868E2,-5.188201220E1
8.018078660E2,-5.025696738E1
8.019140976E2,-5.126676339E1
8.020182296E2,-5.197379380E1
8.021213940E2,-5.308829782E1
8.022270558E2,-5.337053455E1
8.023333306E2,-5.438512527E1
8.024348999E2,-5.474508694E1
8.025367268E2,-5.339953224E1
8.026387588E2,-5.368361693E1
8.027440859E2,-5.255203092E1
8.028505662E2,-5.275593686E1
8.029523732E2,-5.291895288E1
8.030586682E2,-5.336556952E1
8.031621625E2,-5.426388528E1
8.032678872E2,-5.405748596E1
8.033741437E2,-4.621029315E1
8.034804554E2,-4.409951976E1
8.035849556E2,-4.442820547E1
8.036893182E2,-4.476416172E1
8.037951835E2,-5.405170207E1
8.039012147E2,-5.432694524E1
8.040076102E2,-5.244170309E1
8.041139112E2,-5.200055313E1
8.042183492E2,-4.891443959E1
8.043247518E2,-4.987050943E1
8.044311138E2,-5.255677536E1
8.045349425E2,-5.130013414E1
8.046358906E2,-5.139695987E1
8.047421728E2,-5.213812352E1
8.048451365E2,-5.293595701E1
8.049508805E2,-5.383855756E1
8.050525399E2,-4.977887917E1
8.051548032E2,-4.753727616E1
8.052611432E2,-5.025532079E1
8.053673802E2,-4.792027097E1
8.054737024E2,-5.162117076E1
8.055754413E2,-5.517157183E1
8.056818744E2,-5.327339501E1
8.057852310E2,-5.316568669E1
8.058915792E2,-5.251434272E1
8.059949907E2,-5.362079238E1
8.060976626E2,-5.108152755E1
8.062019364E2,-5.155967051E1
8.063038644E2,-5.360005221E1
8.064095199E2,-5.174647526E1
8.065157761E2,-5.046497923E1
8.066184383E2,-5.096421181E1
8.067240351E2,-5.033899027E1
8.068305474E2,-5.095612153E1
8.069352277E2,-5.171338255E1
8.070413916E2,-4.884300551E1
8.071456266E2,-4.930383432E1
8.072514580E2,-5.253532946E1
8.073539898E2,-4.854910356E1
8.074603467E2,-4.858583538E1
8.075623596E2,-5.173593177E1
8.076686141E2,-5.356439156E1
8.077739938E2,-5.226733019E1
8.078755122E2,-5.392902272E1
8.079813168E2,-5.258870134E1
8.080853049E2,-5.354007213E1
8.081916322E2,-5.334790903E1
8.082976615E2,-5.279936335E1
8.084020098E2,-5.292751258E1
8.085050733E2,-5.399755925E1
8.086114544E2,-5.338466406E1
8.087178196E2,-5.329067175E1
8.088241409E2,-5.459447850E1
8.089304295E2,-5.320315820E1
8.090354053E2,-5.353861068E1
8.091383591E2,-5.230718930E1
8.092445998E2,-5.211672131E1
8.093509281E2,-4.402005478E1
8.094539869E2,-3.812667954E1
8.095602735E2,-4.161938619E1
8.096662711E2,-4.708622005E1
8.097687843E2,-4.654554536E1
8.098699383E2,-4.852527954E1
8.099715104E2,-4.777820978E1
8.100775572E2,-5.353204819E1
8.101838393E2,-5.405468689E1
8.102855236E2,-5.332319548E1
8.103873350E2,-5.413421556E1
8.104936123E2,-5.661102871E1
8.105976422E2,-5.431764985E1
8.107021901E2,-4.910915200E1
8.108040462E2,-4.454255680E1
8.109098770E2,-4.729085716E1
8.110161479E2,-4.704172478E1
8.111189222E2,-4.404919955E1
8.112213464E2,-4.772281518E1
8.113264877E2,-4.398695532E1
8.114328399E2,-3.802731338E1
8.115355872E2,-4.341640583E1
8.116418441E2,-4.312744248E1
8.117480667E2,-4.415526801E1
8.118522915E2,-4.742498832E1
8.119586367E2,-4.721136257E1
8.120619315E2,-4.986853043E1
8.121681603E2,-4.680400159E1
8.122709682E2,-5.054607678E1
8.123772846E2,-5.290858251E1
8.124835817E2,-5.268982495E1
8.125856672E2,-5.390558679E1
8.126917351E2,-5.476640584E1
8.127977105E2,-5.384187645E1
8.129023586E2,-5.229521780E1
8.130050228E2,-4.438664599E1
8.131111132E2,-3.122128942E1
8.132174134E2,-3.069341806E1
8.133190654E2,-3.472815272E1
8.134209684E2,-4.379180436E1
8.135241462E2,-4.495465801E1
8.136305380E2,-4.951857089E1
8.137357904E2,-5.229983551E1
8.138383089E2,-5.201678303E1
8.139439682E2,-5.309176802E1
8.140501967E2,-5.477580235E1
8.141525058E2,-4.378404862E1
8.142551056E2,-4.316750256E1
8.143614412E2,-3.955698069E1
8.144677414E2,-3.699176874E1
8.145699607E2,-4.449598888E1
8.146762928E2,-3.847606802E1
8.147795537E2,-4.503184485E1
8.148858514E2,-4.569844677E1
8.149911607E2,-4.594087663E1
8.150975511E2,-4.980694040E1
8.152023865E2,-5.308130343E1
8.153033072E2,-5.297947899E1
8.154096758E2,-3.927458144E1
8.155160113E2,-2.766115384E1
8.156211551E2,-3.528755786E1
8.157268527E2,-4.288704020E1
8.158329652E2,-4.383398092E1
8.159359189E2,-4.853477935E1
8.160367137E2,-4.959331999E1
8.161429742E2,-4.861201896E1
8.162462120E2,-4.886741254E1
8.163522323E2,-5.246134403E1
8.164551980E2,-5.202047838E1
8.165567332E2,-5.281159297E1
8.166630257E2,-5.420149891E1
8.167693889E2,-5.257500147E1
8.168739396E2,-5.360796960E1
8.169796934E2,-5.277358105E1
8.170855449E2,-5.409041110E1
8.171918379E2,-5.356547591E1
8.172972682E2,-5.294057933E1
8.174027144E2,-5.349370550E1
8.175090695E2,-5.318805188E1
8.176127729E2,-5.403627305E1
8.177190204E2,-5.368834073E1
8.178202031E2,-5.450209131E1
8.179250950E2,-5.372619608E1
8.180310804E2,-5.352623292E1
8.181361267E2,-5.357109365E1
8.182411579E2,-5.425898727E1
8.183474414E2,-5.093016413E1
8.184528558E2,-5.265474889E1
8.185591497E2,-5.276754899E1
8.186655298E2,-5.437028742E1
8.187695343E2,-5.254123055E1
8.188759630E2,-5.413085245E1
8.189820378E2,-5.153510678E1
8.190861631E2,-5.333347077E1
8.191925013E2,-5.286663307E1
8.192975450E2,-5.433948613E1
8.194028483E2,-5.364107890E1
8.195092131E2,-5.526172982E1
8.196130034E2,-5.284685764E1
8.197189719E2,-5.393470862E1
8.198225270E2,-5.447391663E1
8.199273094E2,-5.379534695E1
8.200336624E2,-5.424384518E1
8.201361457E2,-5.328675732E1
8.202414849E2,-5.262787433E1
8.203478075E2,-5.231351643E1
8.204528870E2,-5.282450619E1
8.205588434E2,-5.329447343E1
8.206613154E2,-5.282512244E1
8.207676206E2,-5.269811442E1
8.208696511E2,-5.249627338E1
8.209723218E2,-5.241653217E1
8.210786722E2,-5.352532629E1
8.211850071E2,-5.284595704E1
8.212863849E2,-5.258910182E1
8.213915076E2,-5.413178574E1
8.214939577E2,-5.156760872E1
8.215976316E2,-5.193334013E1
8.217029817E2,-5.421851857E1
8.218044883E2,-5.173602477E1
8.219107646E2,-5.192879041E1
8.220171163E2,-5.422907527E1
8.221197602E2,-5.385031357E1
8.222260718E2,-5.290695843E1
8.223323827E2,-5.425982835E1
8.224364295E2,-5.519296485E1
8.225427055E2,-5.410864716E1
8.226479289E2,-5.401508856E1
8.227531733E2,-5.417019687E1
8.228596564E2,-5.301453296E1
8.229638758E2,-5.427023643E1
8.230698179E2,-5.402144005E1
8.231739694E2,-5.298467136E1
8.232802544E2,-5.171846870E1
8.233864875E2,-5.347251879E1
8.234893359E2,-5.349237469E1
8.235940321E2,-5.326138092E1
8.236976809E2,-5.500018355E1
8.238030962E2,-5.418967225E1
8.239039750E2,-5.340941098E1
8.240105036E2,-5.292649806E1
8.241168349E2,-5.367118467E1
8.242197606E2,-5.266345577E1
8.243206743E2,-5.279985844E1
8.244270484E2,-5.336868124E1
8.245334089E2,-5.347115636E1
8.246364522E2,-5.389101251E1
8.247375702E2,-5.284741230E1
8.248439883E2,-5.376764609E1
8.249472207E2,-5.404410103E1
8.250532316E2,-5.532876846E1
8.251593147E2,-5.342991714E1
8.252656928E2,-5.268672101E1
8.253700045E2,-5.193785886E1
8.254720787E2,-5.274294484E1
8.255746502E2,-5.415621455E1
8.256810600E2,-5.386759102E1
8.257865310E2,-5.493421165E1
8.258874384E2,-5.331470982E1
8.259936136E2,-5.506471793E1
8.260976447E2,-4.201124974E1
8.262032569E2,-3.564105990E1
8.263042032E2,-4.353606223E1
8.264105477E2,-3.723489074E1
8.265168317E2,-3.901593808E1
8.266199563E2,-4.168655550E1
8.267209713E2,-4.306804890E1
8.268248712E2,-3.824501289E1
8.269314479E2,-4.370345582E1
8.270367339E2,-5.053494148E1
8.271427239E2,-4.820180087E1
8.272489890E2,-4.205012091E1
8.273534441E2,-5.276623332E1
8.274585894E2,-4.960909791E1
8.275649111E2,-4.555655659E1
8.276702663E2,-4.928617414E1
8.277766990E2,-4.541509511E1
8.278829850E2,-5.233189276E1
8.279868560E2,-5.310208820E1
8.280932005E2,-5.359118837E1
8.281976625E2,-5.377526159E1
8.283035465E2,-5.189972478E1
8.284099159E2,-5.317319718E1
8.285122123E2,-5.275040149E1
8.286185067E2,-5.305070922E1
8.287202943E2,-5.397412405E1
8.288266542E2,-5.337508481E1
8.289326628E2,-5.327429217E1
8.290368485E2,-5.345494156E1
8.291377197E2,-4.353834026E1
8.292439541E2,-4.907538403E1
8.293495585E2,-3.710288030E1
8.294536537E2,-4.631776438E1
8.295565258E2,-5.246338604E1
8.296623854E2,-3.850146141E1
8.297680940E2,-4.710000500E1
8.298703220E2,-5.215233276E1
8.299766637E2,-5.363531418E1
8.300817037E2,-5.324294220E1
8.301870495E2,-5.421396783E1
8.302933825E2,-5.398349643E1
8.303976061E2,-5.060895973E1
8.305036987E2,-4.325960367E1
8.306057148E2,-3.163522631E1
8.307115060E2,-3.928759852E1
8.308177867E2,-4.070267393E1
8.309204118E2,-3.159106453E1
8.310234788E2,-3.672519889E1
8.311291960E2,-4.641834124E1
8.312355359E2,-5.029615278E1
8.313370122E2,-5.357414979E1
8.314378542E2,-5.449403860E1
8.315441860E2,-5.343621532E1
8.316505083E2,-5.330715378E1
8.317536625E2,-5.409836447E1
8.318546248E2,-5.153191760E1
8.319609005E2,-5.138710943E1
8.320672665E2,-5.190262484E1
8.321737211E2,-4.837698447E1
8.322752083E2,-4.207015339E1
8.323779457E2,-4.438347221E1
8.324798437E2,-4.585625270E1
8.325858970E2,-4.770264832E1
8.326873106E2,-4.754665201E1
8.327893653E2,-4.206114527E1
8.328950038E2,-5.016150905E1
8.329976604E2,-4.385103029E1
8.331038068E2,-4.476441543E1
8.332046531E2,-5.474372815E1
8.333086393E2,-4.676989988E1
8.334150156E2,-5.236269097E1
8.335205979E2,-4.315404155E1
8.336269595E2,-4.466987814E1
8.337334890E2,-4.778531429E1
8.338374028E2,-4.958840723E1
8.339399773E2,-4.219813081E1
8.340460385E2,-5.285160670E1
8.341523092E2,-4.806321462E1
8.342548219E2,-4.930072370E1
8.343570129E2,-4.805329589E1
8.344626491E2,-5.074219317E1
8.345689395E2,-4.848974032E1
8.346707678E2,-4.483786449E1
8.347726575E2,-5.085800892E1
8.348782494E2,-5.335992450E1
8.349846025E2,-5.663877222E1
8.350873435E2,-5.264237191E1
8.351906980E2,-4.825165240E1
8.352970043E2,-5.107743116E1
8.354033605E2,-5.415751803E1
8.355047840E2,-5.460144690E1
8.356063506E2,-5.390228494E1
8.357126823E2,-5.241785866E1
8.358190609E2,-4.903478401E1
8.359207876E2,-5.150546132E1
8.360270187E2,-4.860880267E1
8.361328079E2,-4.085049480E1
8.362374547E2,-3.864287090E1
8.363381242E2,-3.565477625E1
8.364397206E2,-3.973502541E1
8.365454368E2,-4.403534401E1
8.366518315E2,-3.992023174E1
8.367541686E2,-4.117118326E1
8.368605449E2,-3.805220472E1
8.369621098E2,-4.891807200E1
8.370678740E2,-4.553188911E1
8.371708162E2,-4.926153268E1
8.372716310E2,-4.126514215E1
8.373732501E2,-4.092036825E1
8.374758183E2,-4.502899717E1
8.375816538E2,-5.101718248E1
8.376876798E2,-5.299852132E1
8.377940381E2,-3.833087209E1
8.378976646E2,-3.889488408E1
8.380038607E2,-5.207561301E1
8.381072610E2,-5.275069306E1
8.382130869E2,-5.157467158E1
8.383194184E2,-5.211898779E1
8.384209895E2,-5.295300392E1
8.385273955E2,-5.364875730E1
8.386335841E2,-5.520630677E1
8.387377815E2,-5.482416217E1
8.388440915E2,-5.498558739E1
8.389503673E2,-4.643995440E1
8.390544207E2,-3.873851447E1
8.391606904E2,-4.830814298E1
8.392670393E2,-5.277877962E1
8.393709482E2,-5.241016856E1
8.394767732E2,-5.115979160E1
8.395831145E2,-3.910525849E1
8.396877643E2,-3.329751936E1
8.397941944E2,-3.753029103E1
8.398976020E2,-4.344543666E1
8.400032979E2,-3.452557022E1
8.401052052E2,-3.665938968E1
8.402074685E2,-4.551613673E1
8.403085521E2,-4.477359536E1
8.404142324E2,-3.919503640E1
8.405205640E2,-4.291244088E1
8.406263547E2,-4.554712442E1
8.407287157E2,-4.984897294E1
8.408345014E2,-4.896790448E1
8.409378010E2,-5.067739833E1
8.410439883E2,-5.403282342E1
8.411466200E2,-5.297463564E1
8.412528240E2,-5.246965253E1
8.413545507E2,-5.332863660E1
8.414574475E2,-5.444801490E1
8.415592571E2,-5.401006376E1
8.416655957E2,-4.148425925E1
8.417710862E2,-5.333883044E1
8.418767233E2,-5.121908228E1
8.419829743E2,-5.381701589E1
8.420878932E2,-5.531849970E1
8.421906181E2,-5.483492844E1
8.422969720E2,-5.258907339E1
8.424032759E2,-5.225586037E1
8.425079742E2,-5.280718457E1
8.426093631E2,-5.303769964E1
8.427158106E2,-5.350750208E1
8.428213515E2,-5.289263169E1
8.429230277E2,-5.161954199E1
8.430292700E2,-5.305766068E1
8.431317297E2,-5.184186066E1
8.432378607E2,-5.461614736E1
8.433387800E2,-5.235569142E1
8.434451024E2,-5.424562908E1
8.435512272E2,-5.254333772E1
8.436547507E2,-5.332571988E1
8.437612005E2,-5.546136326E1
8.438674905E2,-5.367924966E1
8.439714642E2,-5.317224402E1
8.440772945E2,-5.289549859E1
8.441835688E2,-5.336635667E1
8.442880983E2,-5.504706994E1
8.443931731E2,-5.279299516E1
8.444976583E2,-5.255213787E1
8.446040383E2,-5.471608431E1
8.447080786E2,-5.361738709E1
8.448144626E2,-5.311110811E1
8.449207542E2,-5.417328795E1
8.450233313E2,-5.440219860E1
8.451290213E2,-5.517988858E1
8.452353234E2,-5.444757767E1
8.453381490E2,-5.463192634E1
8.454401103E2,-5.404441152E1
8.455457370E2,-5.374307695E1
8.456485961E2,-4.533606334E1
8.457548717E2,-4.434760475E1
8.458596001E2,-4.775642230E1
8.459652559E2,-4.819235721E1
8.460710756E2,-4.861284530E1
8.461773995E2,-4.580860167E1
8.462835935E2,-5.107487982E1
8.463882236E2,-5.204861403E1
8.464945376E2,-4.482416055E1
8.465977916E2,-3.567038023E1
8.467041850E2,-3.800986535E1
8.468074074E2,-4.040693140E1
8.469131743E2,-4.459829060E1
8.470195477E2,-5.149022226E1
8.471216506E2,-5.449042765E1
8.472242140E2,-5.459135602E1
8.473290429E2,-5.325809425E1
8.474353098E2,-5.498192625E1
8.475382922E2,-5.332281271E1
8.476440321E2,-5.265342099E1
8.477504389E2,-5.362762707E1
8.478549958E2,-5.315353810E1
8.479570218E2,-5.183294398E1
8.480580160E2,-3.887512610E1
8.481639938E2,-4.593720811E1
8.482703087E2,-4.079780900E1
8.483716551E2,-4.483310128E1
8.484762061E2,-4.630326141E1
8.485825850E2,-4.184420092E1
8.486883895E2,-4.449924867E1
8.487946984E2,-5.280370147E1
8.488968046E2,-4.363418350E1
8.490030547E2,-4.640802590E1
8.491050513E2,-5.039024315E1
8.492072381E2,-5.195092644E1
8.493090774E2,-5.568506655E1
8.494106828E2,-5.382987336E1
8.495171372E2,-5.331315626E1
8.496219245E2,-5.172637707E1
8.497282702E2,-5.200185189E1
8.498322366E2,-5.340113379E1
8.499373318E2,-3.862310866E1
8.500392853E2,-4.321925743E1
8.501414050E2,-5.264550139E1
8.502469546E2,-5.321545183E1
8.503489464E2,-5.354894288E1
8.504552592E2,-5.454990039E1
8.505609471E2,-5.509379727E1
8.506622541E2,-5.411507385E1
8.507686061E2,-5.354871069E1
8.508719285E2,-5.360749861E1
8.509737141E2,-5.388160044E1
8.510793960E2,-3.958637520E1
8.511857406E2,-3.837988786E1
8.512885961E2,-5.232317558E1
8.513913824E2,-5.299483393E1
8.514975037E2,-5.369648352E1
8.516039079E2,-5.289892073E1
8.517053179E2,-5.483546236E1
8.518080669E2,-5.278272636E1
8.519138858E2,-5.379405858E1
8.520201795E2,-5.431053539E1
8.521220199E2,-5.380940115E1
8.522241775E2,-5.386189499E1
8.523289145E2,-5.339632046E1
8.524343576E2,-5.215614528E1
8.525386798E2,-5.307422892E1
8.526439713E2,-5.357322899E1
8.527496780E2,-5.371613481E1
8.528553773E2,-5.285628202E1
8.529575108E2,-5.498341807E1
8.530639829E2,-5.431876299E1
8.531702612E2,-5.335873869E1
8.532720885E2,-5.247849660E1
8.533782887E2,-5.236876856E1
8.534839844E2,-5.226809192E1
8.535887983E2,-5.441407056E1
8.536936007E2,-5.505537168E1
8.537976574E2,-5.317181277E1
8.539040973E2,-5.401232136E1
8.540055278E2,-5.406574226E1
8.541075537E2,-5.309489272E1
8.542139302E2,-5.375726178E1
8.543201957E2,-5.300077684E1
8.544220900E2,-5.303554193E1
8.545229974E2,-5.322906488E1
8.546292745E2,-5.362774929E1
8.547356504E2,-5.382150044E1
8.548388884E2,-5.479818058E1
8.549402675E2,-5.499085238E1
8.550460678E2,-5.296852269E1
8.551522496E2,-5.255942968E1
8.552555637E2,-5.325905592E1
8.553569255E2,-5.352722972E1
8.554578614E2,-5.420439814E1
8.555642817E2,-5.430364347E1
8.556707221E2,-5.343615609E1
8.557758919E2,-5.346765988E1
8.558787023E2,-5.265071911E1
8.559814165E2,-5.354479051E1
8.560843620E2,-5.386373519E1
8.561889784E2,-5.530340666E1
8.562952326E2,-5.265960233E1
8.563976705E2,-5.452972000E1
8.565039746E2,-5.365755053E1
8.566057475E2,-4.408952752E1
8.567120611E2,-4.781740306E1
8.568169876E2,-5.076504340E1
8.569223869E2,-4.517565164E1
8.570286132E2,-3.878842862E1
8.571309012E2,-4.525430621E1
8.572357995E2,-4.626632509E1
8.573390483E2,-4.586768923E1
8.574412141E2,-4.816066376E1
8.575438052E2,-4.943164566E1
8.576493190E2,-4.662083586E1
8.577552931E2,-5.030013601E1
8.578602368E2,-5.149383596E1
8.579624519E2,-4.803520073E1
8.580682182E2,-5.212290302E1
8.581724596E2,-5.215927195E1
8.582787207E2,-5.311934032E1
8.583850681E2,-5.539309899E1
8.584891528E2,-5.470579217E1
8.585936177E2,-5.225109622E1
8.586975469E2,-4.180205903E1
8.588034305E2,-4.164729441E1
8.589058470E2,-4.517761457E1
8.590121860E2,-5.414629221E1
8.591163050E2,-5.304727333E1
8.592225343E2,-5.155510477E1
8.593244269E2,-4.374951975E1
8.594307506E2,-4.300159984E1
8.595370577E2,-4.977763300E1
8.596392731E2,-4.586944337E1
8.597411320E2,-4.596482186E1
8.598449982E2,-4.967466453E1
8.599473748E2,-4.916214992E1
8.600536536E2,-5.018219730E1
8.601558489E2,-4.843011682E1
8.602567480E2,-5.257755133E1
8.603630066E2,-5.326840529E1
8.604692533E2,-5.408157296E1
8.605726200E2,-4.982081651E1
8.606781833E2,-4.458228212E1
8.607808601E2,-4.646996321E1
8.608816202E2,-5.199712412E1
8.609835281E2,-5.388272618E1
8.610889763E2,-5.138704643E1
8.611951267E2,-5.060857159E1
8.612974840E2,-5.158646016E1
8.614030418E2,-5.387829104E1
8.615059845E2,-5.203452502E1
8.616068751E2,-5.300568939E1
8.617113020E2,-5.299491408E1
8.618140625E2,-5.361789596E1
8.619204004E2,-5.363117309E1
8.620228078E2,-5.260680343E1
8.621254554E2,-5.496691040E1
8.622311099E2,-5.435478872E1
8.623333594E2,-5.440928519E1
8.624394372E2,-5.437676379E1
8.625436293E2,-5.417356777E1
8.626494287E2,-5.314821964E1
8.627556886E2,-5.451104793E1
8.628620309E2,-5.385694778E1
8.629673127E2,-5.283662822E1
8.630727173E2,-5.336803428E1
8.631736057E2,-5.284311985E1
8.632764426E2,-5.195723904E1
8.633799020E2,-5.412114311E1
8.634862581E2,-5.485754541E1
8.635896419E2,-5.466554715E1
8.636960983E2,-5.118031403E1
8.637976626E2,-5.328169047E1
8.639039295E2,-5.366763487E1
8.640062945E2,-5.506506098E1
8.641127303E2,-5.341318233E1
8.642152105E2,-5.468510942E1
8.643214515E2,-4.828436506E1
8.644229252E2,-3.969698211E1
8.645292542E2,-4.370532663E1
8.646350850E2,-4.086895883E1
8.647396072E2,-4.565097390E1
8.648459573E2,-4.323093411E1
8.649522434E2,-4.253369077E1
8.650563155E2,-4.419113605E1
8.651626230E2,-4.668840500E1
8.652673604E2,-4.828640611E1
8.653729955E2,-4.667682740E1
8.654754722E2,-5.070355568E1
8.655813192E2,-4.745465454E1
8.656876865E2,-4.730692183E1
8.657897252E2,-5.297573446E1
8.658960488E2,-5.447689654E1
8.659976926E2,-5.367199642E1
8.661039749E2,-5.321181868E1
8.662064303E2,-5.212356048E1
8.663109886E2,-5.262106866E1
8.664166573E2,-5.446274841E1
8.665227529E2,-5.521190780E1
8.666291974E2,-5.569026462E1
8.667355888E2,-5.552819871E1
8.668397838E2,-5.346353072E1
8.669421860E2,-5.429034454E1
8.670477537E2,-5.456661389E1
8.671540731E2,-5.338160076E1
8.672564866E2,-5.191335532E1
8.673586120E2,-5.388833593E1
8.674606989E2,-5.172961817E1
8.675663862E2,-5.229582543E1
8.676724960E2,-5.417223355E1
8.677739716E2,-5.366790857E1
8.678803100E2,-5.302067651E1
8.679840732E2,-5.236410381E1
8.680894303E2,-5.295566273E1
8.681957549E2,-5.114509722E1
8.682977448E2,-4.958991366E1
8.684003232E2,-4.514028258E1
8.685065108E2,-5.134378014E1
8.686124047E2,-4.707833044E1
8.687186700E2,-4.719540648E1
8.688232725E2,-4.163827794E1
8.689295668E2,-4.048987700E1
8.690360045E2,-4.657684701E1
8.691399442E2,-5.100886216E1
8.692409785E2,-5.258243925E1
8.693465747E2,-5.237285966E1
8.694529170E2,-5.448545527E1
8.695567171E2,-3.964990186E1
8.696630457E2,-4.266457465E1
8.697691366E2,-4.612652935E1
8.698733660E2,-4.729822720E1
8.699797007E2,-4.511279720E1
8.700842703E2,-4.584367629E1
8.701900450E2,-5.360685613E1
8.702965784E2,-4.708792996E1
8.704006586E2,-5.097092118E1
8.705067873E2,-5.426904306E1
8.706109490E2,-5.211198132E1
8.707165921E2,-5.409925102E1
8.708228802E2,-5.344491953E1
8.709291945E2,-5.512014003E1
8.710319184E2,-5.299316969E1
8.711375340E2,-4.782717210E1
8.712401278E2,-4.776908075E1
8.713409357E2,-5.306711783E1
8.714472424E2,-5.396670519E1
8.715534199E2,-5.303011436E1
8.716568446E2,-5.094788715E1
8.717632009E2,-5.574689956E1
8.718660955E2,-5.301971365E1
8.719723645E2,-5.440468585E1
8.720741776E2,-5.516413787E1
8.721798826E2,-5.346456345E1
8.722849423E2,-5.061195974E1
8.723902106E2,-5.165493543E1
8.724922162E2,-5.348487115E1
8.725976943E2,-5.290247239E1
8.727003698E2,-5.301293666E1
8.728064189E2,-5.397100062E1
8.729127865E2,-5.255255558E1
8.730163432E2,-5.214797793E1
8.731224002E2,-5.438280436E1
8.732244019E2,-4.920039358E1
8.733291427E2,-4.335245363E1
8.734346607E2,-4.832903434E1
8.735403550E2,-4.608710289E1
8.736466865E2,-4.336004559E1
8.737527042E2,-5.095396973E1
8.738569900E2,-4.556089851E1
8.739632526E2,-5.025701988E1
8.740674568E2,-5.335779211E1
8.741736808E2,-5.247998411E1
8.742800195E2,-5.326292553E1
8.743863038E2,-5.293881115E1
8.744904582E2,-5.436081255E1
8.745969115E2,-5.328101092E1
8.747032462E2,-5.401571755E1
8.748070556E2,-5.440054929E1
8.749134077E2,-5.237301653E1
8.750198007E2,-5.417140493E1
8.751238265E2,-5.278670471E1
8.752245338E2,-5.296557624E1
8.753308176E2,-5.329455494E1
8.754371340E2,-5.499697367E1
8.755402945E2,-5.353876694E1
8.756412531E2,-5.366899046E1
8.757477047E2,-5.194407018E1
8.758540030E2,-5.233019657E1
8.759570098E2,-5.471232247E1
8.760614241E2,-4.793016403E1
8.761640834E2,-4.799501954E1
8.762661618E2,-4.327148458E1
8.763721020E2,-4.138966303E1
8.764739185E2,-4.465913772E1
8.765803374E2,-4.731601955E1
8.766865873E2,-4.581406027E1
8.767912939E2,-4.359648219E1
8.768971546E2,-4.662713137E1
8.770034575E2,-4.230650154E1
8.771072693E2,-4.681029923E1
8.772091437E2,-4.007743856E1
8.773149116E2,-4.126956790E1
8.774212209E2,-4.625493801E1
8.775240195E2,-4.398236640E1
8.776257065E2,-4.742213795E1
8.777273464E2,-4.657549489E1
8.778336465E2,-4.467583353E1
8.779399122E2,-3.775549924E1
8.780414127E2,-4.148295470E1
8.781429550E2,-4.844883625E1
8.782490049E2,-5.043005105E1
8.783539336E2,-4.781900362E1
8.784573165E2,-4.730638699E1
8.785609122E2,-4.551694201E1
8.786671961E2,-5.108244824E1
8.787734872E2,-5.300202306E1
8.788749111E2,-4.801694059E1
8.789813234E2,-5.028322687E1
8.790877403E2,-5.137223111E1
8.791907466E2,-4.606936111E1
8.792970249E2,-5.144558701E1
8.794033412E2,-5.012982760E1
8.795074917E2,-5.019948498E1
8.796138943E2,-5.371263275E1
8.797200981E2,-5.486191914E1
8.798241675E2,-5.406185733E1
8.799307353E2,-4.663705948E1
8.800371535E2,-4.640869120E1
8.801407160E2,-5.220247714E1
8.802463135E2,-4.810358842E1
8.803528046E2,-4.816903403E1
8.804575746E2,-5.196543906E1
8.805608553E2,-5.347052379E1
8.806664567E2,-5.309166786E1
8.807730641E2,-5.356483913E1
8.808749466E2,-5.385015503E1
8.809813621E2,-5.523993450E1
8.810876586E2,-5.239026439E1
8.811907682E2,-5.325209846E1
8.812929345E2,-4.545075254E1
8.813976134E2,-4.446132007E1
8.815038825E2,-4.754722101E1
8.816076066E2,-4.757496493E1
8.817138675E2,-5.356132908E1
8.818202392E2,-5.235936762E1
8.819242921E2,-5.339970394E1
8.820284531E2,-5.336530120E1
8.821342941E2,-5.253250291E1
8.822405241E2,-5.048522674E1
8.823442334E2,-4.784967137E1
8.824505940E2,-5.018285405E1
8.825569441E2,-4.821851450E1
8.826584428E2,-4.824398980E1
8.827647182E2,-5.165648248E1
8.828682415E2,-5.331951654E1
8.829744100E2,-5.395810503E1
8.830807957E2,-5.315837319E1
8.831870277E2,-5.067080212E1
8.832910515E2,-4.840225763E1
8.833973528E2,-4.984472496E1
8.835002638E2,-5.056848020E1
8.836066548E2,-5.344219099E1
8.837085347E2,-5.272497603E1
8.838109999E2,-5.487376735E1
8.839123122E2,-5.237373360E1
8.840143553E2,-5.284790945E1
8.841161856E2,-5.388969984E1
8.842225138E2,-5.176319205E1
8.843244391E2,-5.385545713E1
8.844256642E2,-5.473939494E1
8.845285139E2,-5.478282993E1
8.846339974E2,-5.480145011E1
8.847403144E2,-5.433013314E1
8.848411818E2,-5.370591975E1
8.849419333E2,-5.434541710E1
8.850464093E2,-5.440018822E1
8.851526195E2,-5.363499179E1
8.852578587E2,-5.328201117E1
8.853641234E2,-5.321540562E1
8.854705548E2,-5.418028114E1
8.855745423E2,-5.446908701E1
8.856808140E2,-5.516012742E1
8.857865547E2,-5.608978561E1
8.858912431E2,-5.366832819E1
8.859976308E2,-5.437319910E1
8.861019074E2,-5.205905832E1
8.862075250E2,-5.294200406E1
8.863109475E2,-4.596294402E1
8.864143035E2,-4.870629092E1
8.865174725E2,-3.983372203E1
8.866232670E2,-4.451036323E1
8.867246542E2,-4.249389926E1
8.868290265E2,-4.291893095E1
8.869309776E2,-4.570999979E1
8.870337080E2,-4.538803584E1
8.871394477E2,-5.293142786E1
8.872413059E2,-4.357650850E1
8.873474660E2,-4.967709297E1
8.874499910E2,-5.017492473E1
8.875560334E2,-3.964406410E1
8.876580316E2,-4.192805276E1
8.877643574E2,-4.868302313E1
8.878705642E2,-4.270803786E1
8.879747703E2,-4.203964910E1
8.880812121E2,-4.508421214E1
8.881874466E2,-4.639555830E1
8.882914297E2,-4.776699994E1
8.883977244E2,-4.736228139E1
8.885018797E2,-4.843270352E1
8.886081244E2,-4.881431160E1
8.887107109E2,-4.940751110E1
8.888170278E2,-5.073419462E1
8.889234125E2,-5.216954903E1
8.890248253E2,-5.240523211E1
8.891312368E2,-5.376148235E1
8.892372274E2,-5.071629855E1
8.893415025E2,-4.973406149E1
8.894478630E2,-4.850430246E1
8.895503650E2,-4.447228391E1
8.896514566E2,-4.931832264E1
8.897577227E2,-4.570022054E1
8.898606184E2,-4.792144042E1
8.899664405E2,-5.201077395E1
8.900689927E2,-5.005026242E1
8.901744687E2,-4.919112894E1
8.902806491E2,-5.208872634E1
8.903869428E2,-5.432064146E1
8.904916287E2,-5.452161229E1
8.905976006E2,-4.549728664E1
8.907039156E2,-4.039581015E1
8.908083253E2,-4.742816444E1
8.909146949E2,-5.462449045E1
8.910192989E2,-5.280443730E1
8.911249805E2,-5.309833764E1
8.912313205E2,-4.071284150E1
8.913375601E2,-4.878245201E1
8.914416000E2,-4.680595114E1
8.915424404E2,-4.416786013E1
8.916479779E2,-5.106842702E1
8.917542929E2,-4.278974726E1
8.918583763E2,-4.212444186E1
8.919646895E2,-5.308128714E1
8.920678043E2,-5.296290234E1
8.921721520E2,-5.338591026E1
8.922750319E2,-5.077825485E1
8.923813688E2,-4.661125127E1
8.924876413E2,-5.340305580E1
8.925917664E2,-4.734667606E1
8.926976901E2,-5.027350500E1
8.928039697E2,-4.997506943E1
8.929083194E2,-4.833146908E1
8.930104147E2,-4.649525102E1
8.931148907E2,-5.152582247E1
8.932207175E2,-5.051867550E1
8.933254014E2,-4.704985383E1
8.934305942E2,-4.229000742E1
8.935365035E2,-5.094330399E1
8.936418241E2,-4.807501051E1
8.937481700E2,-4.785324098E1
8.938544012E2,-4.776270294E1
8.939585248E2,-4.672033948E1
8.940648676E2,-5.111569096E1
8.941689779E2,-4.800553811E1
8.942750847E2,-4.945376635E1
8.943760112E2,-5.275824649E1
8.944823013E2,-4.756151775E1
8.945886626E2,-5.006273128E1
8.946917800E2,-4.892030193E1
8.947927464E2,-5.087721536E1
8.948976573E2,-5.091833544E1
8.950039620E2,-5.201502228E1
8.951084513E2,-5.265544857E1
8.952093905E2,-5.367937624E1
8.953157379E2,-5.217657821E1
8.954221620E2,-5.191925302E1
8.955272130E2,-5.048949598E1
8.956330462E2,-5.061835650E1
8.957395129E2,-5.357787339E1
8.958419794E2,-5.256739822E1
8.959481972E2,-5.352649111E1
8.960527615E2,-5.535220979E1
8.961587263E2,-5.367368340E1
8.962650611E2,-5.358606547E1
8.963686616E2,-5.318014709E1
8.964748796E2,-5.433514763E1
8.965761795E2,-5.442984113E1
8.966825611E2,-5.305610866E1
8.967888252E2,-5.348959406E1
8.968920806E2,-5.378399646E1
8.969976492E2,-5.356742147E1
8.971039622E2,-5.391803733E1
8.972088019E2,-5.130977055E1
8.973142906E2,-5.275893610E1
8.974207192E2,-4.275520828E1
8.975254613E2,-3.921212904E1
8.976268202E2,-4.939717901E1
8.977328123E2,-4.740267402E1
8.978390806E2,-4.985919593E1
8.979422404E2,-4.975129470E1
8.980450972E2,-4.964028011E1
8.981483498E2,-4.965867504E1
8.982547148E2,-4.766690620E1
8.983588860E2,-5.075900610E1
8.984651368E2,-5.218680850E1
8.985711120E2,-5.013527127E1
8.986755630E2,-4.975601856E1
8.987819875E2,-4.896207171E1
8.988845905E2,-4.839846379E1
8.989858643E2,-5.049546547E1
8.990917835E2,-5.038429941E1
8.991976916E2,-5.169051779E1
8.993038212E2,-5.446012096E1
8.994090162E2,-5.190320428E1
8.995155010E2,-5.212826693E1
8.996218276E2,-5.467204698E1
8.997255326E2,-5.408019574E1
8.998264397E2,-5.335499513E1
8.999327716E2,-5.265980236E1
9.000341641E2,-4.793681831E1
9.001353392E2,-4.298369778E1
9.002411700E2,-4.421092981E1
9.003423275E2,-4.654602355E1
9.004486511E2,-4.492908421E1
9.005534799E2,-4.764137103E1
9.006590158E2,-5.112917515E1
9.007653805E2,-5.236412058E1
9.008694405E2,-5.297052364E1
9.009756886E2,-5.346402470E1
9.010817896E2,-4.857703017E1
9.011881264E2,-5.103145832E1
9.012924137E2,-5.318116072E1
9.013976818E2,-4.559394094E1
9.014994675E2,-4.835195452E1
9.016058476E2,-4.595917589E1
9.017090979E2,-4.832989520E1
9.018153845E2,-4.833258246E1
9.019170698E2,-5.057047365E1
9.020227846E2,-4.943891846E1
9.021258347E2,-4.524049950E1
9.022320426E2,-4.788469573E1
9.023380081E2,-4.945775816E1
9.024425075E2,-5.418772886E1
9.025488565E2,-5.101327846E1
9.026509901E2,-4.635861863E1
9.027566839E2,-4.922935586E1
9.028591746E2,-5.061722533E1
9.029655041E2,-4.893784958E1
9.030692345E2,-5.456561475E1
9.031751062E2,-5.487776007E1
9.032779363E2,-5.439999247E1
9.033843311E2,-4.349763526E1
9.034907230E2,-4.777047390E1
9.035924311E2,-4.973232569E1
9.036976368E2,-4.293597313E1
9.038039838E2,-4.315095118E1
9.039092977E2,-5.126142701E1
9.040144132E2,-5.109210891E1
9.041199525E2,-4.715946723E1
9.042259319E2,-4.865551264E1
9.043283500E2,-5.329783003E1
9.044308688E2,-5.275928127E1
9.045362610E2,-5.355559085E1
9.046427026E2,-5.410773674E1
9.047489664E2,-5.390601106E1
9.048514871E2,-4.680554690E1
9.049577589E2,-4.289391114E1
9.050593820E2,-4.344981818E1
9.051656720E2,-4.530689984E1
9.052718977E2,-3.909794136E1
9.053761257E2,-4.125807922E1
9.054826210E2,-3.852565347E1
9.055874357E2,-3.955295540E1
9.056927541E2,-4.584439655E1
9.057976494E2,-4.301821641E1
9.059039747E2,-3.585633282E1
9.060094946E2,-3.664291310E1
9.061118130E2,-4.311140485E1
9.062174280E2,-4.802076512E1
9.063237148E2,-4.852306276E1
9.064261972E2,-5.246431757E1
9.065328427E2,-5.349159126E1
9.066391170E2,-5.266206140E1
9.067428262E2,-5.175748784E1
9.068490878E2,-4.470962853E1
9.069553195E2,-4.247181530E1
9.070595264E2,-4.284570134E1
9.071658942E2,-4.854326520E1
9.072721873E2,-5.191740051E1
9.073762637E2,-4.647038965E1
9.074825263E2,-4.357556045E1
9.075882391E2,-4.335275137E1
9.076928609E2,-4.459628441E1
9.077976933E2,-4.392331826E1
9.079004142E2,-5.107229038E1
9.080059742E2,-4.780267518E1
9.081095723E2,-4.746201879E1
9.082159300E2,-4.503111040E1
9.083172998E2,-4.449983947E1
9.084229439E2,-4.279404804E1
9.085263016E2,-4.297536355E1
9.086327428E2,-4.582521761E1
9.087340201E2,-4.657486175E1
9.088379637E2,-5.118318342E1
9.089429666E2,-5.177123709E1
9.090492625E2,-5.251912073E1
9.091505900E2,-5.313636411E1
9.092551609E2,-5.386729076E1
9.093597107E2,-5.436634777E1
9.094660540E2,-5.164051750E1
9.095710232E2,-4.826571541E1
9.096763600E2,-4.866613984E1
9.097824016E2,-5.374291861E1
9.098840337E2,-5.269976081E1
9.099860358E2,-4.654338786E1
9.100906774E2,-3.866958312E1
9.101931624E2,-4.963140971E1
9.102976617E2,-4.676491163E1
9.104040848E2,-4.691244705E1
9.105097586E2,-4.819298096E1
9.106158852E2,-4.778938800E1
9.107207526E2,-5.054487480E1
9.108265881E2,-5.058220301E1
9.109308312E2,-4.640908407E1
9.110371118E2,-5.068072782E1
9.111431839E2,-4.096193648E1
9.112495256E2,-4.098631788E1
9.113557571E2,-5.039070553E1
9.114598920E2,-5.443843992E1
9.115662602E2,-5.399505416E1
9.116725199E2,-5.277386070E1
9.117765438E2,-4.645163209E1
9.118828638E2,-4.003777455E1
9.119893734E2,-4.458973592E1
9.120930929E2,-4.272322454E1
9.121976839E2,-5.169254117E1
9.123040262E2,-4.885803382E1
9.124099176E2,-4.560162691E1
9.125157408E2,-4.878743251E1
9.126172535E2,-4.763647764E1
9.127203530E2,-4.476074324E1
9.128266308E2,-5.160781221E1
9.129285251E2,-5.023561869E1
9.130342103E2,-4.565715361E1
9.131405237E2,-4.223297655E1
9.132433001E2,-4.899355951E1
9.133461760E2,-4.884559803E1
9.134494720E2,-4.906755846E1
9.135559037E2,-4.559726193E1
9.136600106E2,-5.140335616E1
9.137626245E2,-5.530868613E1
9.138661600E2,-5.270142592E1
9.139724773E2,-5.020785393E1
9.140766906E2,-4.903416467E1
9.141819219E2,-4.951119812E1
9.142879767E2,-5.168456855E1
9.143934120E2,-4.489574139E1
9.144977341E2,-4.420869085E1
9.146041158E2,-4.891966126E1
9.147100719E2,-5.228694358E1
9.148164810E2,-4.393130641E1
9.149184953E2,-4.694194461E1
9.150248031E2,-5.513358686E1
9.151297805E2,-5.353764123E1
9.152361996E2,-5.388329510E1
9.153417679E2,-5.277570527E1
9.154434966E2,-5.309733097E1
9.155482039E2,-5.373017221E1
9.156545952E2,-5.101372846E1
9.157601754E2,-4.974344490E1
9.158664075E2,-5.125423756E1
9.159721631E2,-5.192236010E1
9.160768921E2,-4.888229905E1
9.161789529E2,-3.685940629E1
9.162837415E2,-4.068139811E1
9.163894055E2,-4.763796551E1
9.164935662E2,-5.018012247E1
9.165976682E2,-4.783034992E1
9.166989315E2,-4.659213183E1
9.168045589E2,-4.853017004E1
9.169102711E2,-4.412701626E1
9.170165626E2,-5.095312922E1
9.171228036E2,-4.634870535E1
9.172269480E2,-5.027975868E1
9.173307570E2,-5.236990800E1
9.174371637E2,-4.807818476E1
9.175428408E2,-4.395576842E1
9.176444201E2,-4.682771426E1
9.177507198E2,-4.809279018E1
9.178569443E2,-5.259915230E1
9.179603262E2,-4.112942627E1
9.180666252E2,-4.397485525E1
9.181728854E2,-4.332977644E1
9.182769905E2,-3.962724664E1
9.183830121E2,-4.385296105E1
9.184890647E2,-5.273219094E1
9.185936946E2,-5.520575988E1
9.186975857E2,-5.369247006E1
9.188011407E2,-5.415140781E1
9.189041214E2,-5.290364985E1
9.190104519E2,-3.968690993E1
9.191119648E2,-4.594077041E1
9.192180260E2,-4.701843625E1
9.193243795E2,-4.693299227E1
9.194271229E2,-4.222413291E1
9.195334180E2,-4.982678509E1
9.196390615E2,-4.689897771E1
9.197437835E2,-5.184037552E1
9.198500725E2,-3.974443548E1
9.199538291E2,-4.454817820E1
9.200600342E2,-4.844022765E1
9.201663145E2,-5.047258984E1
9.202726252E2,-5.314509256E1
9.203772086E2,-5.482048251E1
9.204836217E2,-5.416471186E1
9.205899349E2,-5.312200257E1
9.206937354E2,-5.273114860E1
9.207976592E2,-5.242906845E1
9.209040092E2,-4.360634484E1
9.210101464E2,-4.702023814E1
9.211160733E2,-4.899631442E1
9.212217329E2,-4.775791852E1
9.213272481E2,-5.001315761E1
9.214280596E2,-4.506112614E1
9.215319301E2,-4.549999756E1
9.216375987E2,-4.887621882E1
9.217411118E2,-5.243083774E1
9.218439785E2,-5.024809660E1
9.219462945E2,-5.305521822E1
9.220521410E2,-5.376641592E1
9.221540670E2,-5.346153693E1
9.222601974E2,-4.573423112E1
9.223625084E2,-4.481715624E1
9.224683540E2,-4.688219270E1
9.225740754E2,-4.916226529E1
9.226774145E2,-4.535696679E1
9.227836641E2,-4.372027864E1
9.228902219E2,-4.772406228E1
9.229940632E2,-4.502836464E1
9.230976835E2,-4.993058926E1
9.232028176E2,-5.004119494E1
9.233091526E2,-5.150145860E1
9.234106584E2,-5.213112510E1
9.235171109E2,-5.303626626E1
9.236205335E2,-5.295659456E1
9.237268855E2,-5.327081454E1
9.238282285E2,-5.416293356E1
9.239325244E2,-5.422621837E1
9.240388466E2,-5.254081983E1
9.241441268E2,-4.860766878E1
9.242504418E2,-4.885380485E1
9.243539162E2,-5.378526918E1
9.244560872E2,-5.167775103E1
9.245608296E2,-4.971690496E1
9.246671602E2,-5.238762031E1
9.247735413E2,-5.401145618E1
9.248774237E2,-5.020863336E1
9.249832328E2,-4.718682508E1
9.250879535E2,-4.989369112E1
9.251942185E2,-5.186424236E1
9.252975394E2,-5.495642207E1
9.254032073E2,-5.227423011E1
9.255096005E2,-5.151566576E1
9.256116827E2,-5.302693855E1
9.257180055E2,-5.216051619E1
9.258242877E2,-4.527043452E1
9.259275975E2,-3.800234886E1
9.260339349E2,-3.594285699E1
9.261402559E2,-4.321947479E1
9.262441722E2,-4.454671448E1
9.263450817E2,-4.581022193E1
9.264473426E2,-4.949580044E1
9.265536687E2,-5.344360113E1
9.266599641E2,-5.344806498E1
9.267617642E2,-5.366360491E1
9.268674328E2,-5.198743677E1
9.269737165E2,-4.857787182E1
9.270777111E2,-4.933453247E1
9.271840647E2,-4.431221778E1
9.272901733E2,-4.984470040E1
9.273943787E2,-3.828044589E1
9.274976085E2,-3.691200069E1
9.276040371E2,-3.920488356E1
9.277055206E2,-4.746255209E1
9.278111282E2,-5.085673741E1
9.279174340E2,-5.337995045E1
9.280236397E2,-5.320053074E1
9.281277425E2,-3.941723007E1
9.282340848E2,-4.911943146E1
9.283374991E2,-4.555183140E1
9.284437068E2,-4.511529890E1
9.285473674E2,-4.491120264E1
9.286535848E2,-4.679104545E1
9.287599117E2,-4.525694647E1
9.288661358E2,-4.174094548E1
9.289723748E2,-4.218484788E1
9.290778463E2,-4.331231517E1
9.291823721E2,-4.510341422E1
9.292888445E2,-4.858451480E1
9.293945297E2,-5.010117348E1
9.294974843E2,-4.815225353E1
9.296031314E2,-4.299974275E1
9.297093949E2,-4.823355883E1
9.298112773E2,-4.130313331E1
9.299175759E2,-4.487385126E1
9.300237885E2,-3.815083757E1
9.301279482E2,-4.371676369E1
9.302342957E2,-4.775501339E1
9.303366868E2,-4.818795200E1
9.304389325E2,-5.064955600E1
9.305441624E2,-4.756963227E1
9.306505005E2,-4.891862913E1
9.307550509E2,-4.958440776E1
9.308613122E2,-5.231397723E1
9.309626358E2,-5.098927042E1
9.310684276E2,-5.243138355E1
9.311747461E2,-5.239607144E1
9.312780323E2,-5.107991524E1
9.313831265E2,-5.188194189E1
9.314891721E2,-5.086924793E1
9.315946727E2,-4.734521390E1
9.316976439E2,-5.116865845E1
9.318001426E2,-4.727114979E1
9.319062209E2,-4.954448217E1
9.320114205E2,-4.584210326E1
9.321147917E2,-4.808962198E1
9.322186522E2,-5.209868996E1
9.323247382E2,-5.325756743E1
9.324281913E2,-5.319438602E1
9.325297729E2,-3.683145723E1
9.326360776E2,-4.227235123E1
9.327423578E2,-4.089390281E1
9.328448227E2,-4.195194789E1
9.329511485E2,-4.467517401E1
9.330572120E2,-4.226963681E1
9.331615138E2,-4.525174985E1
9.332679100E2,-4.583963539E1
9.333739502E2,-3.991136052E1
9.334781920E2,-4.320059411E1
9.335839402E2,-5.571176805E1
9.336902718E2,-5.225804115E1
9.337950990E2,-4.587125404E1
9.338976562E2,-4.809858616E1
9.340039410E2,-4.394148114E1
9.341102802E2,-4.733594248E1
9.342114956E2,-5.095962276E1
9.343158757E2,-4.802973861E1
9.344222700E2,-3.762124118E1
9.345282710E2,-3.772419935E1
9.346345267E2,-3.859386547E1
9.347403067E2,-4.361037776E1
9.348449369E2,-4.922354894E1
9.349512645E2,-5.061407307E1
9.350557984E2,-5.349301590E1
9.351612292E2,-5.392673104E1
9.352675614E2,-5.060364983E1
9.353743792E2,-5.336257180E1
9.354782320E2,-5.351999743E1
9.355791176E2,-4.085684183E1
9.356857387E2,-3.536069463E1
9.357919752E2,-4.867337992E1
9.358970002E2,-3.012244893E1
9.360036469E2,-2.732079661E1
9.361074402E2,-3.210892137E1
9.362117353E2,-4.508565927E1
9.363174181E2,-4.798245298E1
9.364221349E2,-5.114830488E1
9.365283967E2,-4.914791315E1
9.366347070E2,-5.236311927E1
9.367374967E2,-5.109358724E1
9.368438030E2,-5.266525716E1
9.369450762E2,-5.264182385E1
9.370512786E2,-5.486944488E1
9.371573577E2,-5.308104038E1
9.372618386E2,-5.215945577E1
9.373682421E2,-5.386583856E1
9.374737491E2,-5.325694177E1
9.375784991E2,-5.432288401E1
9.376848997E2,-5.433933225E1
9.377885475E2,-5.417981128E1
9.378905179E2,-5.146551117E1
9.379952418E2,-5.145136669E1
9.380976400E2,-4.909936708E1
9.382039187E2,-5.193505528E1
9.383095215E2,-5.321371274E1
9.384119346E2,-4.967459787E1
9.385182938E2,-4.673000960E1
9.386246516E2,-4.617934506E1
9.387284670E2,-5.164466468E1
9.388340666E2,-5.330183631E1
9.389403570E2,-5.388020009E1
9.390452852E2,-5.282633448E1
9.391516056E2,-5.355189415E1
9.392550772E2,-5.282561814E1
9.393567642E2,-5.248776889E1
9.394620004E2,-5.385568679E1
9.395683187E2,-5.347618533E1
9.396718072E2,-5.499891077E1
9.397776577E2,-5.369308614E1
9.398794304E2,-5.383069834E1
9.399825739E2,-5.349999764E1
9.400852753E2,-5.407219377E1
9.401873959E2,-5.467604193E1
9.402936642E2,-5.401039805E1
9.403976380E2,-5.302339467E1
9.405039192E2,-5.230648607E1
9.406054676E2,-5.351835101E1
9.407114902E2,-5.306354405E1
9.408128541E2,-5.256484144E1
9.409192350E2,-5.538213127E1
9.410254850E2,-5.250310119E1
9.411287552E2,-5.254574729E1
9.412351166E2,-5.464408949E1
9.413408499E2,-5.466792122E1
9.414454419E2,-5.231424858E1
9.415518792E2,-5.026241263E1
9.416582334E2,-5.343547976E1
9.417620910E2,-5.204137931E1
9.418659742E2,-5.260049194E1
9.419720129E2,-4.611530797E1
9.420784046E2,-4.365945656E1
9.421847413E2,-5.060600416E1
9.422866349E2,-4.430713448E1
9.423923152E2,-5.020909215E1
9.424976352E2,-5.233477944E1
9.426040025E2,-5.433295881E1
9.427084239E2,-5.343661436E1
9.428122192E2,-5.530760995E1
9.429185715E2,-5.331777603E1
9.430210724E2,-5.187440018E1
9.431226724E2,-5.450359905E1
9.432288331E2,-5.445742024E1
9.433297271E2,-5.476510037E1
9.434326575E2,-5.316933536E1
9.435382644E2,-5.345647440E1
9.436444352E2,-5.426345310E1
9.437456347E2,-5.293390938E1
9.438518762E2,-5.329442810E1
9.439580655E2,-5.224099127E1
9.440623642E2,-5.290458764E1
9.441687122E2,-5.396464399E1
9.442750136E2,-5.417187970E1
9.443790077E2,-5.330621997E1
9.444821413E2,-5.302908769E1
9.445879751E2,-5.271006444E1
9.446941830E2,-5.330365635E1
9.447976455E2,-5.437851925E1
9.449001231E2,-5.239576743E1
9.450062172E2,-5.402948054E1
9.451124168E2,-5.294804385E1
9.452188448E2,-5.303655760E1
9.453240476E2,-5.250505910E1
9.454291026E2,-5.305224659E1
9.455309440E2,-5.346280899E1
9.456373180E2,-5.319140264E1
9.457411299E2,-5.115766960E1
9.458457828E2,-5.156631762E1
9.459520357E2,-4.671969301E1
9.460583430E2,-5.113252931E1
9.461625236E2,-3.654307353E1
9.462665055E2,-3.154540454E1
9.463729492E2,-3.291108929E1
9.464791558E2,-3.628724812E1
9.465854335E2,-3.157103678E1
9.466876312E2,-3.906403315E1
9.467940122E2,-3.270637725E1
9.468966777E2,-4.159084169E1
9.470030305E2,-3.990923873E1
9.471095235E2,-4.724173718E1
9.472125908E2,-4.398193449E1
9.473190362E2,-4.805473635E1
9.474253337E2,-3.919704405E1
9.475290816E2,-3.834985354E1
9.476300349E2,-4.550897829E1
9.477363289E2,-3.742419607E1
9.478384814E2,-4.541183861E1
9.479445282E2,-3.177948056E1
9.480458084E2,-4.418939056E1
9.481466966E2,-4.189006407E1
9.482522457E2,-4.086683474E1
9.483543471E2,-3.042107514E1
9.484605995E2,-3.981154065E1
9.485627069E2,-4.152698194E1
9.486689963E2,-4.806403639E1
9.487752624E2,-4.124738116E1
9.488793532E2,-3.800360173E1
9.489836310E2,-4.420760625E1
9.490893685E2,-4.958931203E1
9.491956853E2,-4.899139234E1
9.493021283E2,-5.415684343E1
9.494068149E2,-5.346981938E1
9.495127560E2,-5.283187900E1
9.496167558E2,-4.980306853E1
9.497232421E2,-4.989967951E1
9.498294740E2,-5.241972806E1
9.499340987E2,-5.475470337E1
9.500396924E2,-5.430156858E1
9.501456892E2,-5.299591612E1
9.502520163E2,-5.392336229E1
9.503559540E2,-3.764772475E1
9.504623247E2,-3.712873724E1
9.505686258E2,-4.608720393E1
9.506718737E2,-4.895352170E1
9.507758471E2,-4.166136955E1
9.508795068E2,-4.125023099E1
9.509858766E2,-4.478766221E1
9.510887287E2,-5.441670865E1
9.511945085E2,-5.295129046E1
9.512975052E2,-5.187639182E1
9.514038760E2,-5.354563316E1
9.515054770E2,-5.520709498E1
9.516111729E2,-5.441870651E1
9.517128985E2,-5.297534061E1
9.518192181E2,-5.405903551E1
9.519214935E2,-5.511462922E1
9.520239019E2,-5.251683963E1
9.521295914E2,-5.298454486E1
9.522359138E2,-5.364149322E1
9.523371786E2,-5.384669383E1
9.524426897E2,-5.255153937E1
9.525462815E2,-5.184948381E1
9.526525406E2,-5.404127683E1
9.527542383E2,-5.194816739E1
9.528579749E2,-4.546862904E1
9.529629849E2,-4.558153651E1
9.530693059E2,-4.105146936E1
9.531756754E2,-4.109640392E1
9.532796942E2,-4.416366751E1
9.533861298E2,-4.252840774E1
9.534911845E2,-4.884944962E1
9.535962721E2,-4.538334192E1
9.536971991E2,-4.042537759E1
9.538035721E2,-4.058729712E1
9.539099007E2,-4.068305997E1
9.540130500E2,-4.454636428E1
9.541190983E2,-4.335972355E1
9.542255071E2,-4.458559691E1
9.543297993E2,-4.626091069E1
9.544325260E2,-4.950641753E1
9.545383550E2,-5.067812566E1
9.546440147E2,-5.367415259E1
9.547464727E2,-5.167835024E1
9.548520043E2,-5.226087927E1
9.549583702E2,-5.293531824E1
9.550631807E2,-5.522788833E1
9.551648008E2,-5.380657290E1
9.552712200E2,-5.252894319E1
9.553775186E2,-3.753915209E1
9.554798515E2,-4.760508341E1
9.555861577E2,-4.259623829E1
9.556925057E2,-4.692541957E1
9.557972728E2,-5.265754973E1
9.559030574E2,-5.242121948E1
9.560070172E2,-5.330888304E1
9.561132573E2,-5.347085205E1
9.562151697E2,-5.156741932E1
9.563208369E2,-5.345338165E1
9.564271667E2,-5.190986659E1
9.565299568E2,-5.338384801E1
9.566345565E2,-5.422753624E1
9.567391422E2,-5.222095654E1
9.568454508E2,-5.386718750E1
9.569473971E2,-5.169507909E1
9.570536547E2,-4.771015315E1
9.571598570E2,-4.674082979E1
9.572633300E2,-5.222967928E1
9.573661371E2,-5.037841901E1
9.574724766E2,-5.299376692E1
9.575774535E2,-3.834779036E1
9.576800580E2,-5.119614057E1
9.577841176E2,-5.235712144E1
9.578904718E2,-2.738404268E1
9.579967617E2,-3.615019900E1
9.581030065E2,-2.709514137E1
9.582088338E2,-3.353855605E1
9.583134032E2,-4.505983973E1
9.584197973E2,-3.515178176E1
9.585260978E2,-4.717359823E1
9.586300932E2,-5.029187629E1
9.587364250E2,-5.242894272E1
9.588414792E2,-4.277088849E1
9.589467584E2,-3.694510603E1
9.590530410E2,-3.759603023E1
9.591551192E2,-2.979789158E1
9.592618019E2,-2.320963291E1
9.593635216E2,-3.223880170E1
9.594699043E2,-3.479076246E1
9.595762400E2,-3.229146749E1
9.596802028E2,-3.466961612E1
9.597818377E2,-3.726285564E1
9.598876934E2,-3.699804370E1
9.599894029E2,-4.432460449E1
9.600956860E2,-3.776263630E1
9.601969368E2,-3.496693421E1
9.603029357E2,-3.721180215E1
9.604093427E2,-4.205380717E1
9.605135874E2,-4.383606145E1
9.606199062E2,-4.879751271E1
9.607226330E2,-4.311054499E1
9.608290132E2,-4.544800852E1
9.609340510E2,-4.053136951E1
9.610386360E2,-4.166280565E1
9.611441706E2,-3.856516935E1
9.612469794E2,-4.264005003E1
9.613532637E2,-4.360226303E1
9.614596908E2,-4.875578536E1
9.615635069E2,-5.411794514E1
9.616644720E2,-3.619540567E1
9.617708085E2,-4.269936027E1
9.618770715E2,-3.442025510E1
9.619803547E2,-4.954967765E1
9.620817093E2,-5.165813484E1
9.621874706E2,-5.306287810E1
9.622938975E2,-5.001896256E1
9.623970871E2,-5.075356128E1
9.625033060E2,-4.917328393E1
9.626090680E2,-3.932415229E1
9.627137432E2,-4.338417301E1
9.628200687E2,-3.769568536E1
9.629251833E2,-3.709815844E1
9.630304254E2,-4.275668029E1
9.631367347E2,-4.633294430E1
9.632411374E2,-4.019176542E1
9.633466800E2,-4.508327288E1
9.634529478E2,-5.094582946E1
9.635595029E2,-5.212768693E1
9.636637842E2,-5.294890339E1
9.637681392E2,-5.381171748E1
9.638702957E2,-5.300452272E1
9.639752055E2,-5.265111631E1
9.640804875E2,-5.376338416E1
9.641868000E2,-5.367628928E1
9.642885650E2,-5.092384079E1
9.643949310E2,-5.261543794E1
9.644972316E2,-5.273603174E1
9.645988540E2,-4.246071361E1
9.647046898E2,-4.326930069E1
9.648109847E2,-4.481007458E1
9.649138746E2,-4.527164634E1
9.650192874E2,-3.647496129E1
9.651250411E2,-4.476125727E1
9.652305610E2,-4.550807207E1
9.653369617E2,-4.695839864E1
9.654425916E2,-3.991335730E1
9.655473034E2,-4.008612140E1
9.656536654E2,-5.058997944E1
9.657600113E2,-4.602920547E1
9.658639763E2,-3.859632569E1
9.659675605E2,-4.381641846E1
9.660732807E2,-5.284434813E1
9.661795752E2,-5.465890675E1
9.662814730E2,-5.382329560E1
9.663831072E2,-5.329472635E1
9.664873202E2,-5.236278077E1
9.665930364E2,-4.859723051E1
9.666974416E2,-4.755278148E1
9.668037188E2,-5.051465291E1
9.669099766E2,-5.003472076E1
9.670141499E2,-5.158979088E1
9.671205360E2,-5.117317439E1
9.672269875E2,-5.131841335E1
9.673307526E2,-5.113136145E1
9.674350096E2,-5.173430330E1
9.675405165E2,-5.132514431E1
9.676468627E2,-5.339756656E1
9.677514272E2,-5.288751401E1
9.678560859E2,-5.158742748E1
9.679624866E2,-5.361934933E1
9.680641213E2,-5.207066340E1
9.681704141E2,-5.370675734E1
9.682767685E2,-5.235461394E1
9.683809608E2,-5.367742713E1
9.684874401E2,-5.406411331E1
9.685932005E2,-5.244521176E1
9.686974605E2,-5.413066860E1
9.688001863E2,-5.353149842E1
9.689066016E2,-5.200652584E1
9.690129071E2,-5.337586829E1
9.691149336E2,-5.550596381E1
9.692207438E2,-5.229261316E1
9.693264955E2,-5.329773763E1
9.694309379E2,-5.290212451E1
9.695340750E2,-5.282585503E1
9.696394868E2,-5.341703714E1
9.697459448E2,-5.259387202E1
9.698476724E2,-5.340918405E1
9.699539458E2,-5.260585798E1
9.700555902E2,-5.384949410E1
9.701611904E2,-5.315965784E1
9.702642818E2,-5.366902576E1
9.703706455E2,-5.406477537E1
9.704724770E2,-5.379366862E1
9.705781430E2,-4.429604491E1
9.706810313E2,-4.580267598E1
9.707873385E2,-4.727814726E1
9.708905673E2,-4.190361745E1
9.709962640E2,-4.347964191E1
9.710977491E2,-4.416205595E1
9.712041771E2,-5.241015368E1
9.713104480E2,-5.221997148E1
9.714144033E2,-5.275962715E1
9.715207050E2,-5.278114345E1
9.716270095E2,-5.358614351E1
9.717310468E2,-5.302111256E1
9.718370997E2,-5.249620037E1
9.719434312E2,-4.242760607E1
9.720478164E2,-4.827890818E1
9.721534869E2,-4.646629793E1
9.722589734E2,-4.432711561E1
9.723644639E2,-4.645136836E1
9.724707655E2,-4.813318988E1
9.725770918E2,-4.287984945E1
9.726812112E2,-4.660596883E1
9.727874834E2,-4.786087996E1
9.728936523E2,-5.123080201E1
9.729979312E2,-5.273421687E1
9.731037689E2,-5.378517527E1
9.732100718E2,-5.417004198E1
9.733144120E2,-5.452570797E1
9.734153253E2,-5.385974931E1
9.735215231E2,-5.265217718E1
9.736271492E2,-5.378650148E1
9.737310935E2,-5.175767424E1
9.738320223E2,-5.223474999E1
9.739383504E2,-5.571654450E1
9.740416816E2,-5.518915426E1
9.741479927E2,-5.402219366E1
9.742543897E2,-5.081907765E1
9.743607402E2,-5.316327648E1
9.744646645E2,-5.387426539E1
9.745709799E2,-5.379071393E1
9.746726821E2,-5.171396765E1
9.747783510E2,-5.179932868E1
9.748813227E2,-4.977469524E1
9.749876659E2,-5.395780823E1
9.750940631E2,-5.320870650E1
9.751979122E2,-4.016061134E1
9.752987831E2,-4.282763162E1
9.754051587E2,-3.838149876E1
9.755114720E2,-4.415583820E1
9.756147408E2,-4.624842086E1
9.757165661E2,-4.097708059E1
9.758222620E2,-3.778211013E1
9.759285892E2,-4.562713196E1
9.760314036E2,-4.756347225E1
9.761376328E2,-4.321596087E1
9.762436656E2,-4.058316665E1
9.763480779E2,-4.775118100E1
9.764544137E2,-4.295021377E1
9.765606877E2,-3.506702891E1
9.766648115E2,-4.168160786E1
9.767711215E2,-3.624312692E1
9.768769197E2,-3.992710975E1
9.769814955E2,-3.400648444E1
9.770878338E2,-4.009545596E1
9.771942765E2,-4.348582498E1
9.772981761E2,-3.957381225E1
9.774045331E2,-4.035639782E1
9.775073592E2,-4.709149245E1
9.776121394E2,-4.308646400E1
9.777148870E2,-3.986572832E1
9.778212350E2,-4.394168727E1
9.779241270E2,-4.462931721E1
9.780299069E2,-4.153883863E1
9.781316060E2,-3.790449077E1
9.782380031E2,-4.968298030E1
9.783443584E2,-5.065282447E1
9.784482599E2,-4.844567593E1
9.785546324E2,-5.201387795E1
9.786609361E2,-5.347856065E1
9.787649459E2,-4.732090348E1
9.788663590E2,-5.022763202E1
9.789719907E2,-4.999655515E1
9.790784067E2,-5.517783649E1
9.791816683E2,-5.432652545E1
9.792879181E2,-5.319868433E1
9.793891037E2,-5.246351482E1
9.794953794E2,-5.107452430E1
9.795983500E2,-5.316122531E1
9.797046067E2,-5.267564655E1
9.798103202E2,-5.242202035E1
9.799150329E2,-4.234094984E1
9.800213403E2,-4.246942444E1
9.801275950E2,-4.370091330E1
9.802317782E2,-3.346645592E1
9.803381086E2,-3.738921666E1
9.804408530E2,-3.921492388E1
9.805464972E2,-4.292262756E1
9.806483516E2,-4.402600806E1
9.807525324E2,-4.152304636E1
9.808588531E2,-3.545613022E1
9.809650911E2,-3.966874061E1
9.810707405E2,-5.091843873E1
9.811767853E2,-5.281462729E1
9.812817901E2,-5.333069590E1
9.813857306E2,-5.086784804E1
9.814921340E2,-5.132430989E1
9.815980247E2,-4.816840437E1
9.817044262E2,-5.227030097E1
9.818107405E2,-4.910132408E1
9.819152225E2,-5.391337244E1
9.820214277E2,-4.716942835E1
9.821223110E2,-3.998559533E1
9.822287170E2,-4.866604972E1
9.823319250E2,-4.791700120E1
9.824382883E2,-3.838656153E1
9.825446047E2,-3.195466323E1
9.826486170E2,-3.746014144E1
9.827514365E2,-3.801859175E1
9.828578133E2,-3.418185430E1
9.829640671E2,-3.836817096E1
9.830653370E2,-3.623186909E1
9.831717195E2,-4.839081047E1
9.832780296E2,-3.918053948E1
9.833819724E2,-3.668721960E1
9.834881782E2,-3.464875127E1
9.835922407E2,-3.575181893E1
9.836981933E2,-3.517076202E1
9.838045908E2,-3.532398633E1
9.839071615E2,-4.548061674E1
9.840135148E2,-4.089146807E1
9.841153953E2,-4.218577353E1
9.842208015E2,-4.553596404E1
9.843270414E2,-4.566952290E1
9.844320480E2,-3.954026852E1
9.845355532E2,-3.667980784E1
9.846408567E2,-3.826748343E1
9.847464570E2,-5.101833197E1
9.848487369E2,-5.333065098E1
9.849547190E2,-5.364722000E1
9.850576647E2,-5.248959831E1
9.851641209E2,-4.642130252E1
9.852662305E2,-4.584545391E1
9.853726157E2,-4.190584036E1
9.854789593E2,-4.507338466E1
9.855821323E2,-5.153058977E1
9.856884668E2,-5.196810551E1
9.857948372E2,-5.291349690E1
9.858988050E2,-5.162313029E1
9.860051101E2,-5.107614284E1
9.861108040E2,-4.693849720E1
9.862154364E2,-5.053195520E1
9.863208758E2,-5.047140547E1
9.864227810E2,-4.962640036E1
9.865288480E2,-5.070206793E1
9.866328458E2,-5.252660982E1
9.867382652E2,-5.260960299E1
9.868434761E2,-5.182159304E1
9.869489088E2,-5.277938558E1
9.870530217E2,-5.164668292E1
9.871578751E2,-5.391841588E1
9.872592828E2,-5.434442349E1
9.873650336E2,-5.157537865E1
9.874697678E2,-4.795630804E1
9.875761366E2,-4.748532490E1
9.876824658E2,-4.792608562E1
9.877862560E2,-4.754675609E1
9.878927535E2,-4.044878773E1
9.879991518E2,-2.742886055E1
9.881023692E2,-3.449820069E1
9.882089982E2,-3.967138319E1
9.883153612E2,-4.775405250E1
9.884176726E2,-4.349789814E1
9.885209482E2,-4.788374219E1
9.886268576E2,-5.356439456E1
9.887323766E2,-5.319613028E1
9.888387055E2,-5.160681211E1
9.889443160E2,-3.868554811E1
9.890491680E2,-4.166217655E1
9.891557142E2,-3.635245010E1
9.892575895E2,-4.388944395E1
9.893631009E2,-4.832000589E1
9.894658323E2,-4.855665899E1
9.895709988E2,-4.814408720E1
9.896727054E2,-4.990245703E1
9.897778657E2,-4.860335713E1
9.898823732E2,-4.818496196E1
9.899847245E2,-5.113782873E1
9.900887423E2,-5.275032775E1
9.901951982E2,-5.237782936E1
9.902991669E2,-5.256044597E1
9.904055366E2,-5.322350257E1
9.905119664E2,-5.339662255E1
9.906159057E2,-5.297470708E1
9.907221669E2,-5.203135281E1
9.908285208E2,-4.221171520E1
9.909325753E2,-4.357500228E1
9.910384163E2,-4.779801216E1
9.911448127E2,-4.017197403E1
9.912499475E2,-4.626811440E1
9.913560405E2,-5.131059737E1
9.914623749E2,-4.875374065E1
9.915659372E2,-5.257761860E1
9.916722095E2,-5.484701166E1
9.917779014E2,-5.338573990E1
9.918825356E2,-5.271201533E1
9.919835869E2,-5.318867617E1
9.920873277E2,-5.019582365E1
9.921916355E2,-4.930569955E1
9.922975222E2,-5.266440182E1
9.923992159E2,-5.330768694E1
9.925048999E2,-5.170691140E1
9.926104403E2,-5.327736939E1
9.927159083E2,-5.365654979E1
9.928167257E2,-5.360724187E1
9.929193015E2,-5.495830477E1
9.930241419E2,-5.234980970E1
9.931286085E2,-5.442002878E1
9.932327084E2,-5.399708124E1
9.933389710E2,-4.798587547E1
9.934405471E2,-5.048385608E1
9.935440109E2,-4.397960818E1
9.936493952E2,-4.791570876E1
9.937548580E2,-5.002862750E1
9.938573065E2,-4.670752980E1
9.939597486E2,-5.252040259E1
9.940614736E2,-4.378519332E1
9.941660398E2,-4.350363971E1
9.942715790E2,-4.673925611E1
9.943772698E2,-4.639969123E1
9.944835107E2,-4.734774808E1
9.945874853E2,-3.966919865E1
9.946935558E2,-4.127132126E1
9.947977384E2,-4.017381888E1
9.949042170E2,-4.166186430E1
9.950106805E2,-4.509474187E1
9.951126121E2,-4.503533293E1
9.952179530E2,-4.925948889E1
9.953241832E2,-5.285489600E1
9.954288102E2,-5.027998558E1
9.955349755E2,-5.043468096E1
9.956397702E2,-4.272992290E1
9.957454658E2,-4.541498490E1
9.958517242E2,-4.669676371E1
9.959564106E2,-4.157371356E1
9.960615974E2,-4.857201839E1
9.961673526E2,-5.209245161E1
9.962736442E2,-4.505639118E1
9.963787576E2,-4.657543444E1
9.964834693E2,-4.700156829E1
9.965876629E2,-4.850851843E1
9.966890407E2,-4.557511689E1
9.967904105E2,-4.146472455E1
9.968961568E2,-4.275833201E1
9.969976573E2,-4.636992044E1
9.971038309E2,-4.851337127E1
9.972058316E2,-4.952493329E1
9.973077388E2,-4.643207544E1
9.974128437E2,-4.356744266E1
9.975196918E2,-4.413080120E1
9.976280285E2,-5.123785367E1
9.977309575E2,-5.029234551E1
9.978320817E2,-4.558219530E1
9.979385503E2,-4.733648632E1
9.980443574E2,-5.062660161E1
9.981507169E2,-5.166065048E1
9.982560010E2,-5.096805261E1
9.983622605E2,-4.899231843E1
9.984685930E2,-4.800289452E1
9.985704840E2,-5.025413023E1
9.986764082E2,-5.286607001E1
9.987790099E2,-5.333227497E1
9.988810140E2,-5.366247601E1
9.989859706E2,-5.362110138E1
9.990924007E2,-5.453827501E1
9.991976921E2,-5.402786554E1
9.993026980E2,-5.373401728E1
9.994087505E2,-5.376516642E1
9.995123700E2,-5.503972361E1
9.996186539E2,-5.114571527E1
9.997219426E2,-4.555838726E1
9.998283045E2,-4.614091898E1
9.999298474E2,-4.743241216E1
1.000036170E3,-4.801554247E1
1.000141860E3,-4.747275586E1
1.000245748E3,-4.899537449E1
1.000352119E3,-5.070785661E1
1.000454774E3,-5.346710970E1
1.000561125E3,-5.465045445E1
1.000663225E3,-5.292093499E1
1.000769510E3,-5.354168734E1
1.000872267E3,-5.306434696E1
1.000977857E3,-5.347542047E1
1.001079954E3,-5.397626011E1
1.001183661E3,-5.534589298E1
1.001287375E3,-5.414171278E1
1.001393778E3,-5.202459176E1
1.001496674E3,-5.356023216E1
1.001602932E3,-4.743223316E1
1.001704534E3,-5.071361822E1
1.001806891E3,-4.606984769E1
1.001911995E3,-3.764480247E1
1.002013292E3,-5.057121419E1
1.002117532E3,-5.230210381E1
1.002223926E3,-4.539369707E1
1.002329237E3,-4.895419866E1
1.002435535E3,-5.342845832E1
1.002541219E3,-5.400934153E1
1.002645931E3,-5.325909419E1
1.002751452E3,-5.358413710E1
1.002857724E3,-5.329823479E1
1.002962690E3,-5.270470373E1
1.003069058E3,-5.382450586E1
1.003175373E3,-4.433750074E1
1.003279321E3,-5.225597633E1
1.003385772E3,-5.204244379E1
1.003491167E3,-5.239825883E1
1.003595904E3,-5.270606877E1
1.003697682E3,-5.137229569E1
1.003803969E3,-5.200304216E1
1.003905928E3,-5.274223113E1
1.004009183E3,-5.139459991E1
1.004112422E3,-5.410114497E1
1.004217552E3,-5.337655882E1
1.004323895E3,-5.279267963E1
1.004428706E3,-5.399715150E1
1.004534217E3,-5.307267011E1
1.004639870E3,-5.234739502E1
1.004746168E3,-5.238260257E1
1.004850831E3,-5.365850199E1
1.004956784E3,-5.150813586E1
1.005063114E3,-5.476287342E1
1.005166990E3,-5.408663404E1
1.005273315E3,-5.278888563E1
1.005377211E3,-4.895673859E1
1.005482828E3,-3.316881029E1
1.005584445E3,-4.042578549E1
1.005690743E3,-4.852146236E1
1.005797081E3,-3.736759929E1
1.005900350E3,-4.507919747E1
1.006006557E3,-3.557566605E1
1.006107436E3,-3.923429927E1
1.006213933E3,-4.460426993E1
1.006317058E3,-4.711876356E1
1.006423443E3,-4.526507640E1
1.006528776E3,-4.271966215E1
1.006633787E3,-4.267506830E1
1.006737453E3,-4.605059505E1
1.006843799E3,-5.315399632E1
1.006949885E3,-5.248431893E1
1.007052513E3,-5.249618475E1
1.007157487E3,-5.176491663E1
1.007263794E3,-5.224427569E1
1.007367118E3,-5.111713686E1
1.007473474E3,-5.406455170E1
1.007579814E3,-5.294607208E1
1.007683746E3,-5.224208398E1
1.007789441E3,-5.341411471E1
1.007895734E3,-5.317231120E1
1.008000597E3,-5.355213468E1
1.008107078E3,-5.224111390E1
1.008208703E3,-5.220042446E1
1.008311200E3,-5.288161109E1
1.008417179E3,-5.393583223E1
1.008522928E3,-5.507971573E1
1.008625798E3,-5.240117015E1
1.008731341E3,-5.540822230E1
1.008833954E3,-5.364781324E1
1.008939413E3,-5.034898729E1
1.009045857E3,-5.057012697E1
1.009150628E3,-5.274120006E1
1.009255197E3,-5.304085094E1
1.009358013E3,-5.204776967E1
1.009463837E3,-5.006902525E1
1.009567369E3,-4.710362564E1
1.009673703E3,-4.943023189E1
1.009780018E3,-5.120037412E1
1.009883920E3,-5.149946598E1
1.009987419E3,-5.465295478E1
1.010090505E3,-5.340193763E1
1.010196824E3,-5.280745421E1
1.010300697E3,-5.210337122E1
1.010406949E3,-4.685888746E1
1.010512589E3,-3.996677512E1
1.010617450E3,-4.168954574E1
1.010723895E3,-4.200755656E1
1.010827506E3,-4.247144753E1
1.010933654E3,-5.318460284E1
1.011038452E3,-5.326167869E1
1.011144426E3,-5.479010598E1
1.011246216E3,-5.314757106E1
1.011350749E3,-5.424015995E1
1.011454744E3,-5.268619975E1
1.011561031E3,-4.483320317E1
1.011666903E3,-3.877616201E1
1.011772628E3,-3.571292622E1
1.011874664E3,-4.520394018E1
1.011981039E3,-4.410945452E1
1.012084207E3,-4.120145720E1
1.012190530E3,-4.741951348E1
1.012296813E3,-5.169967161E1
1.012400862E3,-5.060779985E1
1.012507262E3,-5.351361601E1
1.012613605E3,-4.876232106E1
1.012717539E3,-4.167964895E1
1.012823697E3,-4.837029011E1
1.012924842E3,-5.164419719E1
1.013031300E3,-5.064479972E1
1.013134236E3,-5.342219973E1
1.013240567E3,-5.382715721E1
1.013346857E3,-5.506075750E1
1.013450898E3,-5.415745011E1
1.013554733E3,-5.401966120E1
1.013658135E3,-5.333900677E1
1.013764225E3,-5.320637745E1
1.013867702E3,-3.911480170E1
1.013970870E3,-3.886255671E1
1.014077260E3,-3.806359223E1
1.014180780E3,-5.369947798E1
1.014284245E3,-5.302485415E1
1.014385748E3,-5.242801875E1
1.014491777E3,-5.349610541E1
1.014597691E3,-5.268885999E1
1.014701004E3,-5.389650415E1
1.014807364E3,-5.177739209E1
1.014911144E3,-5.228433297E1
1.015017250E3,-5.372829455E1
1.015123730E3,-5.413581756E1
1.015230078E3,-5.339473162E1
1.015334270E3,-5.561806156E1
1.015435173E3,-5.408898936E1
1.015540851E3,-5.391916405E1
1.015647189E3,-5.512029161E1
1.015751100E3,-5.350042655E1
1.015857305E3,-5.321515755E1
1.015963083E3,-5.272093257E1
1.016067809E3,-5.315122924E1
1.016174149E3,-5.304989363E1
1.016280468E3,-5.393819031E1
1.016386763E3,-5.348730553E1
1.016491146E3,-5.296366138E1
1.016596007E3,-5.222932920E1
1.016701252E3,-5.411612730E1
1.016805829E3,-5.400780102E1
1.016912109E3,-4.736553495E1
1.017017783E3,-4.941357342E1
1.017118636E3,-4.853660153E1
1.017225037E3,-4.754360861E1
1.017328272E3,-4.771403143E1
1.017434541E3,-4.578060117E1
1.017540888E3,-4.281367121E1
1.017645328E3,-4.583809269E1
1.017751266E3,-4.911464518E1
1.017857606E3,-4.476456410E1
1.017960839E3,-4.595371722E1
1.018067209E3,-4.891867546E1
1.018168709E3,-5.081830854E1
1.018274865E3,-4.779740534E1
1.018380550E3,-4.701243545E1
1.018484628E3,-4.494044087E1
1.018590974E3,-4.459395875E1
1.018697379E3,-4.296135790E1
1.018801260E3,-3.942632388E1
1.018902176E3,-4.613015887E1
1.019008676E3,-4.694027491E1
1.019115099E3,-4.873874268E1
1.019218160E3,-4.874445092E1
1.019320440E3,-4.797191537E1
1.019424192E3,-5.294352630E1
1.019527594E3,-4.605673065E1
1.019630399E3,-5.370179983E1
1.019734708E3,-4.906254139E1
1.019841026E3,-4.357275788E1
1.019944216E3,-4.541010383E1
1.020049762E3,-4.678707093E1
1.020151421E3,-4.757223711E1
1.020257748E3,-4.347811430E1
1.020364255E3,-4.713231437E1
1.020468126E3,-4.590136539E1
1.020570154E3,-4.539217297E1
1.020675990E3,-4.498775431E1
1.020781524E3,-4.900934997E1
1.020884860E3,-4.778985165E1
1.020991264E3,-4.602098319E1
1.021097612E3,-5.141846502E1
1.021201565E3,-5.475263203E1
1.021303836E3,-5.370465487E1
1.021410250E3,-5.308268098E1
1.021516607E3,-5.479329653E1
1.021618237E3,-5.457972833E1
1.021721315E3,-5.513815931E1
1.021823970E3,-5.463974875E1
1.021930281E3,-4.168541457E1
1.022034947E3,-3.728313901E1
1.022137585E3,-4.128673636E1
1.022239042E3,-4.072974187E1
1.022341296E3,-4.473710797E1
1.022447650E3,-4.341968717E1
1.022551606E3,-3.982501235E1
1.022655509E3,-4.423473235E1
1.022761551E3,-4.713938185E1
1.022867859E3,-4.236847774E1
1.022974293E3,-4.370803636E1
1.023080256E3,-4.244198915E1
1.023185007E3,-3.785683404E1
1.023291343E3,-3.732111544E1
1.023397523E3,-4.006880057E1
1.023501679E3,-4.729160595E1
1.023607941E3,-4.240743682E1
1.023711051E3,-4.389031968E1
1.023817407E3,-4.156860218E1
1.023919057E3,-4.294598744E1
1.024024646E3,-5.356206165E1
1.024131073E3,-5.485153338E1
1.024235137E3,-4.806319133E1
1.024341500E3,-5.131143688E1
1.024447761E3,-4.927386011E1
1.024551619E3,-5.192612412E1
1.024652514E3,-5.451820803E1
1.024758832E3,-5.388668337E1
1.024865259E3,-5.203665570E1
1.024968477E3,-5.360630655E1
1.025074868E3,-5.056920138E1
1.025181236E3,-5.093288341E1
1.025285081E3,-4.985984827E1
1.025387493E3,-5.116128857E1
1.025493792E3,-5.132235329E1
1.025597705E3,-5.201275848E1
1.025701820E3,-5.529624664E1
1.025808177E3,-5.409073261E1
1.025914431E3,-5.412370330E1
1.026018565E3,-5.472725589E1
1.026124938E3,-5.243871383E1
1.026231266E3,-5.389505951E1
1.026335243E3,-5.291626955E1
1.026439274E3,-5.341889355E1
1.026545596E3,-5.337332636E1
1.026651475E3,-5.367273326E1
1.026757753E3,-5.355570549E1
1.026863940E3,-5.282665486E1
1.026968636E3,-5.368178712E1
1.027075053E3,-5.324119643E1
1.027177437E3,-5.234828910E1
1.027280368E3,-5.415715626E1
1.027385173E3,-5.375516679E1
1.027490019E3,-5.369416972E1
1.027596386E3,-5.428265959E1
1.027701994E3,-5.276739893E1
1.027808286E3,-5.376416086E1
1.027914655E3,-5.429781051E1
1.028018717E3,-5.472377368E1
1.028125168E3,-5.188047302E1
1.028231490E3,-4.417791133E1
1.028335374E3,-4.996926388E1
1.028436130E3,-4.322420770E1
1.028538543E3,-4.083182005E1
1.028642036E3,-4.778209708E1
1.028748435E3,-4.475057314E1
1.028852132E3,-5.116003892E1
1.028956671E3,-4.575972454E1
1.029062350E3,-5.107829575E1
1.029168346E3,-4.065480661E1
1.029274628E3,-4.433258185E1
1.029380983E3,-5.172095776E1
1.029485449E3,-4.151442878E1
1.029591172E3,-4.827166295E1
1.029695904E3,-5.320309375E1
1.029802159E3,-4.036181987E1
1.029907566E3,-4.353248902E1
1.030011083E3,-5.015698080E1
1.030116159E3,-4.860134235E1
1.030218793E3,-4.096503502E1
1.030324845E3,-5.326677007E1
1.030431236E3,-5.390715503E1
1.030535544E3,-5.420858354E1
1.030641342E3,-5.315479138E1
1.030747097E3,-5.393892039E1
1.030852247E3,-5.415039446E1
1.030958125E3,-5.343607870E1
1.031064417E3,-5.481258292E1
1.031168810E3,-5.430223679E1
1.031269698E3,-5.370514392E1
1.031374776E3,-5.385050576E1
1.031481093E3,-5.412476868E1
1.031585596E3,-5.440915160E1
1.031691326E3,-5.326886754E1
1.031796070E3,-5.325212299E1
1.031902356E3,-5.409367340E1
1.032008197E3,-5.359183039E1
1.032114390E3,-5.444572070E1
1.032219670E3,-5.402944355E1
1.032324792E3,-5.423494807E1
1.032431130E3,-5.412540106E1
1.032535692E3,-5.338131893E1
1.032636489E3,-5.394184377E1
1.032741415E3,-5.280912391E1
1.032847435E3,-5.501161757E1
1.032952391E3,-5.407043230E1
1.033058100E3,-5.329941133E1
1.033164358E3,-5.560170728E1
1.033269119E3,-5.296220156E1
1.033374798E3,-5.170021474E1
1.033481030E3,-5.253366717E1
1.033585785E3,-5.324852700E1
1.033691486E3,-5.216539773E1
1.033797649E3,-5.488284170E1
1.033902492E3,-5.266211799E1
1.034007890E3,-5.293462425E1
1.034112929E3,-5.260269842E1
1.034218735E3,-5.569236699E1
1.034324064E3,-5.376782452E1
1.034430366E3,-5.482375537E1
1.034535835E3,-5.407174296E1
1.034641401E3,-5.388027004E1
1.034747048E3,-5.222803345E1
1.034853005E3,-5.326619983E1
1.034958146E3,-5.348804534E1
1.035064168E3,-5.507325211E1
1.035169248E3,-5.329463670E1
1.035274778E3,-5.432420679E1
1.035376298E3,-5.489927590E1
1.035481969E3,-5.227353880E1
1.035585848E3,-5.333608304E1
1.035691429E3,-5.399799605E1
1.035797633E3,-5.471996675E1
1.035902658E3,-5.655358185E1
1.036008124E3,-5.180966940E1
1.036113776E3,-4.226717083E1
1.036219323E3,-4.547503427E1
1.036324720E3,-4.923586008E1
1.036427484E3,-5.331954032E1
1.036529932E3,-4.738577512E1
1.036635976E3,-5.562671314E1
1.036741375E3,-5.308236727E1
1.036846993E3,-5.207118789E1
1.036952586E3,-5.025466790E1
1.037058050E3,-5.362626865E1
1.037164324E3,-4.850545938E1
1.037269371E3,-4.914451185E1
1.037374117E3,-4.928491796E1
1.037480475E3,-5.360233518E1
1.037585969E3,-4.884274200E1
1.037691420E3,-5.154219971E1
1.037797706E3,-4.697816369E1
1.037902775E3,-5.302065155E1
1.038008112E3,-5.286396496E1
1.038111570E3,-5.012469455E1
1.038217877E3,-5.102154045E1
1.038319490E3,-5.012456054E1
1.038424314E3,-5.207388923E1
1.038526595E3,-5.480286915E1
1.038629018E3,-5.134958033E1
1.038735291E3,-5.407436377E1
1.038841459E3,-5.378450153E1
1.038947201E3,-5.289786923E1
1.039052738E3,-5.303136801E1
1.039158133E3,-5.425448289E1
1.039264415E3,-5.426790365E1
1.039369531E3,-5.215867285E1
1.039474772E3,-5.340594987E1
1.039579313E3,-5.382731486E1
1.039685643E3,-5.453573080E1
1.039787041E3,-5.391385125E1
1.039893417E3,-5.297917301E1
1.039996648E3,-5.291204937E1
1.040099808E3,-5.211613678E1
1.040202953E3,-5.409127616E1
1.040309318E3,-5.323938337E1
1.040415610E3,-5.426399077E1
1.040519524E3,-5.341227997E1
1.040622202E3,-5.305719567E1
1.040728596E3,-5.374565299E1
1.040834920E3,-5.500308228E1
1.040936307E3,-5.359619266E1
1.041038175E3,-5.461945249E1
1.041139840E3,-5.381187651E1
1.041246220E3,-5.450206820E1
1.041352464E3,-5.281622146E1
1.041453842E3,-5.307526382E1
1.041555931E3,-5.334957385E1
1.041660744E3,-5.392324277E1
1.041767185E3,-5.313711558E1
1.041869742E3,-5.304104284E1
1.041973177E3,-5.427696064E1
1.042079459E3,-5.310737767E1
1.042180975E3,-5.226910942E1
1.042286433E3,-5.208095791E1
1.042389975E3,-5.519396518E1
1.042496446E3,-5.304919197E1
1.042602649E3,-5.174164444E1
1.042708879E3,-5.395403673E1
1.042815205E3,-5.344748308E1
1.042919864E3,-5.311272871E1
1.043026313E3,-5.326044572E1
1.043128655E3,-5.352667445E1
1.043234951E3,-5.371374732E1
1.043336535E3,-5.287032804E1
1.043442872E3,-5.601494049E1
1.043549203E3,-5.424873416E1
1.043653211E3,-5.293464234E1
1.043759358E3,-5.304404525E1
1.043860812E3,-5.193596885E1
1.043967174E3,-5.267090387E1
1.044069936E3,-5.503976145E1
1.044176391E3,-5.234761431E1
1.044278072E3,-5.306940109E1
1.044383726E3,-5.510981188E1
1.044486607E3,-5.333126204E1
1.044592959E3,-5.340781336E1
1.044697445E3,-5.013502187E1
1.044802908E3,-5.042806591E1
1.044909317E3,-5.266724530E1
1.045015275E3,-5.575920299E1
1.045120038E3,-5.301113436E1
1.045221864E3,-5.368314547E1
1.045327432E3,-5.351059020E1
1.045433783E3,-5.503741850E1
1.045536669E3,-5.356996340E1
1.045637460E3,-5.258579318E1
1.045743635E3,-5.431975823E1
1.045849300E3,-5.316671295E1
1.045953433E3,-5.346166406E1
1.046059765E3,-5.475935784E1
1.046166069E3,-5.299550866E1
1.046270075E3,-4.266651003E1
1.046376224E3,-3.980765681E1
1.046481918E3,-4.832863866E1
1.046586740E3,-4.119370668E1
1.046693062E3,-4.713278567E1
1.046797713E3,-4.182463989E1
1.046903319E3,-3.471683811E1
1.047004300E3,-4.413397112E1
1.047109896E3,-5.091107533E1
1.047213943E3,-5.355180603E1
1.047320159E3,-5.380623774E1
1.047423048E3,-5.324051814E1
1.047529150E3,-5.389828260E1
1.047635480E3,-5.372008643E1
1.047736825E3,-5.424511189E1
1.047841245E3,-5.242350796E1
1.047944157E3,-5.289832628E1
1.048049570E3,-5.263770018E1
1.048153533E3,-4.944611545E1
1.048259890E3,-4.116358474E1
1.048366032E3,-5.046134202E1
1.048470278E3,-4.507060886E1
1.048575627E3,-4.857884786E1
1.048681993E3,-5.021678767E1
1.048786997E3,-4.437510021E1
1.048893426E3,-5.090061591E1
1.048997541E3,-5.338231824E1
1.049103200E3,-5.374268365E1
1.049209607E3,-5.303780855E1
1.049315961E3,-5.310023356E1
1.049420337E3,-5.473860341E1
1.049526579E3,-5.367902130E1
1.049629475E3,-5.254209094E1
1.049735808E3,-5.445120675E1
1.049837020E3,-5.427147350E1
1.049943371E3,-5.206634033E1
1.050044704E3,-5.461518823E1
1.050149751E3,-5.311096644E1
1.050253700E3,-5.377479884E1
1.050358980E3,-5.345601780E1
1.050464116E3,-5.453139800E1
1.050570379E3,-5.240593563E1
1.050675661E3,-5.328200680E1
1.050781476E3,-5.430705082E1
1.050887089E3,-5.426406276E1
1.050992347E3,-5.351513067E1
1.051097685E3,-5.146052004E1
1.051203744E3,-5.338632761E1
1.051309133E3,-5.381530514E1
1.051415436E3,-5.442213174E1
1.051520476E3,-5.420796023E1
1.051625703E3,-5.418949991E1
1.051729593E3,-5.415755472E1
1.051835909E3,-5.454510717E1
1.051937163E3,-5.373713947E1
1.052041761E3,-5.455743950E1
1.052144046E3,-4.007257352E1
1.052247990E3,-4.229622751E1
1.052353851E3,-4.182139516E1
1.052459006E3,-4.457050514E1
1.052565268E3,-4.690810266E1
1.052670399E3,-5.318406903E1
1.052775709E3,-5.417256802E1
1.052880964E3,-5.139577215E1
1.052987233E3,-5.278881529E1
1.053091864E3,-5.412003959E1
1.053197570E3,-5.374693916E1
1.053303481E3,-5.426799631E1
1.053409036E3,-5.265884122E1
1.053515364E3,-5.504603961E1
1.053620574E3,-5.314990436E1
1.053725652E3,-5.313534624E1
1.053831868E3,-5.361592828E1
1.053937282E3,-5.286227710E1
1.054042347E3,-5.383323016E1
1.054148609E3,-5.314089265E1
1.054254025E3,-4.262304335E1
1.054359031E3,-2.955086884E1
1.054465307E3,-3.789170912E1
1.054570813E3,-4.235440348E1
1.054675609E3,-4.735846392E1
1.054779393E3,-5.320439882E1
1.054885801E3,-5.146154358E1
1.054987430E3,-5.296596298E1
1.055092335E3,-4.953389427E1
1.055197657E3,-4.043010683E1
1.055303642E3,-3.872575072E1
1.055409919E3,-4.250183815E1
1.055511768E3,-5.073320637E1
1.055617371E3,-5.301115659E1
1.055720820E3,-5.362688385E1
1.055826662E3,-5.521885854E1
1.055932962E3,-5.338875406E1
1.056037458E3,-5.266637567E1
1.056138245E3,-5.296389615E1
1.056239685E3,-5.288571393E1
1.056344451E3,-5.399469145E1
1.056450761E3,-5.505557184E1
1.056554217E3,-4.169605405E1
1.056660538E3,-3.293505762E1
1.056764287E3,-2.867500458E1
1.056870280E3,-3.105790873E1
1.056971657E3,-3.937447193E1
1.057077963E3,-4.059344177E1
1.057184263E3,-4.804288819E1
1.057287566E3,-5.388232532E1
1.057393704E3,-5.398320090E1
1.057497677E3,-5.425982445E1
1.057603823E3,-5.356973505E1
1.057706464E3,-5.306064028E1
1.057812444E3,-5.309632857E1
1.057918049E3,-5.208815934E1
1.058020955E3,-5.409263598E1
1.058127307E3,-5.324825984E1
1.058233653E3,-5.298776291E1
1.058337518E3,-5.322027211E1
1.058439523E3,-5.381076212E1
1.058545158E3,-5.519478470E1
1.058651470E3,-5.280824316E1
1.058754280E3,-5.140833781E1
1.058860185E3,-5.347540738E1
1.058965696E3,-5.339335776E1
1.059071019E3,-5.270201409E1
1.059177396E3,-5.260917286E1
1.059283727E3,-5.264580642E1
1.059387723E3,-5.212210695E1
1.059494035E3,-3.768705551E1
1.059597616E3,-3.701863027E1
1.059703651E3,-3.846385860E1
1.059805215E3,-4.115351020E1
1.059911534E3,-4.306683563E1
1.060017725E3,-4.163662879E1
1.060121944E3,-4.292328755E1
1.060228309E3,-4.994428409E1
1.060334620E3,-5.192102709E1
1.060437862E3,-5.402719116E1
1.060542321E3,-5.224639415E1
1.060647730E3,-5.458323902E1
1.060754067E3,-5.402092230E1
1.060860499E3,-5.350731970E1
1.060966797E3,-5.234261381E1
1.061071131E3,-5.286525771E1
1.061174204E3,-4.402321188E1
1.061280568E3,-4.900950921E1
1.061383104E3,-3.931790339E1
1.061487926E3,-4.936874338E1
1.061594185E3,-5.040953609E1
1.061698095E3,-5.295623421E1
1.061802900E3,-5.386170956E1
1.061904685E3,-5.425487160E1
1.062008395E3,-5.261096543E1
1.062110865E3,-5.363861369E1
1.062214968E3,-5.388294280E1
1.062315729E3,-5.422182126E1
1.062421300E3,-5.315198287E1
1.062527647E3,-4.680758606E1
1.062633863E3,-3.241467276E1
1.062737850E3,-3.485947900E1
1.062838817E3,-3.623119140E1
1.062945169E3,-3.825916535E1
1.063051446E3,-3.828410854E1
1.063154676E3,-4.822649330E1
1.063260921E3,-4.339744245E1
1.063366568E3,-4.011730309E1
1.063471367E3,-5.130168764E1
1.063577453E3,-5.290560350E1
1.063683788E3,-5.370773263E1
1.063788031E3,-5.462291809E1
1.063888870E3,-4.857057141E1
1.063991155E3,-4.441068078E1
1.064097507E3,-4.038184302E1
1.064203821E3,-4.569830593E1
1.064309008E3,-4.247824667E1
1.064415153E3,-4.279059436E1
1.064521005E3,-5.226187828E1
1.064627389E3,-4.727303251E1
1.064730934E3,-4.510423215E1
1.064836549E3,-4.416612756E1
1.064938903E3,-4.266121010E1
1.065045180E3,-4.717321951E1
1.065151442E3,-4.751640061E1
1.065254791E3,-4.798982346E1
1.065360882E3,-5.505973278E1
1.065464204E3,-5.361707351E1
1.065570461E3,-5.363630184E1
1.065672269E3,-5.193125962E1
1.065775359E3,-5.321129673E1
1.065881746E3,-5.373335511E1
1.065987804E3,-5.329244051E1
1.066094179E3,-5.311405049E1
1.066197501E3,-5.381936514E1
1.066303049E3,-5.123717995E1
1.066404952E3,-5.220235364E1
1.066511332E3,-5.184628163E1
1.066616168E3,-5.366748993E1
1.066721487E3,-5.182291244E1
1.066822454E3,-3.663016960E1
1.066928845E3,-3.816824852E1
1.067035197E3,-5.083378935E1
1.067138361E3,-4.978919698E1
1.067244721E3,-4.499634681E1
1.067350862E3,-4.711416290E1
1.067455029E3,-4.516589436E1
1.067561383E3,-4.310719201E1
1.067667701E3,-4.158832556E1
1.067771703E3,-4.179151702E1
1.067874153E3,-3.890786600E1
1.067979701E3,-4.303100159E1
1.068084244E3,-4.400374900E1
1.068188398E3,-4.482708912E1
1.068290926E3,-3.573428523E1
1.068396747E3,-4.950597322E1
1.068500874E3,-4.678354580E1
1.068605118E3,-4.922866371E1
1.068711521E3,-3.858376129E1
1.068817934E3,-4.004124287E1
1.068921685E3,-4.550594594E1
1.069024367E3,-5.238881285E1
1.069130708E3,-3.640405375E1
1.069232090E3,-3.975129873E1
1.069338039E3,-3.936378420E1
1.069439242E3,-4.045036272E1
1.069545478E3,-4.104636353E1
1.069651536E3,-4.761268822E1
1.069755202E3,-4.393865596E1
1.069861569E3,-3.848753029E1
1.069967839E3,-4.094648238E1
1.070071919E3,-4.420251606E1
1.070178257E3,-4.231709273E1
1.070284607E3,-4.966131815E1
1.070388483E3,-4.620687573E1
1.070491170E3,-4.561314948E1
1.070595981E3,-4.723918771E1
1.070697753E3,-4.504617418E1
1.070804148E3,-5.158418527E1
1.070905928E3,-5.323760088E1
1.071011661E3,-5.092562870E1
1.071116183E3,-4.848946515E1
1.071221994E3,-4.738408168E1
1.071328364E3,-5.090982501E1
1.071434502E3,-4.812949408E1
1.071538653E3,-5.226106198E1
1.071644996E3,-5.310984661E1
1.071751350E3,-5.225037044E1
1.071855385E3,-4.575723694E1
1.071961584E3,-4.708741960E1
1.072067217E3,-4.989431102E1
1.072172095E3,-5.024855188E1
1.072278150E3,-4.818277881E1
1.072381741E3,-4.886190939E1
1.072483551E3,-4.996239915E1
1.072588753E3,-4.934264013E1
1.072695118E3,-5.207744025E1
1.072797678E3,-5.253208029E1
1.072903976E3,-5.327908612E1
1.073007373E3,-5.476208228E1
1.073113212E3,-5.412620736E1
1.073219529E3,-5.222644266E1
1.073322132E3,-5.239893860E1
1.073424290E3,-5.091394444E1
1.073528175E3,-5.176013462E1
1.073634076E3,-5.416781253E1
1.073738865E3,-5.316227653E1
1.073845230E3,-5.367661453E1
1.073951554E3,-4.668665795E1
1.074055499E3,-4.261560067E1
1.074158523E3,-4.432397850E1
1.074264224E3,-4.368198496E1
1.074370538E3,-4.297772780E1
1.074472272E3,-3.922533831E1
1.074578594E3,-4.079879553E1
1.074684903E3,-4.128206834E1
1.074788903E3,-4.719517699E1
1.074894222E3,-3.926562167E1
1.074997682E3,-4.593473067E1
1.075099325E3,-4.613944287E1
1.075205492E3,-4.693313522E1
1.075306384E3,-5.198897154E1
1.075412742E3,-5.439904114E1
1.075519065E3,-5.375939580E1
1.075622289E3,-5.265124291E1
1.075728479E3,-5.349156928E1
1.075834286E3,-5.425960853E1
1.075938957E3,-5.443123842E1
1.076039734E3,-5.147395855E1
1.076145998E3,-4.225120937E1
1.076252229E3,-3.481128271E1
1.076355712E3,-3.469705099E1
1.076457533E3,-3.665894034E1
1.076563846E3,-4.650160020E1
1.076667240E3,-4.322420364E1
1.076772401E3,-4.251241968E1
1.076878352E3,-4.091997150E1
1.076984686E3,-4.707795681E1
1.077089075E3,-4.337427984E1
1.077195429E3,-4.303422085E1
1.077297075E3,-4.994804000E1
1.077403501E3,-4.260773579E1
1.077505798E3,-4.729972841E1
1.077611908E3,-4.547814255E1
1.077717590E3,-4.151986144E1
1.077822486E3,-4.305212919E1
1.077927489E3,-4.988466874E1
1.078033930E3,-5.091144581E1
1.078139168E3,-4.926735280E1
1.078245434E3,-5.008322155E1
1.078348333E3,-5.103848357E1
1.078451887E3,-4.972083251E1
1.078555841E3,-5.184836009E1
1.078662213E3,-5.228974000E1
1.078768568E3,-5.447817903E1
1.078872477E3,-5.385670062E1
1.078973354E3,-5.328862448E1
1.079079766E3,-5.353576037E1
1.079186125E3,-5.321932792E1
1.079289251E3,-3.911059603E1
1.079395209E3,-4.291923814E1
1.079497645E3,-4.447856400E1
1.079603953E3,-4.306066983E1
1.079705961E3,-4.624846793E1
1.079812317E3,-4.738204146E1
1.079918654E3,-4.538560493E1
1.080022672E3,-4.844148126E1
1.080129075E3,-4.963796787E1
1.080235410E3,-5.039056759E1
1.080339342E3,-5.257161800E1
1.080440682E3,-5.300777199E1
1.080544458E3,-5.427851203E1
1.080650849E3,-5.276939090E1
1.080756013E3,-5.383519796E1
1.080862387E3,-5.376376747E1
1.080968699E3,-5.510861257E1
1.081072612E3,-5.464832413E1
1.081174971E3,-5.232950047E1
1.081281322E3,-5.067713836E1
1.081383098E3,-4.341821910E1
1.081489384E3,-4.998462932E1
1.081590781E3,-4.027512092E1
1.081696507E3,-4.312242812E1
1.081799824E3,-4.469306634E1
1.081906123E3,-4.763808786E1
1.082010907E3,-4.322074789E1
1.082116190E3,-4.423150771E1
1.082222306E3,-4.974573424E1
1.082323598E3,-4.523259954E1
1.082429889E3,-4.675044719E1
1.082536371E3,-4.690902974E1
1.082639539E3,-4.897787301E1
1.082740294E3,-5.062886911E1
1.082846624E3,-5.055460625E1
1.082952620E3,-4.606673123E1
1.083056197E3,-4.562381448E1
1.083162468E3,-4.575761876E1
1.083265925E3,-4.967268919E1
1.083372205E3,-5.173541691E1
1.083473671E3,-5.136356791E1
1.083580005E3,-5.425986198E1
1.083686303E3,-5.256582028E1
1.083790254E3,-5.360028729E1
1.083895758E3,-5.360507816E1
1.083997657E3,-5.350762390E1
1.084103970E3,-5.247577792E1
1.084206333E3,-4.044180805E1
1.084309018E3,-4.349229919E1
1.084414237E3,-4.072511842E1
1.084518444E3,-3.696165212E1
1.084623046E3,-3.849599698E1
1.084729476E3,-3.411559105E1
1.084831483E3,-3.401371234E1
1.084937259E3,-3.639228853E1
1.085039666E3,-3.545331351E1
1.085140454E3,-3.930422058E1
1.085246826E3,-4.187185008E1
1.085353049E3,-4.059145654E1
1.085456400E3,-3.890986179E1
1.085562698E3,-3.513387525E1
1.085669001E3,-4.233793899E1
1.085773069E3,-4.186541647E1
1.085879443E3,-4.107882501E1
1.085985774E3,-4.077031825E1
1.086089847E3,-3.960355680E1
1.086190527E3,-3.506730525E1
1.086296882E3,-4.306634938E1
1.086403191E3,-5.260684655E1
1.086506448E3,-5.381215588E1
1.086609850E3,-3.996779901E1
1.086716258E3,-4.034876544E1
1.086822584E3,-4.790008364E1
1.086923916E3,-4.911357048E1
1.087027497E3,-5.346235866E1
1.087133833E3,-5.487895700E1
1.087239813E3,-5.355120499E1
1.087346080E3,-5.194407441E1
1.087447553E3,-4.566423459E1
1.087553894E3,-4.629606115E1
1.087656582E3,-3.639063156E1
1.087760939E3,-4.409195408E1
1.087867264E3,-4.774331433E1
1.087973169E3,-4.532922457E1
1.088077474E3,-4.478398964E1
1.088183800E3,-5.092246591E1
1.088289928E3,-5.203148044E1
1.088394427E3,-5.252098948E1
1.088500351E3,-3.109799639E1
1.088606610E3,-3.931047743E1
1.088712714E3,-4.851848089E1
1.088819096E3,-5.199643605E1
1.088923342E3,-5.460130817E1
1.089025659E3,-5.429744388E1
1.089127638E3,-5.362064901E1
1.089233878E3,-5.250120754E1
1.089340057E3,-5.338715674E1
1.089446403E3,-5.309547368E1
1.089552674E3,-5.408124788E1
1.089656720E3,-5.335562330E1
1.089758398E3,-5.386626894E1
1.089863971E3,-5.142899716E1
1.089967662E3,-5.332326571E1
1.090073413E3,-5.561469897E1
1.090179752E3,-5.386770193E1
1.090286130E3,-5.034432118E1
1.090390088E3,-5.300796308E1
1.090496385E3,-5.312249751E1
1.090602765E3,-5.473364049E1
1.090706777E3,-5.341435428E1
1.090813093E3,-5.158128863E1
1.090919471E3,-4.915480251E1
1.091023481E3,-5.259503993E1
1.091129797E3,-5.033918114E1
1.091236173E3,-5.037267580E1
1.091340129E3,-5.100551574E1
1.091444181E3,-5.434778169E1
1.091550501E3,-4.628162004E1
1.091656413E3,-4.025021225E1
1.091762775E3,-4.987026845E1
1.091869099E3,-4.284110838E1
1.091973554E3,-4.410157948E1
1.092079652E3,-4.623366036E1
1.092184219E3,-4.842826495E1
1.092290198E3,-5.355184543E1
1.092394251E3,-5.286325591E1
1.092497559E3,-5.033023404E1
1.092598443E3,-5.103874564E1
1.092704523E3,-5.128190839E1
1.092806949E3,-5.053805221E1
1.092913253E3,-4.848567171E1
1.093019561E3,-4.752869519E1
1.093123676E3,-4.935248115E1
1.093230009E3,-3.388419485E1
1.093336352E3,-3.351220581E1
1.093440173E3,-3.595541681E1
1.093541186E3,-3.285288547E1
1.093647526E3,-4.110206165E1
1.093753901E3,-3.808330821E1
1.093857094E3,-4.283350860E1
1.093963200E3,-3.939867359E1
1.094068734E3,-3.900120549E1
1.094173727E3,-4.258333845E1
1.094280106E3,-3.896870401E1
1.094386416E3,-4.174668246E1
1.094490502E3,-4.509657159E1
1.094596168E3,-3.480918668E1
1.094697670E3,-3.684880718E1
1.094801192E3,-3.963682407E1
1.094907088E3,-4.369922103E1
1.095009074E3,-4.320127508E1
1.095114739E3,-3.871085876E1
1.095221071E3,-4.723406387E1
1.095323806E3,-5.243304980E1
1.095430164E3,-5.357543749E1
1.095536418E3,-5.381838761E1
1.095640504E3,-3.916405036E1
1.095746859E3,-4.615195234E1
1.095853192E3,-5.108631201E1
1.095957160E3,-3.969154491E1
1.096063434E3,-3.754681235E1
1.096169588E3,-4.837062674E1
1.096273932E3,-4.372545552E1
1.096380232E3,-4.346448568E1
1.096486567E3,-4.422330771E1
1.096590615E3,-4.376102269E1
1.096697110E3,-4.872013601E1
1.096799869E3,-5.281561120E1
1.096905517E3,-5.277790628E1
1.097007300E3,-5.457029578E1
1.097113590E3,-5.249816226E1
1.097219983E3,-5.350154942E1
1.097324016E3,-5.362012292E1
1.097429957E3,-5.364785018E1
1.097535593E3,-5.338687430E1
1.097640642E3,-5.207963068E1
1.097741428E3,-5.299973459E1
1.097847819E3,-5.367918875E1
1.097954101E3,-5.298823724E1
1.098057297E3,-5.390716781E1
1.098163537E3,-4.860965865E1
1.098267427E3,-4.691393918E1
1.098373535E3,-4.407132893E1
1.098479820E3,-4.026092055E1
1.098584050E3,-4.127145117E1
1.098690309E3,-3.941907537E1
1.098796285E3,-4.290681141E1
1.098897483E3,-4.176697555E1
1.099003060E3,-4.029672797E1
1.099107426E3,-3.932287273E1
1.099211603E3,-4.784461577E1
1.099317867E3,-4.552731638E1
1.099423683E3,-4.450947910E1
1.099530033E3,-4.430149292E1
1.099634716E3,-4.511567347E1
1.099740801E3,-4.567300824E1
1.099842727E3,-4.774984511E1
1.099947392E3,-4.820585000E1
1.100053710E3,-5.199333831E1
1.100157514E3,-5.259831038E1
1.100263812E3,-5.237353466E1
1.100366596E3,-4.592635090E1
1.100472892E3,-4.391707160E1
1.100577685E3,-4.855676725E1
1.100683426E3,-4.956807471E1
1.100789776E3,-4.893098104E1
1.100891653E3,-4.519307823E1
1.100997629E3,-4.601386905E1
1.101103894E3,-5.068014767E1
1.101207526E3,-4.561446667E1
1.101313540E3,-4.855379447E1
1.101419848E3,-4.468108810E1
1.101524305E3,-4.715402352E1
1.101630605E3,-4.580029213E1
1.101737004E3,-3.046021302E1
1.101841164E3,-4.434213877E1
1.101941745E3,-4.333132166E1
1.102047140E3,-4.728280531E1
1.102148739E3,-4.623572837E1
1.102253516E3,-5.274386118E1
1.102357504E3,-5.265896372E1
1.102458474E3,-5.339679348E1
1.102564925E3,-5.408647498E1
1.102671281E3,-5.540739109E1
1.102774343E3,-5.327862485E1
1.102880550E3,-5.408469956E1
1.102981540E3,-4.948025807E1
1.103087870E3,-5.259074737E1
1.103191071E3,-5.348023529E1
1.103297401E3,-5.217390510E1
1.103403315E3,-5.021610927E1
1.103507837E3,-4.157674937E1
1.103614118E3,-4.192213242E1
1.103720551E3,-4.738633611E1
1.103824438E3,-4.311573657E1
1.103926219E3,-4.112454168E1
1.104027756E3,-4.590310740E1
1.104134045E3,-4.590364972E1
1.104240379E3,-4.872483255E1
1.104346674E3,-4.633318682E1
1.104448169E3,-4.726300148E1
1.104553770E3,-4.994986330E1
1.104657855E3,-5.373479275E1
1.104760915E3,-5.276357739E1
1.104867155E3,-5.269347588E1
1.104970898E3,-5.206984668E1
1.105074594E3,-5.243542563E1
1.105180835E3,-3.763645714E1
1.105287011E3,-3.465555632E1
1.105391215E3,-4.274229047E1
1.105497479E3,-4.855177078E1
1.105600948E3,-5.299089978E1
1.105705641E3,-5.349013987E1
1.105807937E3,-5.479825531E1
1.105914239E3,-5.295098479E1
1.106018213E3,-5.259633551E1
1.106124000E3,-5.258564368E1
1.106225454E3,-4.559933445E1
1.106331810E3,-3.702575666E1
1.106438114E3,-2.877134942E1
1.106541274E3,-3.417893190E1
1.106642095E3,-3.242729792E1
1.106748471E3,-4.192065599E1
1.106854729E3,-3.650202106E1
1.106957990E3,-2.862411265E1
1.107059642E3,-2.976579298E1
1.107165152E3,-3.242041706E1
1.107271571E3,-3.948805484E1
1.107374750E3,-4.132733519E1
1.107481091E3,-4.514076044E1
1.107585437E3,-4.570254436E1
1.107691021E3,-5.225431080E1
1.107797434E3,-5.365441507E1
1.107903731E3,-5.277024002E1
1.108008145E3,-5.248704420E1
1.108110671E3,-5.344970936E1
1.108214272E3,-5.444345505E1
1.108316639E3,-5.302254715E1
1.108418686E3,-5.310952741E1
1.108524844E3,-5.142529470E1
1.108631284E3,-5.364595443E1
1.108737682E3,-5.292348091E1
1.108841467E3,-5.219239159E1
1.108942270E3,-5.225837145E1
1.109048600E3,-5.262882289E1
1.109154882E3,-5.118203097E1
1.109258163E3,-5.207797137E1
1.109364444E3,-5.181558032E1
1.109469371E3,-5.246111616E1
1.109574929E3,-5.182504009E1
1.109681384E3,-5.291579128E1
1.109786673E3,-5.171301593E1
1.109891582E3,-5.330483133E1
1.109997714E3,-5.129769751E1
1.110099804E3,-5.264685629E1
1.110206105E3,-3.432029166E1
1.110308314E3,-2.596525900E1
1.110414190E3,-3.211527608E1
1.110520582E3,-3.445490232E1
1.110624981E3,-3.166219916E1
1.110731387E3,-3.425252669E1
1.110837693E3,-3.629301593E1
1.110941600E3,-3.744800178E1
1.111046758E3,-2.986132765E1
1.111148406E3,-4.477396239E1
1.111254698E3,-3.840935145E1
1.111358391E3,-4.388491212E1
1.111464682E3,-3.733432269E1
1.111565905E3,-3.712631827E1
1.111671510E3,-4.378804789E1
1.111775050E3,-3.446958988E1
1.111877626E3,-3.812948129E1
1.111984066E3,-3.588049202E1
1.112090326E3,-4.243653271E1
1.112191770E3,-5.344297553E1
1.112297640E3,-5.354641200E1
1.112403965E3,-5.388517136E1
1.112508539E3,-5.309390750E1
1.112612444E3,-5.290351711E1
1.112718817E3,-5.320239782E1
1.112825133E3,-5.417257878E1
1.112927626E3,-5.481355339E1
1.113033917E3,-5.226161655E1
1.113139368E3,-5.313058927E1
1.113241811E3,-5.319630256E1
1.113348063E3,-5.430903547E1
1.113451534E3,-5.349386865E1
1.113554572E3,-5.437869974E1
1.113658502E3,-5.327630014E1
1.113764841E3,-5.218075187E1
1.113867313E3,-5.538875132E1
1.113972941E3,-5.424299643E1
1.114075231E3,-5.441478879E1
1.114181567E3,-5.283071570E1
1.114286977E3,-5.298530846E1
1.114391970E3,-4.759030159E1
1.114497649E3,-3.991220653E1
1.114604032E3,-4.109341400E1
1.114708590E3,-4.278492547E1
1.114814987E3,-4.864386052E1
1.114921361E3,-5.391303341E1
1.115025290E3,-3.655870298E1
1.115131577E3,-4.284802904E1
1.115237447E3,-4.714403684E1
1.115342013E3,-4.648298234E1
1.115445998E3,-4.656001145E1
1.115552346E3,-5.113942070E1
1.115658554E3,-4.998426355E1
1.115759495E3,-5.044113008E1
1.115865832E3,-5.224905634E1
1.115972148E3,-5.229676991E1
1.116075308E3,-5.326728834E1
1.116180850E3,-5.241210550E1
1.116287206E3,-5.083751994E1
1.116392106E3,-5.394844917E1
1.116497587E3,-5.181708332E1
1.116603475E3,-5.352205881E1
1.116708760E3,-4.343090257E1
1.116815156E3,-3.418327564E1
1.116918400E3,-3.836091501E1
1.117024083E3,-4.161222765E1
1.117125518E3,-3.866175802E1
1.117231820E3,-4.433487442E1
1.117333491E3,-4.428178815E1
1.117439288E3,-4.087772517E1
1.117542264E3,-4.029236625E1
1.117645544E3,-4.110701927E1
1.117751450E3,-3.840643476E1
1.117857660E3,-3.706476909E1
1.117958837E3,-3.809664240E1
1.118062696E3,-3.915452765E1
1.118167998E3,-4.147351616E1
1.118274023E3,-4.237947759E1
1.118378594E3,-4.992821579E1
1.118484451E3,-5.150575789E1
1.118590854E3,-4.569285140E1
1.118692228E3,-4.902444250E1
1.118797599E3,-4.994081988E1
1.118902645E3,-4.894425159E1
1.119008978E3,-4.620705756E1
1.119115341E3,-4.967345520E1
1.119221629E3,-4.930803488E1
1.119325695E3,-4.846437467E1
1.119432029E3,-4.543314558E1
1.119536348E3,-4.550134035E1
1.119642335E3,-4.619451557E1
1.119748616E3,-4.640135091E1
1.119854900E3,-4.612712615E1
1.119959339E3,-4.811047960E1
1.120065003E3,-5.189046683E1
1.120166787E3,-5.076028412E1
1.120273066E3,-5.085357745E1
1.120375565E3,-5.374757331E1
1.120476519E3,-5.365919483E1
1.120578781E3,-5.383269834E1
1.120685415E3,-5.430586410E1
1.120790802E3,-5.296701178E1
1.120892444E3,-5.383993183E1
1.120997655E3,-5.230972259E1
1.121103952E3,-5.320718701E1
1.121209134E3,-5.260229116E1
1.121315322E3,-5.301449100E1
1.121420913E3,-5.175012836E1
1.121525849E3,-4.948329717E1
1.121630859E3,-5.207564158E1
1.121733586E3,-5.333147577E1
1.121839229E3,-5.227506038E1
1.121942481E3,-5.419982020E1
1.122048830E3,-3.443745526E1
1.122151818E3,-3.284768268E1
1.122258037E3,-4.548970980E1
1.122359192E3,-4.657685389E1
1.122465544E3,-3.454851452E1
1.122571934E3,-4.122938863E1
1.122675846E3,-2.866519724E1
1.122776672E3,-3.454308594E1
1.122883024E3,-2.904162915E1
1.122989350E3,-2.946502032E1
1.123092610E3,-3.876769154E1
1.123197727E3,-4.686368542E1
1.123303833E3,-4.073346662E1
1.123409273E3,-4.306462464E1
1.123511911E3,-5.214244002E1
1.123617686E3,-5.251934572E1
1.123724060E3,-5.292185007E1
1.123825940E3,-5.530342925E1
1.123927678E3,-5.420816052E1
1.124031888E3,-5.009989503E1
1.124138180E3,-4.829844854E1
1.124242569E3,-5.231578809E1
1.124348112E3,-5.121379227E1
1.124454404E3,-5.151064113E1
1.124559336E3,-5.373743850E1
1.124664101E3,-5.198184422E1
1.124769801E3,-5.300149922E1
1.124876051E3,-5.373871338E1
1.124982370E3,-5.283654931E1
1.125086257E3,-5.356151820E1
1.125191808E3,-5.182043581E1
1.125297680E3,-5.017620586E1
1.125404032E3,-5.120771199E1
1.125509284E3,-5.209944134E1
1.125610193E3,-5.133448257E1
1.125716477E3,-5.417660165E1
1.125822753E3,-5.064081350E1
1.125925974E3,-5.145606585E1
1.126026865E3,-5.356100731E1
1.126132496E3,-5.461306393E1
1.126238724E3,-5.387978488E1
1.126342808E3,-5.204218407E1
1.126443595E3,-5.111049130E1
1.126549901E3,-5.287467340E1
1.126654620E3,-5.307906997E1
1.126759588E3,-5.342974306E1
1.126864504E3,-5.414583970E1
1.126970748E3,-5.329448264E1
1.127076199E3,-5.403341685E1
1.127182474E3,-5.333803494E1
1.127288837E3,-4.468867693E1
1.127392903E3,-5.331464725E1
1.127497640E3,-4.136162073E1
1.127604030E3,-3.368252470E1
1.127709605E3,-3.554706868E1
1.127815913E3,-3.166110009E1
1.127922302E3,-3.725237077E1
1.128026275E3,-5.033727376E1
1.128132559E3,-5.348091183E1
1.128238138E3,-5.301259513E1
1.128342958E3,-5.336360329E1
1.128449306E3,-5.299903787E1
1.128555732E3,-5.342545764E1
1.128659691E3,-5.314603775E1
1.128761066E3,-5.257153969E1
1.128866717E3,-5.244511776E1
1.128973038E3,-5.163445232E1
1.129076363E3,-4.595016819E1
1.129179724E3,-4.795789328E1
1.129286019E3,-4.841750378E1
1.129392363E3,-4.730498833E1
1.129497642E3,-4.918959096E1
1.129603716E3,-4.896892238E1
1.129709744E3,-3.731779135E1
1.129815738E3,-3.678557287E1
1.129921457E3,-3.526023879E1
1.130026437E3,-3.263813635E1
1.130132697E3,-3.560013690E1
1.130236867E3,-4.769069573E1
1.130342477E3,-4.675601783E1
1.130443939E3,-3.834611947E1
1.130550367E3,-5.187599003E1
1.130656709E3,-4.051280333E1
1.130759786E3,-4.589280666E1
1.130861648E3,-4.847237136E1
1.130967271E3,-4.639116850E1
1.131073592E3,-3.978141782E1
1.131176527E3,-5.028097101E1
1.131282864E3,-5.163789732E1
1.131389207E3,-5.099615661E1
1.131493221E3,-5.204919028E1
1.131597683E3,-5.128800494E1
1.131704032E3,-5.237170779E1
1.131809936E3,-5.215273125E1
1.131916314E3,-5.157607524E1
1.132022645E3,-5.194950512E1
1.132126620E3,-5.516201865E1
1.132232797E3,-5.242958798E1
1.132334905E3,-5.535784514E1
1.132436633E3,-5.497292193E1
1.132542888E3,-4.344279852E1
1.132649207E3,-3.717706424E1
1.132751117E3,-3.703202501E1
1.132854135E3,-4.386356785E1
1.132959976E3,-4.175155105E1
1.133066238E3,-4.732612833E1
1.133172500E3,-3.609305001E1
1.133277343E3,-4.875268144E1
1.133382948E3,-4.529128494E1
1.133487136E3,-4.861210290E1
1.133593380E3,-4.831612861E1
1.133697699E3,-3.956363674E1
1.133804027E3,-3.840350308E1
1.133910058E3,-4.379905386E1
1.134012172E3,-4.496168873E1
1.134116133E3,-5.004552323E1
1.134222473E3,-4.759167288E1
1.134326742E3,-4.359146350E1
1.134433102E3,-3.958157694E1
1.134538692E3,-4.704933229E1
1.134643447E3,-5.394128709E1
1.134749792E3,-5.208406047E1
1.134856139E3,-5.306247476E1
1.134960119E3,-5.261228546E1
1.135066329E3,-5.332129771E1
1.135169770E3,-5.288027827E1
1.135275557E3,-5.289399649E1
1.135377613E3,-5.303821155E1
1.135483933E3,-5.489096354E1
1.135585720E3,-5.347626936E1
1.135691554E3,-5.266267776E1
1.135797723E3,-5.575065654E1
1.135903943E3,-5.430014885E1
1.136010212E3,-5.320105902E1
1.136115602E3,-5.370607251E1
1.136220488E3,-5.519336566E1
1.136326452E3,-5.379119037E1
1.136432436E3,-5.494014785E1
1.136538800E3,-5.077028536E1
1.136643446E3,-4.577078474E1
1.136749028E3,-4.710547503E1
1.136855253E3,-4.873598407E1
1.136960259E3,-4.689301245E1
1.137065690E3,-5.010731931E1
1.137168038E3,-4.762982033E1
1.137273537E3,-4.567612258E1
1.137377001E3,-4.854175984E1
1.137482370E3,-4.788073425E1
1.137588793E3,-4.612880182E1
1.137693607E3,-4.394205277E1
1.137799029E3,-5.221018514E1
1.137905442E3,-5.350322554E1
1.138010396E3,-5.211914574E1
1.138115723E3,-5.181638419E1
1.138220104E3,-5.316213637E1
1.138325766E3,-4.955206045E1
1.138427176E3,-4.620789823E1
1.138532397E3,-4.616740753E1
1.138638685E3,-4.913161047E1
1.138743752E3,-5.354346687E1
1.138849019E3,-5.118140482E1
1.138955422E3,-4.830365446E1
1.139060427E3,-4.685866383E1
1.139165735E3,-5.360432742E1
1.139271960E3,-4.769919358E1
1.139377162E3,-4.557952681E1
1.139482218E3,-4.580818636E1
1.139588571E3,-5.250526897E1
1.139693808E3,-4.862486535E1
1.139799006E3,-5.293524059E1
1.139905286E3,-5.013071453E1
1.140010523E3,-4.943496005E1
1.140115712E3,-5.248510591E1
1.140222051E3,-4.859337967E1
1.140327208E3,-4.714267632E1
1.140432399E3,-4.722393679E1
1.140537597E3,-4.899317342E1
1.140643880E3,-4.864932187E1
1.140749021E3,-4.958145842E1
1.140850806E3,-4.783231300E1
1.140956342E3,-5.386882198E1
1.141060631E3,-5.405962881E1
1.141166967E3,-5.474452136E1
1.141272264E3,-5.316803504E1
1.141377271E3,-5.486332502E1
1.141480627E3,-5.467079859E1
1.141586976E3,-5.310573143E1
1.141693342E3,-5.512060598E1
1.141797643E3,-5.312558837E1
1.141902477E3,-4.945297463E1
1.142008215E3,-4.735204294E1
1.142110692E3,-4.757878244E1
1.142217046E3,-4.611252474E1
1.142323384E3,-4.471928555E1
1.142427426E3,-4.801115278E1
1.142533838E3,-4.645499613E1
1.142640199E3,-4.713542976E1
1.142743937E3,-4.706691175E1
1.142844810E3,-4.707949711E1
1.142951142E3,-4.634900100E1
1.143057508E3,-4.434475267E1
1.143160792E3,-5.164354966E1
1.143266869E3,-5.316842328E1
1.143372690E3,-5.410120012E1
1.143477435E3,-5.397478859E1
1.143583545E3,-5.520016925E1
1.143689844E3,-5.395878745E1
1.143794059E3,-5.469039104E1
1.143897658E3,-5.373775994E1
1.144003899E3,-5.466541695E1
1.144110190E3,-5.440874635E1
1.144211636E3,-5.364159627E1
1.144317801E3,-5.265525478E1
1.144423608E3,-5.475661203E1
1.144527577E3,-5.306108170E1
1.144634015E3,-5.304702577E1
1.144740358E3,-5.171752194E1
1.144844211E3,-5.224846070E1
1.144950373E3,-5.350143424E1
1.145055945E3,-5.476391842E1
1.145160975E3,-5.281305250E1
1.145267319E3,-5.348151374E1
1.145370897E3,-5.466652283E1
1.145476525E3,-5.237471894E1
1.145578395E3,-5.339498647E1
1.145684751E3,-5.280664533E1
1.145791036E3,-5.524915782E1
1.145894175E3,-5.507676970E1
1.145997654E3,-5.396355538E1
1.146104009E3,-5.454154599E1
1.146210403E3,-5.483412614E1
1.146311661E3,-5.442307608E1
1.146417449E3,-5.251990757E1
1.146523962E3,-5.284042420E1
1.146629765E3,-5.293562798E1
1.146736125E3,-5.398267749E1
1.146842285E3,-5.416863083E1
1.146944260E3,-5.283687564E1
1.147046236E3,-5.097410437E1
1.147151874E3,-5.333536286E1
1.147256088E3,-5.333741531E1
1.147360988E3,-5.164170564E1
1.147466635E3,-5.196452688E1
1.147572441E3,-5.277999330E1
1.147677764E3,-5.353847305E1
1.147783957E3,-5.443851925E1
1.147885437E3,-5.407786182E1
1.147986823E3,-5.155592029E1
1.148092860E3,-5.310306975E1
1.148197704E3,-5.170244560E1
1.148304036E3,-5.163456821E1
1.148410368E3,-4.907169228E1
1.148512447E3,-5.009591165E1
1.148618497E3,-4.942130485E1
1.148720949E3,-5.236352807E1
1.148827263E3,-4.610200687E1
1.148928686E3,-4.790846416E1
1.149030405E3,-5.063217659E1
1.149136153E3,-5.325323185E1
1.149241757E3,-5.314736597E1
1.149344562E3,-4.253210648E1
1.149450902E3,-3.662696419E1
1.149552914E3,-4.598799863E1
1.149656535E3,-4.586341707E1
1.149761271E3,-3.987745754E1
1.149864261E3,-4.967470040E1
1.149970617E3,-5.349181450E1
1.150074204E3,-5.400075400E1
1.150177832E3,-3.901989051E1
1.150280179E3,-4.324260478E1
1.150386557E3,-4.236902453E1
1.150491167E3,-4.050137105E1
1.150594649E3,-4.202946854E1
1.150697542E3,-4.322149535E1
1.150803213E3,-4.702963146E1
1.150909061E3,-4.626639453E1
1.151011365E3,-4.691901652E1
1.151114947E3,-5.298703110E1
1.151217563E3,-5.162997229E1
1.151323891E3,-5.217184014E1
1.151428033E3,-3.908302531E1
1.151530876E3,-4.039782970E1
1.151636415E3,-4.277558809E1
1.151741141E3,-4.465025602E1
1.151844740E3,-4.537288861E1
1.151950997E3,-4.713050557E1
1.152057286E3,-5.184061791E1
1.152161446E3,-5.444975709E1
1.152267653E3,-5.648061561E1
1.152373968E3,-3.840483144E1
1.152478226E3,-4.209068172E1
1.152584581E3,-3.964826875E1
1.152690927E3,-4.035146250E1
1.152794826E3,-4.073320113E1
1.152897642E3,-4.569995694E1
1.153003747E3,-4.117129110E1
1.153110025E3,-4.673751140E1
1.153211482E3,-4.436781994E1
1.153317765E3,-4.615619140E1
1.153421955E3,-4.679228832E1
1.153528191E3,-4.799424700E1
1.153632475E3,-4.694631599E1
1.153737485E3,-4.405646183E1
1.153842706E3,-4.609538178E1
1.153944943E3,-4.985263650E1
1.154051301E3,-4.703895168E1
1.154157565E3,-4.495962923E1
1.154261482E3,-4.699514167E1
1.154366189E3,-4.855344948E1
1.154472582E3,-5.023724848E1
1.154578194E3,-5.218696152E1
1.154679165E3,-5.214727595E1
1.154782884E3,-5.500199088E1
1.154888495E3,-5.418140745E1
1.154994572E3,-5.377582112E1
1.155099812E3,-5.294141704E1
1.155206160E3,-5.356124552E1
1.155311547E3,-5.238104777E1
1.155412484E3,-5.340754347E1
1.155518841E3,-5.391108391E1
1.155625187E3,-5.451273871E1
1.155728389E3,-5.509920653E1
1.155832268E3,-5.525414003E1
1.155937766E3,-5.211064514E1
1.156044149E3,-5.071869569E1
1.156150381E3,-5.010772285E1
1.156256660E3,-4.518464658E1
1.156361742E3,-4.999039499E1
1.156462546E3,-4.725479911E1
1.156568856E3,-4.976811915E1
1.156675200E3,-5.292336828E1
1.156778449E3,-5.469978844E1
1.156882799E3,-5.301783374E1
1.156988821E3,-5.311700996E1
1.157095151E3,-4.737880806E1
1.157197671E3,-4.886867103E1
1.157303955E3,-4.519424351E1
1.157410327E3,-4.440799292E1
1.157511860E3,-4.161424002E1
1.157616122E3,-4.070060496E1
1.157722495E3,-4.213379441E1
1.157828440E3,-5.302474001E1
1.157930409E3,-3.927740164E1
1.158033333E3,-4.386317405E1
1.158139702E3,-5.349787773E1
1.158245221E3,-4.737643297E1
1.158351582E3,-4.202412787E1
1.158458038E3,-4.786036970E1
1.158561915E3,-4.322958780E1
1.158668282E3,-4.596825363E1
1.158771038E3,-4.629554893E1
1.158877344E3,-4.081016783E1
1.158978631E3,-4.269035404E1
1.159080959E3,-5.030642355E1
1.159187356E3,-5.417062785E1
1.159290919E3,-5.278026939E1
1.159395326E3,-5.460268117E1
1.159501616E3,-5.308064791E1
1.159605682E3,-5.132220069E1
1.159708910E3,-3.582570341E1
1.159812105E3,-3.564828637E1
1.159918611E3,-4.094124594E1
1.160025206E3,-4.862367652E1
1.160128747E3,-4.071407144E1
1.160231727E3,-4.206369572E1
1.160338120E3,-4.847464972E1
1.160440068E3,-5.317193343E1
1.160545472E3,-5.405102359E1
1.160651708E3,-5.391402118E1
1.160758042E3,-5.332173707E1
1.160862130E3,-5.554782985E1
1.160968431E3,-5.311543135E1
1.161074693E3,-5.415712038E1
1.161178825E3,-5.353235162E1
1.161285194E3,-5.389108967E1
1.161390950E3,-5.122608786E1
1.161495494E3,-5.409205294E1
1.161597650E3,-5.366481074E1
1.161704012E3,-5.286892777E1
1.161808266E3,-5.342052316E1
1.161912178E3,-5.149737168E1
1.162018552E3,-4.355115026E1
1.162124833E3,-4.970625904E1
1.162228873E3,-5.048633098E1
1.162335253E3,-5.253552013E1
1.162441620E3,-5.106712159E1
1.162545556E3,-4.588675228E1
1.162651864E3,-4.815587552E1
1.162758197E3,-4.783286046E1
1.162862266E3,-5.074217047E1
1.162968591E3,-5.272264672E1
1.163073005E3,-5.326627020E1
1.163179009E3,-5.370966372E1
1.163285310E3,-5.446089092E1
1.163391668E3,-5.291877089E1
1.163497630E3,-5.441576999E1
1.163603983E3,-5.396773493E1
1.163710349E3,-5.501834040E1
1.163812326E3,-5.366560617E1
1.163918688E3,-5.490385756E1
1.164025037E3,-5.371246708E1
1.164129027E3,-4.951920723E1
1.164235375E3,-4.494139930E1
1.164341668E3,-4.057797820E1
1.164445677E3,-3.906440908E1
1.164552014E3,-4.141773666E1
1.164657613E3,-4.773401720E1
1.164762454E3,-4.954046384E1
1.164864401E3,-4.468858973E1
1.164970818E3,-5.053279031E1
1.165077168E3,-5.206159937E1
1.165179140E3,-5.349264018E1
1.165285487E3,-5.296421431E1
1.165387305E3,-4.765517867E1
1.165493595E3,-4.489925076E1
1.165596622E3,-5.364101695E1
1.165703006E3,-5.273848194E1
1.165809293E3,-5.356064576E1
1.165912507E3,-5.253679133E1
1.166018879E3,-5.258565178E1
1.166125232E3,-5.409560215E1
1.166229251E3,-5.402713232E1
1.166335635E3,-5.398775957E1
1.166442076E3,-5.218362342E1
1.166545862E3,-4.969990856E1
1.166652163E3,-5.112613700E1
1.166758506E3,-5.279575578E1
1.166862560E3,-5.456641294E1
1.166968810E3,-5.367409728E1
1.167075068E3,-5.356571332E1
1.167179260E3,-5.452807109E1
1.167285614E3,-5.153557400E1
1.167387555E3,-5.134097238E1
1.167489734E3,-4.509987628E1
1.167595963E3,-4.633171395E1
1.167702276E3,-4.361443673E1
1.167808580E3,-3.807046137E1
1.167912718E3,-4.112888339E1
1.168017641E3,-4.338099201E1
1.168123957E3,-4.067442862E1
1.168229295E3,-4.353839357E1
1.168335770E3,-4.896037171E1
1.168441513E3,-4.280016751E1
1.168546007E3,-4.032684947E1
1.168652342E3,-3.935419632E1
1.168758686E3,-4.278073599E1
1.168862721E3,-4.762403195E1
1.168969051E3,-4.428912142E1
1.169073837E3,-4.357623729E1
1.169179429E3,-4.377032220E1
1.169285901E3,""
1.169389823E3,""
1.169496103E3,""
1.169602398E3,""
1.169708714E3,""
1.169812778E3,""
1.169919115E3,""
1.170024259E3,""
1.170129500E3,""
1.170235745E3,""
1.170342065E3,""
1.170446184E3,""
1.170552476E3,""
1.170658779E3,""
1.170762860E3,""
1.170869200E3,""
1.170975534E3,""
1.171079568E3,""
1.171185841E3,""
1.171292235E3,""
1.171397097E3,""
1.171503473E3,""
1.171609905E3,""
1.171712955E3,""
1.171819322E3,""
1.171925658E3,""
1.172029635E3,""
1.172135920E3,""
1.172242174E3,""
1.172346311E3,""
1.172452719E3,""
1.172559042E3,""
1.172662987E3,""
1.172769256E3,""
1.172875512E3,""
1.172979714E3,""
1.173085987E3,""
1.173192262E3,""
1.173297247E3,""
1.173403617E3,""
1.173506847E3,""
1.173613111E3,""
1.173719329E3,""
1.173825666E3,""
1.173929754E3,""
1.174036054E3,""
1.174138710E3,""
1.174241184E3,""
1.174346448E3,""
1.174452759E3,""
1.174559062E3,""
1.174663151E3,""
1.174769475E3,""
1.174875809E3,""
1.174979829E3,""
1.175086189E3,""
1.175192540E3,""
1.175297483E3,""
1.175403932E3,""
1.175510262E3,""
1.175613310E3,""
1.175717585E3,""
1.175823907E3,""
1.175929868E3,""
1.176036206E3,""
1.176141815E3,""
1.176246602E3,""
1.176353002E3,""
1.176459327E3,""
1.176563291E3,""
1.176669620E3,""
1.176775924E3,""
1.176880013E3,""
1.176986331E3,""
1.177092593E3,""
1.177196754E3,""
1.177303139E3,""
1.177409675E3,""
1.177513384E3,""
1.177616168E3,""
1.177722507E3,""
1.177828866E3,""
1.177930851E3,""
1.178037135E3,""
1.178143415E3,""
1.178246780E3,""
1.178353174E3,""
1.178459546E3,""
1.178563444E3,""
1.178669849E3,""
1.178773427E3,""
1.178879696E3,""
1.178984224E3,""
1.179090591E3,""
1.179196894E3,""
1.179303278E3,""
1.179409649E3,""
1.179513548E3,""
1.179616154E3,""
1.179722522E3,""
1.179824226E3,""
1.179930121E3,""
1.180034251E3,""
1.180140441E3,""
1.180244379E3,""
1.180346863E3,""
1.180452673E3,""
1.180558967E3,""
1.180663623E3,""
1.180770148E3,""
1.180873303E3,""
1.180979343E3,""
1.181080963E3,""
1.181186686E3,""
1.181288729E3,""
1.181394455E3,""
1.181497046E3,""
1.181603432E3,""
1.181705044E3,""
1.181807586E3,""
1.181913716E3,""
1.182020038E3,""
1.182125612E3,""
1.182230433E3,""
1.182332394E3,""
1.182437763E3,""
1.182544002E3,""
1.182646984E3,""
1.182751446E3,""
1.182857681E3,""
1.182963384E3,""
1.183069715E3,""
1.183171616E3,""
1.183277306E3,""
1.183380430E3,""
1.183486447E3,""
1.183592866E3,""
1.183697174E3,""
1.183799129E3,""
1.183905459E3,""
1.184011804E3,""
1.184113899E3,""
1.184220160E3,""
1.184326223E3,""
1.184430570E3,""
1.184536917E3,""
1.184643246E3,""
1.184747308E3,""
1.184850906E3,""
1.184953924E3,""
1.185060210E3,""
1.185163840E3,""
1.185264778E3,""
1.185369560E3,""
1.185475705E3,""
1.185580631E3,""
1.185684825E3,""
1.185789900E3,""
1.185891133E3,""
1.185997304E3,""
1.186098135E3,""
1.186204545E3,""
1.186306611E3,""
1.186407718E3,""
1.186514053E3,""
1.186620349E3,""
1.186726019E3,""
1.186830729E3,""
1.186934065E3,""
1.187039025E3,""
1.187145333E3,""
1.187247379E3,""
1.187348237E3,""
1.187454559E3,""
1.187560939E3,""
1.187664178E3,""
1.187770620E3,""
1.187876951E3,""
1.187980819E3,""
1.188086840E3,""
1.188193100E3,""
1.188297605E3,""
1.188403960E3,""
1.188510218E3,""
1.188615007E3,""
1.188721382E3,""
1.188822936E3,""
1.188928698E3,""
1.189031690E3,""
1.189137359E3,""
1.189241189E3,""
1.189347162E3,""
1.189451831E3,""
1.189557509E3,""
1.189663741E3,""
1.189764421E3,""
1.189870833E3,""
1.189977067E3,""
1.190080936E3,""
1.190187231E3,""
1.190293641E3,""
1.190397694E3,""
1.190504113E3,""
1.190607997E3,""
1.190711406E3,""
1.190814387E3,""
1.190918985E3,""
1.191024266E3,""
1.191130672E3,""
1.191234152E3,""
1.191339821E3,""
1.191444253E3,""
1.191547692E3,""
1.191653699E3,""
1.191760061E3,""
1.191864524E3,""
1.191967333E3,""
1.192073672E3,""
1.192177784E3,""
1.192281138E3,""
1.192387433E3,""
1.192491440E3,""
1.192597386E3,""
1.192699914E3,""
1.192805840E3,""
1.192912181E3,""
1.193014445E3,""
1.193115345E3,""
1.193217778E3,""
1.193324131E3,""
1.193430161E3,""
1.193531986E3,""
1.193637406E3,""
1.193743736E3,""
1.193847826E3,""
1.193948783E3,""
1.194053088E3,""
1.194154472E3,""
1.194260218E3,""
1.194364613E3,""
1.194465428E3,""
1.194570448E3,""
1.194673102E3,""
1.194779495E3,""
1.194882839E3,""
1.194987772E3,""
1.195094094E3,""
1.195198199E3,""
1.195299835E3,""
1.195402034E3,""
1.195504336E3,""
1.195607192E3,""
1.195712776E3,""
1.195814756E3,""
1.195919782E3,""
1.196025687E3,""
1.196131351E3,""
1.196236796E3,""
1.196343124E3,""
1.196448050E3,""
1.196552011E3,""
1.196658181E3,""
1.196763336E3,""
1.196865485E3,""
1.196971189E3,""
1.197077543E3,""
1.197181366E3,""
1.197282361E3,""
1.197388848E3,""
1.197495166E3,""
1.197598216E3,""
1.197704601E3,""
1.197810801E3,""
1.197914914E3,""
1.198021208E3,""
1.198127525E3,""
1.198231618E3,""
1.198337984E3,""
1.198444243E3,""
1.198548312E3,""
1.198654579E3,""
1.198757043E3,""
1.198862552E3,""
1.198964944E3,""
1.199066757E3,""
1.199173099E3,""
1.199279470E3,""
1.199381671E3,""
1.199487750E3,""
1.199594077E3,""
1.199698294E3,""
1.199799219E3,""
1.199905555E3,""
1.200010652E3,""
1.200115070E3,""
1.200220980E3,""
1.200326582E3,""
1.200431775E3,""
1.200537958E3,""
1.200643322E3,""
1.200748455E3,""
1.200854824E3,""
1.200956101E3,""
1.201061668E3,""
1.201165264E3,""
1.201267892E3,""
1.201369897E3,""
1.201476261E3,""
1.201582176E3,""
1.201687709E3,""
1.201793986E3,""
1.201898623E3,""
1.202004980E3,""
1.202108796E3,""
1.202214043E3,""
1.202317678E3,""
1.202418979E3,""
1.202520075E3,""
1.202626446E3,""
1.202731944E3,""
1.202837660E3,""
1.202943284E3,""
1.203048631E3,""
1.203153347E3,""
1.203259019E3,""
1.203365302E3,""
1.203471671E3,""
1.203577896E3,""
1.203682067E3,""
1.203787618E3,""
1.203894028E3,""
1.203998667E3,""
1.204103255E3,""
1.204207772E3,""
1.204311336E3,""
1.204415609E3,""
1.204520033E3,""
1.204621704E3,""
1.204727297E3,""
1.204832143E3,""
1.204934781E3,""
1.205041043E3,""
1.205145007E3,""
1.205248793E3,""
1.205355070E3,""
1.205461301E3,""
1.205565510E3,""
1.205671814E3,""
1.205775829E3,""
1.205881599E3,""
1.205982962E3,""
1.206089317E3,""
1.206191026E3,""
1.206296939E3,""
1.206398766E3,""
1.206501091E3,""
1.206607161E3,""
1.206713490E3,""
1.206818779E3,""
1.206924828E3,""
1.207031164E3,""
1.207133067E3,""
1.207235063E3,""
1.207340673E3,""
1.207446914E3,""
1.207548964E3,""
1.207655278E3,""
1.207761540E3,""
1.207865683E3,""
1.207971990E3,""
1.208075365E3,""
1.208177241E3,""