"Time (s)","Sound pressure level (dB)"
0.000000000E0,-5.517778026E1
1.441851667E-1,-5.127630741E1
2.469900000E-1,-4.838279658E1
3.524786667E-1,-4.191284807E1
4.580671667E-1,-3.520249419E1
5.603880000E-1,-3.608713875E1
6.623566250E-1,-3.815092058E1
7.688911667E-1,-3.456475777E1
8.749184167E-1,-3.461199107E1
9.770867500E-1,-3.940732171E1
1.083758958E0,-4.268892712E1
1.190209833E0,-2.965342024E1
1.293821708E0,-3.293204445E1
1.395877792E0,-3.177938004E1
1.502311958E0,-3.966542814E1
1.608264667E0,-4.491316344E1
1.713075917E0,-3.203383099E1
1.819504917E0,-3.153659598E1
1.921910667E0,-3.028299901E1
2.027096333E0,-3.444853627E1
2.133363083E0,-4.042003571E1
2.238194750E0,-3.717081416E1
2.343767417E0,-3.815775337E1
2.450097583E0,-3.905523200E1
2.554820000E0,-4.022838957E1
2.660499375E0,-3.789045871E1
2.766781167E0,-3.664899768E1
2.871428208E0,-3.852720254E1
2.977191792E0,-3.755131447E1
3.081478333E0,-3.234532844E1
3.187804542E0,-3.215407453E1
3.293868458E0,-3.238671926E1
3.398551583E0,-3.440045820E1
3.504824500E0,-3.504964190E1
3.610637292E0,-3.709563183E1
3.712556375E0,-3.410114323E1
3.818991500E0,-3.376221667E1
3.921450583E0,-3.014933787E1
4.027271458E0,-3.432628516E1
4.130899458E0,-4.225762908E1
4.237296125E0,-4.024945462E1
4.343570042E0,-3.647542150E1
4.445575333E0,-3.746587539E1
4.550525083E0,-3.886376117E1
4.654624833E0,-3.717946436E1
4.760783083E0,-3.161888786E1
4.868179000E0,-3.348194962E1
4.971565125E0,-3.279401925E1
5.077365708E0,-2.868189407E1
5.183815958E0,-3.862629650E1
5.288177792E0,-4.662683211E1
5.394052958E0,-4.809771311E1
5.499109667E0,-5.078518972E1
5.604811083E0,-4.830237316E1
5.710749958E0,-3.609195318E1
5.812955458E0,-4.271692939E1
5.918716833E0,-4.278044045E1
6.021488833E0,-4.187552039E1
6.127365542E0,-4.297669429E1
6.228178875E0,-3.875859834E1
6.334440958E0,-3.502709633E1
6.438117083E0,-3.422316750E1
6.544081250E0,-4.401889181E1
6.647490792E0,-4.623642232E1
6.753959750E0,-4.548004819E1
6.857873917E0,-4.660755647E1
6.960770208E0,-4.588729273E1
7.065181917E0,-4.307108269E1
7.171479167E0,-3.746462311E1
7.277491000E0,-3.583506014E1
7.381760958E0,-3.843550199E1
7.488099167E0,-3.862469110E1
7.594181083E0,-3.774321160E1
7.700465292E0,-3.891897617E1
7.803516500E0,-3.850768365E1
7.909788792E0,-3.931440682E1
8.012975542E0,-5.260034824E1
8.119269375E0,-4.851693442E1
8.225521208E0,-5.090401606E1
8.327554625E0,-3.502019249E1
8.433236000E0,-4.025820479E1
8.537037833E0,-3.196031912E1
8.643345333E0,-3.530277105E1
8.746519000E0,-3.240942017E1
8.847929292E0,-2.986569975E1
8.953694208E0,-3.113337226E1
9.056461333E0,-3.652572592E1
9.160944375E0,-5.055312323E1
9.264919167E0,-4.617527233E1
9.370387750E0,-3.670343797E1
9.474592208E0,-3.442418824E1
9.577648750E0,-3.566805976E1
9.683811833E0,-4.125307758E1
9.786996125E0,-4.570380690E1
9.893270000E0,-4.040050757E1
9.996537333E0,-4.119440811E1
1.010287767E1,-4.089219449E1
1.020647183E1,-3.658109106E1
1.031102787E1,-3.551126591E1
1.041283967E1,-4.862941418E1
1.051918792E1,-5.101384669E1
1.062548096E1,-4.112787163E1
1.072772708E1,-3.287242566E1
1.083275592E1,-3.643180147E1
1.093701775E1,-4.132521772E1
1.104335325E1,-4.554932425E1
1.114524558E1,-5.439172866E1
1.124706775E1,-5.458684236E1
1.135333746E1,-5.238796490E1
1.145963450E1,-5.297862544E1
1.156114042E1,-4.893703752E1
1.166720175E1,-4.457647828E1
1.177037258E1,-5.365662216E1
1.187665292E1,-3.955168251E1
1.197862892E1,-4.266273373E1
1.208110696E1,-4.165647456E1
1.218702183E1,-5.246503766E1
1.229332704E1,-5.453886825E1
1.239536512E1,-5.197596648E1
1.250164587E1,-5.508573580E1
1.260375717E1,-5.292052340E1
1.270646662E1,-5.362728213E1
1.281122700E1,-5.441604167E1
1.291749483E1,-4.528928693E1
1.302052350E1,-4.147573960E1
1.312681279E1,-4.835866211E1
1.323054750E1,-4.573154678E1
1.333671096E1,-4.639734599E1
1.344082254E1,-4.611543689E1
1.354459400E1,-4.808714843E1
1.364829662E1,-5.003630252E1
1.375330500E1,-5.414221684E1
1.385959771E1,-4.736491015E1
1.396139362E1,-5.172663961E1
1.406780975E1,-5.190453696E1
1.417013092E1,-5.236589613E1
1.427239737E1,-5.429043422E1
1.437807650E1,-5.419652357E1
1.448443196E1,-5.303225055E1
1.458669346E1,-5.476301935E1
1.469250946E1,-5.427412808E1
1.479482142E1,-5.383945026E1
1.489735362E1,-4.821858431E1
1.500335808E1,-4.597597986E1
1.510891479E1,-4.946038762E1
1.521283304E1,-4.790198732E1
1.531932117E1,-4.544326953E1
1.542583942E1,-3.859634090E1
1.552814325E1,-4.339828632E1
1.563453321E1,-4.695664089E1
1.573670796E1,-5.282946960E1
1.584347262E1,-5.337797426E1
1.595007600E1,-4.656721280E1
1.605334737E1,-4.459394544E1
1.616005300E1,-4.313205895E1
1.626155075E1,-4.900589960E1
1.636790325E1,-4.568329569E1
1.647006483E1,-5.183602904E1
1.657672979E1,-4.646074367E1
1.667825063E1,-4.413085031E1
1.678467742E1,-4.260728307E1
1.688673092E1,-4.543703608E1
1.699012996E1,-5.119028853E1
1.709495033E1,-5.337645500E1
1.719715792E1,-5.510900929E1
1.730340383E1,-4.667211612E1
1.740991800E1,-5.106406513E1
1.751282450E1,-4.189001245E1
1.761922354E1,-4.052439607E1
1.772160562E1,-4.927029940E1
1.782728400E1,-5.374634524E1
1.793364187E1,-5.421835188E1
1.803786108E1,-5.580311890E1
1.814361567E1,-5.664337058E1
1.824506142E1,-5.565420927E1
1.835143300E1,-5.539454121E1
1.845303375E1,-5.425175354E1
1.855964696E1,-4.944603143E1
1.866175708E1,-4.740643493E1
1.876426379E1,-4.620508896E1
1.887006896E1,-5.274376409E1
1.897437654E1,-5.472088601E1
1.907842687E1,-5.501745528E1
1.918479858E1,-5.514270858E1
1.928669008E1,-5.728109085E1
1.939058021E1,-3.860173513E1
1.949512608E1,-3.062850994E1
1.959840529E1,-2.727532731E1
1.970338417E1,-3.359118235E1
1.980979617E1,-3.915112164E1
1.991297200E1,-4.307135454E1
2.001939771E1,-4.558378823E1
2.012214046E1,-5.580060755E1
2.022802983E1,-5.446834348E1
2.032947387E1,-5.526885178E1
2.043589071E1,-5.362926806E1
2.054255167E1,-5.375038071E1
2.064524542E1,-5.344971228E1
2.074933071E1,-3.836934260E1
2.085337483E1,-3.311837135E1
2.095647708E1,-4.349764627E1
2.106191050E1,-3.745995795E1
2.116491392E1,-4.556712308E1
2.127004812E1,-5.066210548E1
2.137157796E1,-4.288614998E1
2.147801971E1,-4.378756151E1
2.158432517E1,-4.157072557E1
2.168671875E1,-4.212189296E1
2.178928467E1,-4.266594589E1
2.189530079E1,-4.569190598E1
2.200187858E1,-4.929769369E1
2.210338825E1,-5.154710537E1
2.220755904E1,-5.012558519E1
2.231203446E1,-4.591137410E1
2.241826025E1,-4.910960626E1
2.252420017E1,-5.060115103E1
2.262864654E1,-5.341161419E1
2.273433758E1,-4.669571641E1
2.283606142E1,-5.084276648E1
2.293790662E1,-4.211198058E1
2.303951417E1,-4.221877886E1
2.314480358E1,-3.629368042E1
2.324538258E1,-4.136409983E1
2.334843275E1,-3.436817239E1
2.345339617E1,-4.339625461E1
2.355825567E1,-5.536564595E1
2.366214979E1,-5.330416856E1
2.376465212E1,-5.377439260E1
2.387002533E1,-4.916014516E1
2.397737433E1,-3.905319856E1
2.408135087E1,-4.700197387E1
2.418670258E1,-4.410100157E1
2.428917204E1,-5.222364892E1
2.439542942E1,-3.778144429E1
2.450167179E1,-3.653843832E1
2.460376162E1,-4.219512525E1
2.470643783E1,-4.186035741E1
2.481217587E1,-4.452051866E1
2.491847217E1,-4.220359651E1
2.502036171E1,-4.965264575E1
2.512663329E1,-5.368062185E1
2.522888500E1,-5.482825819E1
2.533145617E1,-5.379461346E1
2.543706838E1,-4.155551181E1
2.554336342E1,-4.516005907E1
2.564952358E1,-4.349113969E1
2.575367354E1,-4.474122089E1
2.586004287E1,-4.751940309E1
2.596606362E1,-4.551155103E1
2.607035362E1,-4.888071162E1
2.617665062E1,-5.332340620E1
2.627894454E1,-5.602351636E1
2.638523667E1,-5.357202954E1
2.648701567E1,-5.323498236E1
2.659342250E1,-5.154449728E1
2.669568012E1,-3.956774080E1
2.679927596E1,-4.886905350E1
2.690361325E1,-5.331349513E1
2.700990192E1,-5.226350565E1
2.711233071E1,-5.328153719E1
2.721858871E1,-4.774380119E1
2.732042596E1,-4.332769667E1
2.742669237E1,-4.355119364E1
2.752902771E1,-4.272109532E1
2.762977192E1,-5.029049328E1
2.773208983E1,-5.691348447E1
2.783696375E1,-5.571663236E1
2.794268417E1,-5.328683908E1
2.804572104E1,-4.422079049E1
2.815197921E1,-4.299779390E1
2.825814817E1,-4.421083770E1
2.836242067E1,-4.267324072E1
2.846867100E1,-4.111644841E1
2.857286242E1,-4.323186392E1
2.867918517E1,-4.624022798E1
2.878549896E1,-4.833481914E1
2.889184017E1,-5.498585304E1
2.899579017E1,-5.316047844E1
2.910209425E1,-5.384992639E1
2.920367704E1,-4.844346976E1
2.930993533E1,-3.935422436E1
2.941255100E1,-3.297882469E1
2.951478929E1,-4.367200315E1
2.962035471E1,-4.640062033E1
2.972398337E1,-4.405582380E1
2.982920779E1,-4.422283996E1
2.993458375E1,-4.467254997E1
3.003701608E1,-5.061889787E1
3.014326175E1,-4.673053478E1
3.024590446E1,-4.313700332E1
3.035216679E1,-4.825833334E1
3.045368871E1,-4.269918976E1
3.055683550E1,-4.486601515E1
3.066259196E1,-4.894468857E1
3.076896542E1,-5.180536262E1
3.087033479E1,-5.706356081E1
3.097670421E1,-5.438154862E1
3.107925971E1,-5.495531309E1
3.118555725E1,-5.433291869E1
3.128702575E1,-5.368740866E1
3.139325225E1,-5.417011112E1
3.149940604E1,-5.504248644E1
3.160371796E1,-5.419608088E1
3.170647600E1,-4.517603651E1
3.181270954E1,-4.171070827E1
3.191871637E1,-3.435370072E1
3.202036587E1,-4.170667366E1
3.212663183E1,-3.564690054E1
3.222938412E1,-3.516340371E1
3.233566008E1,-3.476701198E1
3.243699175E1,-3.687459001E1
3.254048658E1,-3.913075913E1
3.264607479E1,-4.530649699E1
3.275237054E1,-5.302037442E1
3.285371233E1,-5.348058418E1
3.295856196E1,-5.378441927E1
3.306279567E1,-5.443254664E1
3.316915996E1,-5.518192681E1
3.327542379E1,-5.462718570E1
3.337946404E1,-5.285945169E1
3.348212512E1,-5.145328097E1
3.358665012E1,-5.112744726E1
3.368990896E1,-5.240607589E1
3.379620337E1,-5.578899893E1
3.390257050E1,-5.526797636E1
3.400624433E1,-5.067368327E1
3.410889454E1,-4.337689000E1
3.421293237E1,-5.135597985E1
3.431922083E1,-3.809356408E1
3.442432554E1,-4.540164698E1
3.452953762E1,-4.367484677E1
3.463032083E1,-3.850917206E1
3.473456321E1,-4.119310080E1
3.483698412E1,-3.815143402E1
3.494267454E1,-3.908071974E1
3.504634883E1,-4.089612945E1
3.515276921E1,-4.441647778E1
3.525903250E1,-5.337413256E1
3.536298975E1,-5.284546633E1
3.546928579E1,-4.705172145E1
3.557261512E1,-4.778248347E1
3.567897658E1,-4.506142921E1
3.578441150E1,-4.901042354E1
3.588882283E1,-4.904521651E1
3.599514954E1,-4.770063344E1
3.609716729E1,-5.258821246E1
3.620050612E1,-4.299903454E1
3.630371558E1,-5.052978457E1
3.641004862E1,-4.382620802E1
3.651309842E1,-4.759607322E1
3.661514942E1,-4.844154233E1
3.672036321E1,-5.008376498E1
3.682334204E1,-5.444682009E1
3.692930913E1,-5.386532477E1
3.703062904E1,-5.375289514E1
3.713696812E1,-3.787050422E1
3.724318196E1,-3.497367125E1
3.734628171E1,-4.963647616E1
3.744732067E1,-3.455086515E1
3.755109196E1,-4.389754689E1
3.765371075E1,-4.421650379E1
3.776005917E1,-3.507087121E1
3.786315250E1,-4.363194517E1
3.796954433E1,-4.748750742E1
3.807158958E1,-5.313030868E1
3.817790712E1,-5.262417758E1
3.827982979E1,-5.549906699E1
3.838612737E1,-5.547911320E1
3.849087121E1,-5.427057645E1
3.859653967E1,-5.597642395E1
3.870303317E1,-4.972952808E1
3.880946592E1,-4.539753954E1
3.891322862E1,-3.987345958E1
3.901960413E1,-4.040386126E1
3.912587021E1,-4.709699507E1
3.922991267E1,-4.232763198E1
3.933388300E1,-4.586775135E1
3.943702500E1,-4.132490839E1
3.954183192E1,-4.578088373E1
3.964663675E1,-4.202416686E1
3.975022971E1,-4.495068685E1
3.985300363E1,-4.277616481E1
3.995596317E1,-5.300476287E1
4.006225883E1,-4.403175402E1
4.016420879E1,-4.397644675E1
4.027038062E1,-4.229090002E1
4.037664046E1,-4.376938931E1
4.048077604E1,-4.367517838E1
4.058710508E1,-4.577881550E1
4.068993521E1,-4.932235250E1
4.079241258E1,-5.591412272E1
4.089673671E1,-5.397672733E1
4.100304875E1,-4.273126113E1
4.110719463E1,-4.196098630E1
4.121339675E1,-4.388166753E1
4.131691017E1,-4.166576589E1
4.142034612E1,-4.072136064E1
4.152661329E1,-4.082924117E1
4.163008192E1,-4.665012337E1
4.173650712E1,-5.162212799E1
4.183995050E1,-5.598075822E1
4.194627508E1,-5.537262460E1
4.205254962E1,-5.536136598E1
4.215573496E1,-5.476852004E1
4.225717592E1,-5.389616157E1
4.236305808E1,-5.577333236E1
4.246720029E1,-5.470361376E1
4.256981404E1,-5.436861844E1
4.267617054E1,-5.400778180E1
4.278015888E1,-5.316132016E1
4.288461175E1,-5.571979629E1
4.298703100E1,-5.499354918E1
4.309328963E1,-5.466547962E1
4.319687733E1,-5.328020794E1
4.329940450E1,-5.540190429E1
4.340365925E1,-5.485337866E1
4.350958383E1,-5.449145286E1
4.361362104E1,-5.506423681E1
4.371651154E1,-4.640504648E1
4.382032358E1,-4.727213590E1
4.392471450E1,-5.378360243E1
4.403022521E1,-4.302381297E1
4.413518687E1,-4.406194969E1
4.423699929E1,-4.924251091E1
4.434330083E1,-4.209840643E1
4.444697429E1,-4.937445765E1
4.455330175E1,-4.885440602E1
4.465965996E1,-5.004603407E1
4.476367300E1,-5.336449085E1
4.486694350E1,-5.143870139E1
4.497041004E1,-5.424813013E1
4.507263342E1,-5.531273472E1
4.517888329E1,-5.404645988E1
4.528038171E1,-5.431852792E1
4.538668021E1,-5.402735278E1
4.549298771E1,-5.472076025E1
4.559705875E1,-5.495086490E1
4.570302554E1,-5.378142125E1
4.580936492E1,-5.362573691E1
4.591376521E1,-5.314959423E1
4.602005579E1,-5.233290867E1
4.612630725E1,-4.675872725E1
4.623044487E1,-4.934512459E1
4.633678525E1,-3.798769165E1
4.644305800E1,-4.049548990E1
4.654714162E1,-4.424945703E1
4.665356675E1,-3.917062497E1
4.675985117E1,-3.696662353E1
4.686382008E1,-3.798628533E1
4.696733446E1,-4.113108677E1
4.707177712E1,-4.298414571E1
4.717807375E1,-4.301574098E1
4.728052104E1,-4.501139829E1
4.738689125E1,-4.925831478E1
4.748967104E1,-5.418754481E1
4.759605408E1,-5.481632643E1
4.769797937E1,-4.987958356E1
4.780369229E1,-5.355811526E1
4.791001837E1,-5.366879587E1
4.801388808E1,-4.366131898E1
4.811937679E1,-5.180364162E1
4.822224675E1,-5.331403183E1
4.832454500E1,-5.445216668E1
4.843058054E1,-4.432717966E1
4.853669863E1,-5.312366631E1
4.863980192E1,-4.496061423E1
4.874557912E1,-4.257615047E1
4.884736550E1,-3.864434470E1
4.895369737E1,-3.617041301E1
4.906016271E1,-4.187348594E1
4.916400758E1,-5.421667806E1
4.927034446E1,-4.338263274E1
4.937515612E1,-3.852899249E1
4.948070800E1,-4.312195982E1
4.958706962E1,-4.714328567E1
4.969344008E1,-4.227940042E1
4.979733204E1,-4.272719259E1
4.989813337E1,-3.814595367E1
5.000339475E1,-4.414171201E1
5.010789675E1,-4.649603596E1
5.021417450E1,-3.732912985E1
5.032040208E1,-4.755498094E1
5.042665950E1,-4.559950601E1
5.053080633E1,-4.909397285E1
5.063704162E1,-4.225544940E1
5.073853192E1,-4.549465894E1
5.084448458E1,-5.124622672E1
5.094745000E1,-4.754073328E1
5.105382996E1,-5.454279102E1
5.115777575E1,-5.502689905E1
5.126368204E1,-5.360043747E1
5.136994487E1,-5.401034377E1
5.147389054E1,-5.550528546E1
5.158033238E1,-5.604659122E1
5.168667396E1,-5.639262477E1
5.179303221E1,-5.388556872E1
5.189759029E1,-5.348513164E1
5.200370933E1,-5.356788743E1
5.210997379E1,-5.417039622E1
5.221423758E1,-5.326458033E1
5.232036504E1,-5.632290781E1
5.242483579E1,-5.479696410E1
5.253093808E1,-5.031221095E1
5.263704021E1,-4.224920854E1
5.273832579E1,-4.620371913E1
5.284448637E1,-4.835034226E1
5.294760775E1,-4.665546027E1
5.305369458E1,-4.273001351E1
5.315996008E1,-5.207485313E1
5.326433500E1,-5.090711016E1
5.337032812E1,-4.860690561E1
5.347661467E1,-4.394163315E1
5.358092387E1,-4.170516546E1
5.368176721E1,-4.196904780E1
5.378702771E1,-3.902724943E1
5.388916008E1,-4.098369299E1
5.399113971E1,-4.374563774E1
5.409724025E1,-4.515047932E1
5.420367212E1,-4.932473214E1
5.430998492E1,-3.722463581E1
5.441450642E1,-3.699660266E1
5.452039300E1,-3.838692482E1
5.462673321E1,-3.556733727E1
5.473106092E1,-4.207194997E1
5.483691242E1,-3.769095508E1
5.494133417E1,-3.856273713E1
5.504552875E1,-4.006320373E1
5.514770517E1,-4.176423799E1
5.524837175E1,-4.329175962E1
5.535360454E1,-4.649794101E1
5.545958096E1,-4.128989882E1
5.556454883E1,-4.221658209E1
5.567035042E1,-4.267185680E1
5.577658504E1,-4.544172194E1
5.588115904E1,-4.686911532E1
5.598705233E1,-4.542936662E1
5.609337437E1,-4.560996429E1
5.619783487E1,-4.887617529E1
5.630376496E1,-4.528498344E1
5.641012121E1,-4.403021138E1
5.651454171E1,-4.603199608E1
5.662039587E1,-3.814399017E1
5.672498287E1,-3.285748875E1
5.683122146E1,-3.529724459E1
5.693703217E1,-4.130268296E1
5.704331208E1,-4.156926337E1
5.714791629E1,-3.878972299E1
5.725371275E1,-4.597304418E1
5.735767404E1,-5.075290148E1
5.746398775E1,-3.442745537E1
5.757038862E1,-3.523930400E1
5.767667971E1,-3.779626748E1
5.778130821E1,-3.807292638E1
5.788703108E1,-4.387262256E1
5.799335158E1,-4.362838315E1
5.809801862E1,-4.817534236E1
5.820372258E1,-5.240181672E1
5.830968108E1,-5.028465694E1
5.841475567E1,-4.727850692E1
5.852034300E1,-4.557446510E1
5.862695075E1,-5.304059521E1
5.873135579E1,-3.385569110E1
5.883696400E1,-3.066387097E1
5.894311725E1,-2.907075251E1
5.904804446E1,-2.944589910E1
5.915364200E1,-2.909314619E1
5.925792146E1,-2.710174407E1
5.936052092E1,-3.289792928E1
5.946477787E1,-4.150024129E1
5.956942675E1,-4.077266428E1
5.967573583E1,-4.096951041E1
5.978151262E1,-4.849140399E1
5.988704221E1,-5.511443025E1
5.998831050E1,-5.212211134E1
6.009428329E1,-4.364808550E1
6.019814979E1,-5.183375422E1
6.030374317E1,-5.479443797E1
6.040726775E1,-5.557814836E1
6.051301158E1,-5.568076309E1
6.061487096E1,-5.440827366E1
6.072033350E1,-5.424276536E1
6.082660337E1,-5.448207385E1
6.093154533E1,-5.480588377E1
6.103701125E1,-5.476140667E1
6.114328125E1,-5.371056446E1
6.124824562E1,-5.447979586E1
6.135368312E1,-5.459942274E1
6.146003017E1,-5.351012196E1
6.156493450E1,-5.401082228E1
6.167036379E1,-5.223297682E1
6.177675433E1,-5.336294193E1
6.188161871E1,-5.459304974E1
6.198706050E1,-4.235427183E1
6.209047638E1,-4.170491164E1
6.219684900E1,-4.520133772E1
6.229833842E1,-4.719112799E1
6.240366154E1,-4.005080388E1
6.250999325E1,-4.529260336E1
6.261499875E1,-5.182857042E1
6.272035717E1,-4.840486604E1
6.282642642E1,-5.072323509E1
6.293170879E1,-5.248653006E1
6.303702704E1,-5.495339690E1
6.314334850E1,-5.294568294E1
6.324843833E1,-5.525689896E1
6.335371063E1,-5.425537449E1
6.346003425E1,-5.294499991E1
6.356507550E1,-5.573255092E1
6.367007000E1,-5.474835256E1
6.377630921E1,-5.376695428E1
6.388177642E1,-5.580102724E1
6.398707387E1,-5.348914102E1
6.409332629E1,-5.415134982E1
6.419848392E1,-4.840513850E1
6.430367379E1,-3.442643181E1
6.441000938E1,-3.780155385E1
6.451515096E1,-2.706496084E1
6.462036950E1,-2.535220337E1
6.472259392E1,-2.422933503E1
6.482886383E1,-2.541713291E1
6.493181892E1,-2.836614679E1
6.503704050E1,-3.523166563E1
6.514327150E1,-4.827136464E1
6.524865712E1,-5.468329620E1
6.535367562E1,-5.542896314E1
6.546009242E1,-5.596479322E1
6.556520608E1,-5.527053822E1
6.567036204E1,-5.433553086E1
6.577170946E1,-5.430437935E1
6.587425058E1,-4.286198825E1
6.598051537E1,-4.603891183E1
6.608194400E1,-4.547167360E1
6.618700929E1,-4.429911061E1
6.629053662E1,-4.392205040E1
6.639400933E1,-3.766269142E1
6.649861625E1,-4.535841495E1
6.660367187E1,-5.210653371E1
6.670993221E1,-5.474671851E1
6.681533208E1,-3.942819196E1
6.692031121E1,-4.310825487E1
6.702576338E1,-4.480012297E1
6.713202275E1,-5.203634797E1
6.723700846E1,-4.885074808E1
6.734048000E1,-4.884172571E1
6.744682267E1,-5.149904072E1
6.754870950E1,-4.924365148E1
6.765368150E1,-4.796432656E1
6.775994517E1,-4.124576754E1
6.786549467E1,-3.872953041E1
6.796983587E1,-4.729371968E1
6.807621096E1,-5.173605455E1
6.818221775E1,-5.415217590E1
6.828880600E1,-5.541275585E1
6.839517892E1,-5.406474895E1
6.849883512E1,-5.527452939E1
6.860528917E1,-5.570254370E1
6.870912554E1,-5.643733271E1
6.881509579E1,-5.412616927E1
6.892158929E1,-4.386887791E1
6.902789471E1,-3.694218386E1
6.913214104E1,-3.531623105E1
6.923368683E1,-3.775765762E1
6.933980804E1,-4.336990376E1
6.944622521E1,-4.036541943E1
6.954891054E1,-4.312058375E1
6.965309546E1,-4.228654371E1
6.975948846E1,-3.912373172E1
6.986562562E1,-4.106192373E1
6.997067329E1,-4.112880094E1
7.007698696E1,-5.301794087E1
7.018230121E1,-5.140672338E1
7.028824879E1,-5.389632841E1
7.039466342E1,-4.399113382E1
7.049902337E1,-3.836777471E1
7.060568933E1,-4.006693198E1
7.071203062E1,-4.017071298E1
7.081564783E1,-5.152350261E1
7.091885779E1,-4.218117149E1
7.102170450E1,-4.015824577E1
7.112399775E1,-4.307010600E1
7.123035587E1,-5.346920524E1
7.133238787E1,-4.305407751E1
7.143886675E1,-4.448596620E1
7.154054004E1,-4.331280435E1
7.164514146E1,-4.705389967E1
7.174914717E1,-4.476246251E1
7.185574646E1,-4.438030512E1
7.196057450E1,-4.422859089E1
7.206585017E1,-4.526918761E1
7.217227846E1,-5.036806736E1
7.227440500E1,-4.566641220E1
7.238076217E1,-4.738278340E1
7.248565150E1,-5.438908186E1
7.259054212E1,-5.480704580E1
7.269285146E1,-5.430747986E1
7.279912638E1,-5.424332301E1
7.290203904E1,-4.981968934E1
7.300839550E1,-4.219205287E1
7.311300058E1,-3.355438923E1
7.321582137E1,-3.425666638E1
7.332220771E1,-3.854357982E1
7.342860408E1,-5.049624759E1
7.353252387E1,-4.445523553E1
7.363891108E1,-4.236425027E1
7.374518350E1,-3.885767989E1
7.384927542E1,-3.541142059E1
7.395103171E1,-4.383241980E1
7.405304233E1,-3.709153083E1
7.415934567E1,-4.102432065E1
7.426549871E1,-3.591554952E1
7.437213612E1,-4.147976264E1
7.447849483E1,-4.336812940E1
7.458262525E1,-4.039967303E1
7.468904900E1,-4.405282597E1
7.479322467E1,-5.184270732E1
7.489933142E1,-5.386274641E1
7.500596696E1,-5.415226223E1
7.511053454E1,-5.538337274E1
7.521596792E1,-5.351777238E1
7.531818454E1,-4.509282536E1
7.542466725E1,-4.924299625E1
7.553111683E1,-5.151538656E1
7.563265229E1,-4.837184661E1
7.573899112E1,-4.736709935E1
7.584530196E1,-5.066732464E1
7.594933642E1,-4.707739317E1
7.605588217E1,-4.656037238E1
7.616217979E1,-5.261068232E1
7.626610479E1,-5.309588722E1
7.637261767E1,-4.783627401E1
7.647905950E1,-5.229742257E1
7.658278837E1,-4.808000815E1
7.668915508E1,-5.208456239E1
7.679559687E1,-5.093685388E1
7.689941442E1,-5.492311443E1
7.700588012E1,-4.927803020E1
7.710943358E1,-3.732121346E1
7.721573700E1,-4.356482107E1
7.732260462E1,-3.918825316E1
7.742900412E1,-4.430016473E1
7.753278504E1,-5.100188823E1
7.763541421E1,-5.362039102E1
7.774173171E1,-5.369125011E1
7.784463800E1,-5.489547359E1
7.794949017E1,-5.328397694E1
7.805581117E1,-5.463263154E1
7.816215746E1,-5.450450333E1
7.826621092E1,-5.443633482E1
7.836761371E1,-5.441312178E1
7.847102496E1,-5.524065940E1
7.857583983E1,-5.500290633E1
7.868062908E1,-5.554969239E1
7.878290654E1,-5.305385829E1
7.888919096E1,-5.435238577E1
7.899116467E1,-5.491641111E1
7.909752967E1,-5.513699036E1
7.919963321E1,-5.480773336E1
7.930384137E1,-5.417159153E1
7.941022112E1,-4.939729806E1
7.951631867E1,-5.331504491E1
7.962263467E1,-5.484439600E1
7.972884054E1,-5.241073769E1
7.983289775E1,-5.490323165E1
7.993383717E1,-5.591954188E1
8.003604800E1,-5.535029555E1
8.013998250E1,-5.459813787E1
8.024545833E1,-5.409066693E1
8.035026400E1,-5.388353847E1
8.045653154E1,-5.352861655E1
8.055868437E1,-5.310509638E1
8.066373712E1,-5.433582518E1
8.076840267E1,-5.100264270E1
8.086996883E1,-4.204225994E1
8.097748742E1,-4.320939201E1
8.108392775E1,-4.499097163E1
8.118642413E1,-4.695634436E1
8.129281608E1,-4.933487963E1
8.139929629E1,-4.769192065E1
8.150386983E1,-4.340085877E1
8.161042546E1,-4.566874541E1
8.171650404E1,-4.933692122E1
8.182285942E1,-4.343322415E1
8.192443054E1,-4.863183652E1
8.202726654E1,-4.948176483E1
8.213317471E1,-5.444931244E1
8.223394421E1,-4.564020545E1
8.234029233E1,-5.241809970E1
8.244668712E1,-5.125921164E1
8.254990562E1,-4.592157931E1
8.265619567E1,-5.070427892E1
8.276256192E1,-4.593106810E1
8.286652867E1,-4.633545577E1
8.297126050E1,-4.583988400E1
8.307731904E1,-4.448540308E1
8.318322537E1,-4.898493905E1
8.328951008E1,-4.291147706E1
8.339177475E1,-4.393769370E1
8.349459671E1,-5.284394281E1
8.359994367E1,-5.477026104E1
8.370623692E1,-4.740022339E1
8.381085475E1,-4.732693254E1
8.391664029E1,-4.508245681E1
8.401886662E1,-4.610606110E1
8.412219458E1,-4.993780537E1
8.422511300E1,-5.494533015E1
8.433078675E1,-5.531055497E1
8.443336600E1,-5.575122357E1
8.453619912E1,-5.469276877E1
8.464190400E1,-5.333032685E1
8.474816775E1,-5.563962101E1
8.485185350E1,-5.314611735E1
8.495722117E1,-5.529806579E1
8.506035562E1,-5.404435102E1
8.516623508E1,-5.460261128E1
8.527265508E1,-4.697068919E1
8.537899742E1,-3.852807101E1
8.548340121E1,-3.738027172E1
8.558681554E1,-4.741631863E1
8.569252704E1,-4.476561152E1
8.579881704E1,-4.625278343E1
8.590017437E1,-3.514380482E1
8.600649700E1,-3.047333228E1
8.610792875E1,-4.425958798E1
8.621299100E1,-4.525981471E1
8.631687537E1,-5.072270460E1
8.642319975E1,-5.456863915E1
8.652956612E1,-3.844476564E1
8.663350021E1,-2.997907875E1
8.673618217E1,-3.709619027E1
8.684261529E1,-3.941967421E1
8.694889862E1,-3.659076282E1
8.705020312E1,-3.889540833E1
8.715655325E1,-4.053422622E1
8.726284929E1,-4.176056311E1
8.736693900E1,-4.053453074E1
8.746990096E1,-3.794215806E1
8.757622917E1,-3.395457509E1
8.768002608E1,-4.197037948E1
8.778629317E1,-3.832175406E1
8.789282458E1,-3.772486348E1
8.799674012E1,-4.191831703E1
8.810313900E1,-4.826583652E1
8.820465229E1,-3.722116925E1
8.831094425E1,-4.035186560E1
8.841332850E1,-4.332199527E1
8.851514958E1,-4.335978856E1
8.862121087E1,-4.601175042E1
8.872513433E1,-4.643353812E1
8.882949833E1,-4.656649222E1
8.893155396E1,-4.256768657E1
8.903735608E1,-4.471867222E1
8.914363688E1,-5.407082073E1
8.924625767E1,-5.233879958E1
8.935257163E1,-5.426627149E1
8.945646525E1,-5.299440530E1
8.956240500E1,-5.378604154E1
8.966876058E1,-5.442044247E1
8.977507646E1,-5.487112811E1
8.987957521E1,-5.555122542E1
8.998591379E1,-5.524960269E1
9.009222433E1,-5.067694157E1
9.019629300E1,-4.616094072E1
9.030132517E1,-4.332831550E1
9.040701133E1,-4.770903669E1
9.051296092E1,-5.003939038E1
9.061715896E1,-4.535373832E1
9.072333875E1,-5.177338263E1
9.082914087E1,-5.272681978E1
9.093011204E1,-5.280107286E1
9.103263250E1,-5.254490594E1
9.113887767E1,-5.106815291E1
9.124011096E1,-4.430147349E1
9.134637292E1,-4.930004923E1
9.145270842E1,-4.894400110E1
9.155890308E1,-5.392108151E1
9.166304071E1,-5.140304207E1
9.176935504E1,-5.470098909E1
9.187089542E1,-5.273777363E1
9.197609842E1,-5.230321782E1
9.207977400E1,-5.148130721E1
9.218615167E1,-5.296444668E1
9.229241233E1,-5.149365240E1
9.239642167E1,-5.443210233E1
9.250267987E1,-4.906538054E1
9.260903971E1,-4.581651765E1
9.271321771E1,-5.027831823E1
9.281732354E1,-5.050827281E1
9.292354850E1,-5.219258865E1
9.302982108E1,-5.327242978E1
9.313644600E1,-5.306881657E1
9.324188571E1,-5.206038518E1
9.334657121E1,-5.287127549E1
9.345291558E1,-4.952697308E1
9.355433512E1,-5.204771750E1
9.366030933E1,-4.762203782E1
9.376320029E1,-4.908496485E1
9.386952646E1,-4.967631878E1
9.397106496E1,-5.169159082E1
9.407723283E1,-5.061181213E1
9.417990550E1,-5.237232387E1
9.428627900E1,-5.102902029E1
9.439267179E1,-4.643120010E1
9.449664642E1,-5.122221700E1
9.460304687E1,-5.215490287E1
9.470846467E1,-5.424668724E1
9.481333292E1,-5.159377038E1
9.491876008E1,-5.288697372E1
9.502476025E1,-5.435846670E1
9.512999388E1,-5.479336808E1
9.523585575E1,-5.385400495E1
9.534145392E1,-5.346149617E1
9.544666700E1,-5.332135006E1
9.555287004E1,-5.216818902E1
9.565809067E1,-5.481310242E1
9.576345983E1,-5.102887115E1
9.586977800E1,-4.656174622E1
9.597606150E1,-3.792522316E1
9.608009242E1,-4.220999329E1
9.618199954E1,-4.596731404E1
9.628849025E1,-4.357055916E1
9.639188325E1,-4.193643993E1
9.649666217E1,-4.393505685E1
9.659750287E1,-3.742357388E1
9.670383512E1,-4.115667976E1
9.680935242E1,-3.849863195E1
9.691345250E1,-4.351624779E1
9.701631212E1,-4.266594644E1
9.712231837E1,-3.990580264E1
9.722649975E1,-4.694116247E1
9.733100504E1,-4.514667661E1
9.743588479E1,-5.286683924E1
9.753787150E1,-4.321459002E1
9.764254492E1,-4.614029474E1
9.774731696E1,-4.791047782E1
9.785108242E1,-4.846075704E1
9.795373596E1,-5.470671716E1
9.805921300E1,-5.038004690E1
9.816434717E1,-4.462351704E1
9.827002029E1,-4.927185449E1
9.837590033E1,-5.524315323E1
9.848060546E1,-5.033659157E1
9.858639654E1,-5.018436610E1
9.869261804E1,-4.574044791E1
9.879773233E1,-4.488489110E1
9.890340658E1,-5.422409416E1
9.900943121E1,-5.259229166E1
9.911450650E1,-4.668676777E1
9.922099979E1,-4.230486156E1
9.932603654E1,-4.556612978E1
9.943098492E1,-4.238892558E1
9.953521358E1,-4.464454185E1
9.964152962E1,-4.975618863E1
9.974709417E1,-5.353269532E1
9.985292208E1,-4.618296438E1
9.995637529E1,-4.368225383E1
1.000593605E2,-5.068589233E1
1.001645312E2,-5.197530516E1
1.002708351E2,-4.699108529E1
1.003759702E2,-4.935034725E1
1.004811236E2,-4.581385365E1
1.005874963E2,-4.831410812E1
1.006927193E2,-4.864949405E1
1.007977596E2,-5.282672498E1
1.008991865E2,-5.437868278E1
1.010050987E2,-5.362974150E1
1.011086728E2,-5.212921232E1
1.012149613E2,-5.141090685E1
1.013214695E2,-5.129982560E1
1.014272684E2,-4.865049514E1
1.015325404E2,-5.556992884E1
1.016383844E2,-5.467026749E1
1.017446647E2,-5.466029210E1
1.018481828E2,-5.457095097E1
1.019507126E2,-5.535001210E1
1.020554868E2,-5.461608562E1
1.021571812E2,-5.573113030E1
1.022634962E2,-5.471049688E1
1.023661102E2,-5.291189645E1
1.024717533E2,-5.472555318E1
1.025758709E2,-5.340079293E1
1.026814877E2,-5.573027994E1
1.027863137E2,-5.466428321E1
1.028889332E2,-5.372926950E1
1.029954494E2,-4.940349082E1
1.030982227E2,-4.791579124E1
1.032007377E2,-4.459146699E1
1.033057545E2,-4.114172527E1
1.034086971E2,-4.620357159E1
1.035129510E2,-4.670146606E1
1.036148872E2,-4.915221457E1
1.037212288E2,-5.239544468E1
1.038230745E2,-4.507380180E1
1.039286362E2,-5.091476436E1
1.040315333E2,-5.445318451E1
1.041351660E2,-5.499296798E1
1.042390704E2,-5.494992941E1
1.043454040E2,-5.383168462E1
1.044482583E2,-5.346337556E1
1.045545893E2,-4.253237649E1
1.046564675E2,-4.080092844E1
1.047593776E2,-5.235218752E1
1.048648810E2,-5.051615841E1
1.049662580E2,-5.326807468E1
1.050723890E2,-5.624602691E1
1.051764212E2,-5.485373978E1
1.052816087E2,-5.615499528E1
1.053836403E2,-5.325490004E1
1.054891435E2,-5.420972484E1
1.055954826E2,-4.992702774E1
1.056978533E2,-5.059739885E1
1.058013373E2,-4.295178381E1
1.059058354E2,-4.466797327E1
1.060122870E2,-5.001630799E1
1.061149103E2,-4.038427677E1
1.062179796E2,-5.475756192E1
1.063225588E2,-5.507504657E1
1.064289732E2,-5.495333464E1
1.065313272E2,-4.906041861E1
1.066345981E2,-4.723076753E1
1.067392345E2,-4.918440767E1
1.068455715E2,-4.668127760E1
1.069482019E2,-5.137319632E1
1.070513017E2,-5.086233364E1
1.071559329E2,-5.255523924E1
1.072623544E2,-5.173371888E1
1.073649310E2,-5.531885501E1
1.074704391E2,-5.424638897E1
1.075726619E2,-5.621822616E1
1.076789637E2,-5.446315902E1
1.077815654E2,-5.378715198E1
1.078846485E2,-5.457293475E1
1.079893568E2,-5.475344810E1
1.080957370E2,-5.233972109E1
1.081983267E2,-5.322830740E1
1.083012050E2,-4.384316263E1
1.084060604E2,-4.742024607E1
1.085086250E2,-4.760177876E1
1.086149067E2,-5.309289017E1
1.087179676E2,-4.153588680E1
1.088227384E2,-4.231399727E1
1.089240769E2,-3.565561897E1
1.090301500E2,-3.414828169E1
1.091347066E2,-3.042412957E1
1.092394875E2,-3.830534639E1
1.093446087E2,-4.301046306E1
1.094482816E2,-4.973539210E1
1.095512154E2,-4.863337597E1
1.096560713E2,-4.816547643E1
1.097606486E2,-5.424465661E1
1.098649530E2,-5.659182431E1
1.099680448E2,-5.612497050E1
1.100728375E2,-5.464483702E1
1.101791931E2,-4.670966949E1
1.102816395E2,-4.490495006E1
1.103863613E2,-4.983693907E1
1.104895076E2,-4.153618672E1
1.105958158E2,-4.910950389E1
1.106982505E2,-4.844927418E1
1.108012688E2,-4.726561506E1
1.109062171E2,-4.914943679E1
1.110126430E2,-4.942286628E1
1.111149159E2,-5.084847337E1
1.112180302E2,-5.286219783E1
1.113229263E2,-5.232998018E1
1.114293260E2,-5.050732259E1
1.115347389E2,-5.408307630E1
1.116395907E2,-5.170936786E1
1.117459673E2,-5.002686727E1
1.118513040E2,-5.318977195E1
1.119562279E2,-5.431187917E1
1.120624225E2,-5.356840596E1
1.121650002E2,-5.484984126E1
1.122680345E2,-5.192884856E1
1.123730273E2,-5.572007556E1
1.124794562E2,-5.449026076E1
1.125815430E2,-5.443336779E1
1.126846613E2,-5.538731159E1
1.127897105E2,-5.441483427E1
1.128960945E2,-5.471748618E1
1.130013731E2,-5.503941082E1
1.131064109E2,-5.420385787E1
1.132128045E2,-5.315402972E1
1.133148984E2,-5.508867203E1
1.134179958E2,-5.535634561E1
1.135230806E2,-5.586935942E1
1.136293843E2,-5.381875969E1
1.137315007E2,-5.430406587E1
1.138345759E2,-5.342689977E1
1.139397706E2,-5.393861751E1
1.140461869E2,-5.709351915E1
1.141482608E2,-5.363595872E1
1.142514006E2,-5.224007500E1
1.143564964E2,-5.028487584E1
1.144606700E2,-4.904737189E1
1.145648997E2,-4.744183373E1
1.146679872E2,-4.862967573E1
1.147731844E2,-4.788098427E1
1.148795870E2,-4.464552925E1
1.149815657E2,-4.455692247E1
1.150846482E2,-4.451555412E1
1.151899166E2,-4.291597136E1
1.152963441E2,-4.181178057E1
1.153982435E2,-4.846395369E1
1.155045428E2,-4.335855812E1
1.156065195E2,-4.546959087E1
1.157128757E2,-4.264460024E1
1.158148754E2,-4.524505687E1
1.159206722E2,-4.449154963E1
1.160232124E2,-4.507391509E1
1.161251459E2,-4.787559733E1
1.162314846E2,-4.808774108E1
1.163348008E2,-4.601055033E1
1.164399034E2,-4.604255922E1
1.165436046E2,-4.767134672E1
1.166482396E2,-4.760228650E1
1.167544521E2,-5.047226571E1
1.168566162E2,-5.441165385E1
1.169628971E2,-5.469780090E1
1.170648723E2,-4.449215948E1
1.171708587E2,-4.047801313E1
1.172733791E2,-3.624872039E1
1.173798527E2,-4.067445359E1
1.174815573E2,-4.439014713E1
1.175845468E2,-4.435992881E1
1.176900046E2,-3.828032404E1
1.177963617E2,-4.529376922E1
1.179026159E2,-4.508422548E1
1.180067152E2,-4.738329451E1
1.181129700E2,-5.416252666E1
1.182149548E2,-5.441151851E1
1.183212760E2,-5.439989224E1
1.184234540E2,-4.446390928E1
1.185279660E2,-4.014140861E1
1.186312495E2,-4.173304586E1
1.187364165E2,-4.165173637E1
1.188400976E2,-3.917424071E1
1.189464126E2,-4.564470077E1
1.190482612E2,-3.984592765E1
1.191545275E2,-4.221140826E1
1.192568456E2,-4.138956043E1
1.193632980E2,-4.291796644E1
1.194649168E2,-4.627930050E1
1.195711955E2,-5.070450062E1
1.196742722E2,-5.577368813E1
1.197807400E2,-5.294906881E1
1.198826366E2,-5.383594777E1
1.199889887E2,-5.393964037E1
1.200942327E2,-5.519638230E1
1.201982951E2,-5.390001379E1
1.203047893E2,-5.335153351E1
1.204068950E2,-5.570640427E1
1.205129624E2,-5.359975067E1
1.206172851E2,-4.102455431E1
1.207231524E2,-4.273496334E1
1.208295178E2,-4.901661207E1
1.209315468E2,-4.224333319E1
1.210371518E2,-4.433199907E1
1.211402524E2,-4.235461739E1
1.212466072E2,-4.556889283E1
1.213482152E2,-4.675150313E1
1.214545110E2,-4.769580336E1
1.215569693E2,-4.883379886E1
1.216632401E2,-4.844964801E1
1.217648795E2,-4.491939228E1
1.218710910E2,-4.619844286E1
1.219736592E2,-4.678722779E1
1.220799187E2,-4.277914100E1
1.221815842E2,-4.254589316E1
1.222879550E2,-4.673884849E1
1.223903575E2,-4.856270417E1
1.224966933E2,-4.251851762E1
1.225982807E2,-4.655773086E1
1.227045462E2,-4.892451042E1
1.228070470E2,-5.415776556E1
1.229129601E2,-5.368966444E1
1.230150386E2,-5.507372520E1
1.231215207E2,-5.446272910E1
1.232238882E2,-5.448458999E1
1.233303614E2,-4.807168905E1
1.234339619E2,-4.306294071E1
1.235395333E2,-3.940386179E1
1.236439226E2,-3.763610550E1
1.237482130E2,-3.761084533E1
1.238539371E2,-3.614569842E1
1.239571654E2,-3.610604422E1
1.240635211E2,-3.417036787E1
1.241699149E2,-3.427604565E1
1.242738923E2,-3.546301269E1
1.243775706E2,-3.673546599E1
1.244815929E2,-4.316746383E1
1.245878982E2,-4.399376467E1
1.246904484E2,-4.211467460E1
1.247913222E2,-4.003575806E1
1.248976948E2,-4.009190724E1
1.249995035E2,-4.148324164E1
1.251057167E2,-4.320878295E1
1.252074166E2,-4.383377213E1
1.253129077E2,-4.306556824E1
1.254149278E2,-4.241266299E1
1.255193486E2,-4.252003227E1
1.256240169E2,-4.439900338E1
1.257302497E2,-4.479853839E1
1.258365283E2,-4.467761979E1
1.259406212E2,-4.407855705E1
1.260469149E2,-4.709212812E1
1.261533611E2,-4.857428104E1
1.262574228E2,-4.933101976E1
1.263636941E2,-5.460703687E1
1.264700070E2,-5.562870947E1
1.265740173E2,-5.513577593E1
1.266802900E2,-5.473016792E1
1.267865535E2,-5.592507603E1
1.268907207E2,-5.479562578E1
1.269970243E2,-5.325591349E1
1.271035035E2,-5.525960150E1
1.272074967E2,-5.439693806E1
1.273129641E2,-3.576787837E1
1.274149311E2,-3.819828519E1
1.275173507E2,-4.586905300E1
1.276235583E2,-4.161667681E1
1.277248795E2,-4.269119304E1
1.278280135E2,-3.909256507E1
1.279315304E2,-3.492707142E1
1.280370204E2,-3.835546110E1
1.281408040E2,-3.931371991E1
1.282471132E2,-3.698567187E1
1.283512058E2,-4.085110832E1
1.284570255E2,-3.980362833E1
1.285603685E2,-3.990702766E1
1.286648640E2,-4.094526797E1
1.287708989E2,-4.329499836E1
1.288742110E2,-5.490070908E1
1.289806003E2,-5.472886230E1
1.290869821E2,-5.578856671E1
1.291910162E2,-5.635480774E1
1.292974870E2,-5.445295612E1
1.294038540E2,-5.530827811E1
1.295076864E2,-5.519785779E1
1.296128124E2,-5.572465403E1
1.297148136E2,-5.403986928E1
1.298203869E2,-5.541616784E1
1.299242747E2,-5.615459559E1
1.300306285E2,-5.679325475E1
1.301312877E2,-5.495866497E1
1.302376520E2,-5.358106807E1
1.303410590E2,-5.355988454E1
1.304474055E2,-5.509552147E1
1.305506070E2,-5.565765851E1
1.306533877E2,-5.480599145E1
1.307576687E2,-5.414077294E1
1.308639883E2,-5.356050441E1
1.309667369E2,-5.655404226E1
1.310730142E2,-5.495061074E1
1.311744362E2,-5.419424785E1
1.312808822E2,-5.583846558E1
1.313840689E2,-5.529435136E1
1.314903327E2,-5.561973080E1
1.315918473E2,-5.366455885E1
1.316981127E2,-5.552015528E1
1.318043757E2,-4.387553286E1
1.319077498E2,-3.912556703E1
1.320129680E2,-4.287524685E1
1.321148965E2,-3.708186474E1
1.322212442E2,-3.632862967E1
1.323244385E2,-4.863709898E1
1.324308094E2,-5.306856884E1
1.325329273E2,-5.529630020E1
1.326373697E2,-5.659685942E1
1.327411679E2,-5.702435114E1
1.328425909E2,-5.451898021E1
1.329479612E2,-4.596367479E1
1.330542574E2,-4.941450010E1
1.331579315E2,-4.983359425E1
1.332643249E2,-5.538863091E1
1.333707262E2,-4.707587991E1
1.334745585E2,-4.722484459E1
1.335808867E2,-4.774101352E1
1.336873299E2,-4.592245908E1
1.337913016E2,-4.632948938E1
1.338976577E2,-4.768319488E1
1.340039814E2,-4.846043269E1
1.341080008E2,-4.931831092E1
1.342130145E2,-4.798884240E1
1.343148935E2,-4.731933899E1
1.344211967E2,-4.871933587E1
1.345245653E2,-5.319043745E1
1.346305433E2,-5.595430522E1
1.347315330E2,-5.587720472E1
1.348378701E2,-5.463212867E1
1.349413234E2,-5.039267092E1
1.350476171E2,-4.916903708E1
1.351539054E2,-4.794223160E1
1.352581210E2,-4.497036724E1
1.353593779E2,-5.088188508E1
1.354648632E2,-5.259952522E1
1.355684178E2,-5.540445925E1
1.356741673E2,-5.381732156E1
1.357772226E2,-5.514050626E1
1.358816256E2,-5.480238829E1
1.359879189E2,-5.490147822E1
1.360913610E2,-5.617831107E1
1.361972202E2,-5.723618860E1
1.363001928E2,-5.490584298E1
1.364061136E2,-5.463229533E1
1.365082219E2,-5.407564265E1
1.366130141E2,-5.641691921E1
1.367150060E2,-5.568647607E1
1.368167755E2,-5.375726191E1
1.369228256E2,-5.483351882E1
1.370248975E2,-5.480689425E1
1.371256645E2,-5.326649445E1
1.372315678E2,-5.310055618E1
1.373379080E2,-5.429745673E1
1.374415847E2,-5.284610849E1
1.375442743E2,-5.578939125E1
1.376481872E2,-5.514985206E1
1.377535719E2,-5.635285696E1
1.378581896E2,-4.710206739E1
1.379624678E2,-4.636243211E1
1.380648967E2,-5.299793083E1
1.381708877E2,-4.894063557E1
1.382748291E2,-5.127181668E1
1.383806537E2,-5.320850322E1
1.384869534E2,-5.533988181E1
1.385916126E2,-5.430382124E1
1.386979503E2,-5.614141950E1
1.388028417E2,-5.623511269E1
1.389082941E2,-5.715973350E1
1.390129632E2,-5.498654604E1
1.391149391E2,-5.475573225E1
1.392212368E2,-5.469141462E1
1.393249965E2,-5.510802561E1
1.394311298E2,-5.560069136E1
1.395339815E2,-5.566830754E1
1.396392014E2,-5.653408062E1
1.397417160E2,-5.661219017E1
1.398480599E2,-5.435021217E1
1.399538937E2,-5.544991439E1
1.400584619E2,-5.447146379E1
1.401639501E2,-4.812375456E1
1.402703271E2,-4.314525573E1
1.403751053E2,-4.698849168E1
1.404810351E2,-3.727930398E1
1.405873847E2,-4.316013940E1
1.406918578E2,-4.511395644E1
1.407952939E2,-3.997668929E1
1.408982058E2,-4.748618630E1
1.410045390E2,-5.393792292E1
1.411086395E2,-4.973081454E1
1.412148197E2,-4.887343440E1
1.413208361E2,-4.713359965E1
1.414251520E2,-4.546982046E1
1.415305720E2,-4.789867717E1
1.416367031E2,-4.614009119E1
1.417419299E2,-4.576298119E1
1.418479304E2,-4.707167856E1
1.419492602E2,-5.453353143E1
1.420552574E2,-5.038191102E1
1.421586338E2,-4.983027613E1
1.422649452E2,-4.718600773E1
1.423712972E2,-4.738672461E1
1.424752872E2,-4.460223164E1
1.425816152E2,-4.778338901E1
1.426839194E2,-5.635533810E1
1.427856603E2,-5.427239737E1
1.428920020E2,-5.431224156E1
1.429982305E2,-5.575051860E1
1.431024079E2,-5.738465145E1
1.432086730E2,-5.384028905E1
1.433139366E2,-5.513443774E1
1.434200768E2,-5.459141021E1
1.435252982E2,-4.471016805E1
1.436315512E2,-4.452068674E1
1.437337936E2,-4.971940547E1
1.438386000E2,-5.512443043E1
1.439419174E2,-4.720386210E1
1.440474537E2,-4.410046100E1
1.441482637E2,-4.580189407E1
1.442545665E2,-4.208304540E1
1.443587574E2,-4.508945534E1
1.444648803E2,-5.141127533E1
1.445711079E2,-4.942522121E1
1.446753685E2,-4.945237315E1
1.447814598E2,-5.040583244E1
1.448874502E2,-4.024243024E1
1.449921677E2,-4.168303172E1
1.450983112E2,-4.652067045E1
1.452038143E2,-5.156042119E1
1.453088463E2,-5.812067371E1
1.454149487E2,-5.645252091E1
1.455206764E2,-5.607530660E1
1.456254693E2,-5.667122322E1
1.457316719E2,-5.397209897E1
1.458377296E2,-5.457632413E1
1.459421725E2,-5.572673292E1
1.460482322E2,-5.441575813E1
1.461542379E2,-5.367575741E1
1.462589455E2,-5.412369101E1
1.463648941E2,-4.133784831E1
1.464712160E2,-4.306819092E1
1.465755442E2,-4.681072823E1
1.466815836E2,-4.524102700E1
1.467878428E2,-4.644593217E1
1.468922698E2,-4.726330042E1
1.469982501E2,-5.419856585E1
1.471046034E2,-5.517394617E1
1.472089980E2,-5.145728695E1
1.473148724E2,-5.528075553E1
1.474193597E2,-5.513972413E1
1.475243507E2,-5.477144557E1
1.476306255E2,-5.458515328E1
1.477368824E2,-5.523091369E1
1.478423039E2,-5.538678272E1
1.479477936E2,-5.600919117E1
1.480540656E2,-5.483834970E1
1.481589866E2,-5.492153978E1
1.482649224E2,-5.478723207E1
1.483711953E2,-5.410185735E1
1.484756929E2,-5.514902522E1
1.485815279E2,-5.576383851E1
1.486878117E2,-5.306866590E1
1.487923751E2,-5.476996457E1
1.488982908E2,-5.037019330E1
1.490046428E2,-5.155809304E1
1.491090902E2,-5.241388228E1
1.492149399E2,-5.144935655E1
1.493212666E2,-4.681997966E1
1.494257556E2,-4.845118235E1
1.495315549E2,-4.756195245E1
1.496373350E2,-4.703716557E1
1.497424257E2,-4.006564873E1
1.498482265E2,-4.372732256E1
1.499544632E2,-4.385717329E1
1.500591314E2,-3.772515420E1
1.501648306E2,-4.670161373E1
1.502672965E2,-4.508010104E1
1.503735356E2,-3.816755758E1
1.504758312E2,-4.396278805E1
1.505814599E2,-4.478358494E1
1.506872415E2,-3.871642340E1
1.507925453E2,-4.303341791E1
1.508983252E2,-4.513625248E1
1.510046551E2,-4.824913760E1
1.511093255E2,-5.458847995E1
1.512146527E2,-5.471405621E1
1.513172115E2,-5.445911450E1
1.514233182E2,-5.379249269E1
1.515258697E2,-5.528080290E1
1.516308676E2,-5.518013071E1
1.517373542E2,-5.607297118E1
1.518426107E2,-5.593928850E1
1.519482569E2,-5.482149487E1
1.520530613E2,-5.426893040E1
1.521592858E2,-5.041891941E1
1.522649308E2,-5.038138481E1
1.523712152E2,-5.312957775E1
1.524759911E2,-5.409131715E1
1.525815372E2,-4.498165659E1
1.526848507E2,-4.763378962E1
1.527862815E2,-5.008831088E1
1.528926814E2,-5.412837099E1
1.529982150E2,-5.359369181E1
1.531045927E2,-5.079107353E1
1.532094028E2,-5.266098931E1
1.533149130E2,-5.225621311E1
1.534172083E2,-5.008274990E1
1.535235100E2,-4.868805509E1
1.536260692E2,-5.062226727E1
1.537315785E2,-5.057019941E1
1.538377995E2,-5.368953177E1
1.539428193E2,-5.630562274E1
1.540482725E2,-5.587150251E1
1.541519245E2,-5.243315047E1
1.542582173E2,-5.561943978E1
1.543602223E2,-5.368985687E1
1.544649005E2,-5.081474898E1
1.545712278E2,-4.637709454E1
1.546761433E2,-4.799178629E1
1.547815715E2,-4.863007187E1
1.548873079E2,-4.966205863E1
1.549928300E2,-4.863780567E1
1.550982618E2,-4.690543364E1
1.552045498E2,-4.729433207E1
1.553095269E2,-4.889520281E1
1.554149277E2,-4.827479621E1
1.555192983E2,-5.285905084E1
1.556255764E2,-4.902117132E1
1.557273482E2,-4.923962653E1
1.558314907E2,-4.922850070E1
1.559377880E2,-4.920965255E1
1.560429448E2,-4.879831810E1
1.561477270E2,-4.903658985E1
1.562539886E2,-4.737026998E1
1.563596233E2,-5.017692592E1
1.564649134E2,-4.680811368E1
1.565672908E2,-5.187833728E1
1.566735609E2,-4.936061804E1
1.567763163E2,-4.737720684E1
1.568815675E2,-5.023808587E1
1.569873104E2,-4.890905063E1
1.570930616E2,-5.272418237E1
1.571998120E2,-5.058644590E1
1.573061240E2,-4.929983551E1
1.574097056E2,-4.678142087E1
1.575129583E2,-4.153297699E1
1.576192422E2,-4.303276687E1
1.577230679E2,-4.512485250E1
1.578264412E2,-4.449505627E1
1.579329314E2,-4.208689687E1
1.580392939E2,-4.578795752E1
1.581431038E2,-4.578909541E1
1.582495228E2,-4.594823754E1
1.583517262E2,-4.886640115E1
1.584564747E2,-5.086396458E1
1.585597847E2,-4.985924509E1
1.586639979E2,-5.039067605E1
1.587699731E2,-5.157020357E1
1.588760351E2,-5.164278239E1
1.589824514E2,-5.263288784E1
1.590872481E2,-5.262180410E1
1.591932461E2,-5.319571951E1
1.592972747E2,-5.252915493E1
1.594036163E2,-5.362186549E1
1.595098731E2,-5.479970597E1
1.596129598E2,-5.424296269E1
1.597192284E2,-5.429564451E1
1.598206480E2,-5.434558222E1
1.599261443E2,-5.284015210E1
1.600285387E2,-5.458159454E1
1.601348279E2,-5.670017583E1
1.602380846E2,-5.657913057E1
1.603432342E2,-4.905146584E1
1.604495783E2,-4.665043108E1
1.605523649E2,-5.385032754E1
1.606539624E2,-4.355847151E1
1.607599477E2,-4.280732933E1
1.608662746E2,-5.299116965E1
1.609725953E2,-5.068449996E1
1.610774010E2,-4.646056911E1
1.611835157E2,-4.448256951E1
1.612855481E2,-4.852939993E1
1.613920403E2,-5.108544929E1
1.614941150E2,-4.794051703E1
1.615962105E2,-5.295742198E1
1.617024870E2,-5.495320077E1
1.618087793E2,-5.450819423E1
1.619129912E2,-5.429585089E1
1.620150892E2,-5.448794853E1
1.621213927E2,-5.419567759E1
1.622267523E2,-5.430711939E1
1.623307111E2,-5.465880554E1
1.624370703E2,-5.584605799E1
1.625429537E2,-5.654904323E1
1.626492025E2,-5.448036219E1
1.627554859E2,-5.273309091E1
1.628601332E2,-5.510194444E1
1.629664647E2,-5.721419984E1
1.630727533E2,-5.312028534E1
1.631768265E2,-5.129655762E1
1.632832011E2,-4.510805463E1
1.633872170E2,-5.472128965E1
1.634935055E2,-5.043702895E1
1.635998197E2,-5.301258025E1
1.637061521E2,-4.683535768E1
1.638102436E2,-4.726089242E1
1.639129454E2,-4.739080521E1
1.640193155E2,-4.647185660E1
1.641239954E2,-4.843892886E1
1.642269286E2,-5.206109516E1
1.643314468E2,-5.449289328E1
1.644371208E2,-4.978862133E1
1.645430751E2,-4.935844346E1
1.646443543E2,-5.148452718E1
1.647462289E2,-5.085936816E1
1.648505606E2,-4.949409795E1
1.649568367E2,-4.887512030E1
1.650603348E2,-4.663034202E1
1.651628750E2,-5.057634334E1
1.652691884E2,-5.117119906E1
1.653751662E2,-4.582474133E1
1.654769670E2,-4.995587390E1
1.655811967E2,-5.346848135E1
1.656843577E2,-5.531257395E1
1.657859405E2,-5.573364371E1
1.658920293E2,-5.490903572E1
1.659936146E2,-5.575097412E1
1.660996435E2,-5.558614619E1
1.662051928E2,-5.364331768E1
1.663103745E2,-5.063508188E1
1.664150920E2,-4.922974257E1
1.665214650E2,-5.097998195E1
1.666270477E2,-4.638618767E1
1.667333296E2,-4.870432450E1
1.668395569E2,-4.719136115E1
1.669437554E2,-4.341713490E1
1.670500804E2,-4.433395227E1
1.671563572E2,-4.345654488E1
1.672604457E2,-4.303833901E1
1.673667816E2,-4.669592966E1
1.674704223E2,-5.223310519E1
1.675766880E2,-4.167945134E1
1.676784245E2,-4.884599762E1
1.677844747E2,-4.873159613E1
1.678907527E2,-5.378523536E1
1.679938981E2,-5.697036187E1
1.681002838E2,-5.464690458E1
1.682040175E2,-5.466249453E1
1.683100987E2,-5.290482571E1
1.684129597E2,-5.301266622E1
1.685152590E2,-5.526732292E1
1.686215472E2,-5.528762378E1
1.687272251E2,-5.694161703E1
1.688335000E2,-5.598003585E1
1.689397608E2,-5.323225662E1
1.690439693E2,-5.230923374E1
1.691503524E2,-5.318251575E1
1.692563248E2,-5.281950500E1
1.693606442E2,-5.442854967E1
1.694669799E2,-5.635241283E1
1.695720379E2,-5.330072340E1
1.696772902E2,-5.612084386E1
1.697836165E2,-4.854394559E1
1.698900062E2,-5.233503333E1
1.699940482E2,-4.791677123E1
1.701004354E2,-5.155548986E1
1.702067555E2,-5.211082092E1
1.703127177E2,-5.455859257E1
1.704185406E2,-4.113773481E1
1.705205507E2,-4.329962542E1
1.706269435E2,-5.265601804E1
1.707286922E2,-4.673692078E1
1.708350360E2,-4.007380380E1
1.709412698E2,-5.250303364E1
1.710440951E2,-4.122617848E1
1.711504309E2,-4.321107524E1
1.712568018E2,-4.619742002E1
1.713607410E2,-5.084305217E1
1.714669970E2,-4.874548553E1
1.715732416E2,-4.548237839E1
1.716774369E2,-5.376652875E1
1.717837734E2,-4.909292087E1
1.718880192E2,-4.748023830E1
1.719941955E2,-4.779988821E1
1.721006320E2,-5.228838146E1
1.722069124E2,-3.653290771E1
1.723129582E2,-3.816174248E1
1.724193161E2,-5.368676581E1
1.725244275E2,-4.488231692E1
1.726274998E2,-5.692197505E1
1.727337190E2,-5.644762665E1
1.728393115E2,-5.400871526E1
1.729441541E2,-5.254044797E1
1.730502634E2,-5.018832190E1
1.731524706E2,-4.189337412E1
1.732584738E2,-4.294371463E1
1.733609790E2,-5.152143263E1
1.734670354E2,-5.068261928E1
1.735732585E2,-4.859554686E1
1.736776137E2,-4.973187465E1
1.737839650E2,-4.957710517E1
1.738903185E2,-4.991351222E1
1.739943693E2,-5.117631206E1
1.741008195E2,-5.154129375E1
1.742047392E2,-5.343895761E1
1.743110025E2,-5.392821586E1
1.744129710E2,-5.373097997E1
1.745193175E2,-4.409164422E1
1.746256587E2,-4.590243846E1
1.747276802E2,-4.724848705E1
1.748314405E2,-5.023866250E1
1.749356545E2,-5.124611351E1
1.750384041E2,-5.316327714E1
1.751443797E2,-5.111342868E1
1.752506591E2,-4.212958649E1
1.753569253E2,-5.235088639E1
1.754610610E2,-4.598452711E1
1.755637099E2,-5.305021121E1
1.756697449E2,-5.374553353E1
1.757761057E2,-5.460068445E1
1.758777520E2,-5.353441713E1
1.759835834E2,-5.435727095E1
1.760900064E2,-5.134653779E1
1.761944957E2,-4.925777665E1
1.763008546E2,-4.979822661E1
1.764071712E2,-5.464279256E1
1.765119622E2,-5.374712369E1
1.766182891E2,-4.937039934E1
1.767246020E2,-5.068038824E1
1.768278229E2,-5.211978128E1
1.769341270E2,-5.439781667E1
1.770397794E2,-5.525904967E1
1.771445539E2,-5.209487733E1
1.772509080E2,-5.025599781E1
1.773572328E2,-5.121411544E1
1.774612044E2,-4.878072818E1
1.775661290E2,-5.046547123E1
1.776724193E2,-5.266042230E1
1.777778834E2,-4.081870047E1
1.778841930E2,-3.312807544E1
1.779905460E2,-3.921827404E1
1.780946107E2,-4.592898462E1
1.781976291E2,-3.742311190E1
1.783009760E2,-3.488010968E1
1.784057772E2,-3.722459738E1
1.785112950E2,-4.149806326E1
1.786175568E2,-5.239394550E1
1.787238754E2,-5.571793767E1
1.788280146E2,-5.380862375E1
1.789343419E2,-5.494699184E1
1.790357377E2,-4.263309459E1
1.791407953E2,-4.195210136E1
1.792447677E2,-4.135891002E1
1.793510918E2,-4.454792282E1
1.794573355E2,-4.345025348E1
1.795614073E2,-5.362681219E1
1.796676638E2,-5.617036964E1
1.797739215E2,-4.714818906E1
1.798780717E2,-4.594653047E1
1.799799677E2,-5.391501388E1
1.800859966E2,-5.254222851E1
1.801923393E2,-5.520963471E1
1.802947972E2,-5.601547365E1
1.804011478E2,-3.900691592E1
1.805074445E2,-4.475454982E1
1.806123102E2,-3.668707501E1
1.807173184E2,-4.355872620E1
1.808236585E2,-4.263699238E1
1.809281599E2,-4.643346333E1
1.810345428E2,-5.619050918E1
1.811408499E2,-5.268252248E1
1.812448452E2,-5.429831854E1
1.813511580E2,-3.903055279E1
1.814573577E2,-4.279384516E1
1.815615362E2,-3.868729705E1
1.816677957E2,-4.086832923E1
1.817741174E2,-3.487423504E1
1.818783158E2,-3.033751423E1
1.819847031E2,-3.486262419E1
1.820910351E2,-3.777412894E1
1.821949701E2,-4.162018887E1
1.822975469E2,-3.034259639E1
1.824035284E2,-3.254764159E1
1.825090065E2,-3.802951058E1
1.826124495E2,-4.159798335E1
1.827187757E2,-4.768565423E1
1.828248138E2,-5.043864393E1
1.829283854E2,-5.187089832E1
1.830341234E2,-4.005959742E1
1.831404610E2,-3.417713407E1
1.832449842E2,-3.483634569E1
1.833512906E2,-3.465353744E1
1.834575656E2,-4.431242193E1
1.835616509E2,-4.008357578E1
1.836679238E2,-4.267765650E1
1.837739558E2,-4.095042393E1
1.838783475E2,-3.530672275E1
1.839805547E2,-4.001709124E1
1.840869636E2,-3.785143958E1
1.841932931E2,-4.273724957E1
1.842950877E2,-4.316598667E1
1.843977852E2,-3.907158282E1
1.845037957E2,-4.122884133E1
1.846100430E2,-4.400844491E1
1.847126158E2,-4.067902304E1
1.848189172E2,-3.648775831E1
1.849250076E2,-3.670947609E1
1.850284630E2,-3.685332511E1
1.851292330E2,-4.646629913E1
1.852354910E2,-5.479057417E1
1.853389466E2,-5.393635655E1
1.854451457E2,-4.905783266E1
1.855514282E2,-5.376686028E1
1.856578127E2,-5.468924609E1
1.857619009E2,-4.777056207E1
1.858682279E2,-4.802333992E1
1.859746061E2,-5.312114482E1
1.860785792E2,-4.059367963E1
1.861849133E2,-3.895233853E1
1.862882823E2,-4.205317767E1
1.863945834E2,-4.888370385E1
1.864960304E2,-5.216591401E1
1.866023983E2,-3.449451109E1
1.867050781E2,-4.964863654E1
1.868072149E2,-4.336859276E1
1.869120416E2,-5.184335744E1
1.870141186E2,-4.145694974E1
1.871204710E2,-4.310077948E1
1.872244058E2,-5.263219493E1
1.873286857E2,-3.967978461E1
1.874350007E2,-3.906023345E1
1.875388055E2,-3.523206594E1
1.876448786E2,-3.969511504E1
1.877511446E2,-3.709131374E1
1.878573823E2,-4.097944771E1
1.879620511E2,-3.491911153E1
1.880683817E2,-3.875620829E1
1.881724974E2,-4.828605473E1
1.882787256E2,-4.229830746E1
1.883850780E2,-3.675204288E1
1.884908511E2,-4.536878985E1
1.885953779E2,-5.231971940E1
1.886973691E2,-5.145562223E1
1.888034339E2,-4.547452999E1
1.889075007E2,-4.190227917E1
1.890121434E2,-3.851494483E1
1.891182860E2,-4.230873382E1
1.892245923E2,-4.298547720E1
1.893287539E2,-4.419549610E1
1.894351051E2,-5.239468900E1
1.895373558E2,-5.722759027E1
1.896381452E2,-5.436311503E1
1.897444737E2,-4.449350641E1
1.898462330E2,-4.865592711E1
1.899484973E2,-4.844540264E1
1.900549331E2,-3.564460094E1
1.901612136E2,-3.856091674E1
1.902622109E2,-3.609147555E1
1.903671487E2,-3.084556016E1
1.904729500E2,-4.187001707E1
1.905788745E2,-4.993238635E1
1.906806108E2,-4.689136915E1
1.907868928E2,-3.931316002E1
1.908921185E2,-3.616405247E1
1.909955974E2,-2.858748731E1
1.911001560E2,-2.966184329E1
1.912060175E2,-3.436044640E1
1.913123110E2,-4.258504004E1
1.914149290E2,-4.403491018E1
1.915211931E2,-3.575851960E1
1.916274532E2,-3.016701395E1
1.917289884E2,-3.360984465E1
1.918314434E2,-3.688635881E1
1.919378034E2,-3.656447507E1
1.920392243E2,-3.639599340E1
1.921452687E2,-4.216053219E1
1.922515367E2,-4.494328904E1
1.923578583E2,-4.281057595E1
1.924623574E2,-3.190158016E1
1.925686832E2,-3.837880649E1
1.926749878E2,-4.763590460E1
1.927790381E2,-4.449070810E1
1.928853441E2,-3.844341571E1
1.929900362E2,-5.014686543E1
1.930957572E2,-4.945476896E1
1.931977013E2,-3.741795434E1
1.933040610E2,-3.652538330E1
1.934102916E2,-3.692872674E1
1.935124850E2,-4.385334272E1
1.936188052E2,-4.226198287E1
1.937250820E2,-4.060707478E1
1.938291232E2,-4.320908253E1
1.939351900E2,-4.715228607E1
1.940406150E2,-4.673473461E1
1.941457932E2,-4.858972810E1
1.942520908E2,-3.856234528E1
1.943585025E2,-3.721936815E1
1.944625296E2,-4.218985758E1
1.945689565E2,-3.780108145E1
1.946753344E2,-4.132633101E1
1.947792422E2,-4.193858119E1
1.948855485E2,-4.702095840E1
1.949915793E2,-3.483418859E1
1.950960073E2,-2.858513670E1
1.951986692E2,-3.764687282E1
1.953006817E2,-4.633013469E1
1.954069943E2,-3.739552806E1
1.955125968E2,-4.042645715E1
1.956189205E2,-2.673363338E1
1.957231783E2,-3.084343973E1
1.958293155E2,-3.586681992E1
1.959332771E2,-4.194706453E1
1.960398342E2,-5.517990428E1
1.961460056E2,-5.556110496E1
1.962519774E2,-5.523354300E1
1.963582594E2,-5.334152194E1
1.964627820E2,-4.771449891E1
1.965690916E2,-3.261274524E1
1.966754207E2,-4.142355503E1
1.967793781E2,-4.031328235E1
1.968808180E2,-4.074131053E1
1.969868903E2,-4.268360778E1
1.970891984E2,-4.240759723E1
1.971905897E2,-3.966085563E1
1.972961218E2,-3.684566789E1
1.974024942E2,-4.056225260E1
1.975088490E2,-4.106325279E1
1.976131085E2,-4.083230750E1
1.977194238E2,-4.871001222E1
1.978217988E2,-4.300394200E1
1.979233024E2,-4.437746180E1
1.980290065E2,-3.838538035E1
1.981353789E2,-4.152624837E1
1.982405724E2,-3.240341248E1
1.983461347E2,-3.488089225E1
1.984523719E2,-4.528654208E1
1.985545995E2,-4.317808737E1
1.986604037E2,-4.543764552E1
1.987627637E2,-4.413216653E1
1.988688199E2,-4.793051612E1
1.989751894E2,-3.228975510E1
1.990795389E2,-3.238308672E1
1.991860780E2,-3.617950688E1
1.992906340E2,-4.676809250E1
1.993962785E2,-5.545392302E1
1.995012590E2,-5.503390274E1
1.996076751E2,-5.315329565E1
1.997129550E2,-5.253346056E1
1.998193112E2,-5.417285821E1
1.999256417E2,-5.279057450E1
2.000295838E2,-5.352298203E1
2.001303686E2,-5.429362820E1
2.002367760E2,-5.493953317E1
2.003406760E2,-5.491964212E1
2.004463020E2,-5.238243519E1
2.005505495E2,-4.170178141E1
2.006569042E2,-4.370140179E1
2.007629938E2,-3.999952866E1
2.008693562E2,-4.974656965E1
2.009757483E2,-3.984529306E1
2.010797252E2,-3.957203196E1
2.011859854E2,-5.254419905E1
2.012923268E2,-3.232892459E1
2.013964038E2,-3.844093766E1
2.015028175E2,-3.948953321E1
2.016091639E2,-4.335820382E1
2.017131075E2,-5.328604510E1
2.018194506E2,-3.720079693E1
2.019229201E2,-3.442704770E1
2.020293230E2,-4.525216602E1
2.021356504E2,-4.357169806E1
2.022413009E2,-5.267715266E1
2.023464904E2,-3.414391998E1
2.024528622E2,-3.608935018E1
2.025568545E2,-5.113257338E1
2.026631379E2,-5.474934440E1
2.027694520E2,-5.525895968E1
2.028756770E2,-5.340056277E1
2.029798597E2,-5.585405734E1
2.030861444E2,-5.442783150E1
2.031924188E2,-5.316644658E1
2.032965363E2,-5.608046929E1
2.033986080E2,-5.423228358E1
2.035044747E2,-5.503688654E1
2.036072171E2,-5.464952540E1
2.037132465E2,-5.464819150E1
2.038151936E2,-5.564174277E1
2.039215787E2,-5.437808324E1
2.040259355E2,-5.437750102E1
2.041299170E2,-5.254595869E1
2.042362230E2,-5.455323175E1
2.043418172E2,-5.493483233E1
2.044465762E2,-5.546687045E1
2.045529775E2,-5.674233324E1
2.046592454E2,-5.507371621E1
2.047633168E2,-5.405508716E1
2.048675340E2,-5.448067022E1
2.049739634E2,-5.450338540E1
2.050799965E2,-5.311141936E1
2.051863362E2,-5.589728089E1
2.052927001E2,-5.477124049E1
2.053967485E2,-5.433524494E1
2.055013244E2,-5.543116385E1
2.056073847E2,-5.328021074E1
2.057134124E2,-5.437542735E1
2.058197370E2,-5.493760640E1
2.059244791E2,-5.600559994E1
2.060300387E2,-5.600133620E1
2.061308113E2,-5.443868711E1
2.062370726E2,-5.407459315E1
2.063433184E2,-5.520816001E1
2.064467093E2,-5.470251605E1
2.065530402E2,-5.447365543E1
2.066592908E2,-5.438436450E1
2.067636857E2,-5.400443230E1
2.068700448E2,-5.665907892E1
2.069764504E2,-5.525193751E1
2.070801782E2,-5.466732458E1
2.071851772E2,-5.639934873E1
2.072916162E2,-5.533431519E1
2.073967702E2,-5.489357537E1
2.075028263E2,-5.470908604E1
2.076091480E2,-4.943703972E1
2.077135516E2,-4.583486200E1
2.078200293E2,-4.900898764E1
2.079239033E2,-5.105712079E1
2.080301924E2,-4.690025615E1
2.081338711E2,-4.979648787E1
2.082350417E2,-4.559351584E1
2.083388458E2,-4.675531425E1
2.084445813E2,-4.813548272E1
2.085469137E2,-5.258591259E1
2.086531859E2,-5.445188124E1
2.087595122E2,-4.643270913E1
2.088637148E2,-3.993416181E1
2.089701364E2,-4.470083534E1
2.090764878E2,-5.108723438E1
2.091803104E2,-4.112990700E1
2.092866498E2,-4.773602484E1
2.093929602E2,-4.978729744E1
2.094969906E2,-5.496422900E1
2.096033487E2,-5.536952656E1
2.097062100E2,-5.407679757E1
2.098120574E2,-4.456936081E1
2.099136863E2,-4.280878694E1
2.100199832E2,-4.866173674E1
2.101263321E2,-4.867765813E1
2.102303672E2,-5.035888012E1
2.103312027E2,-5.145808798E1
2.104351739E2,-5.636543630E1
2.105414807E2,-5.373583426E1
2.106470501E2,-5.082110953E1
2.107520003E2,-4.552503144E1
2.108582748E2,-5.074204873E1
2.109637329E2,-4.811870976E1
2.110700485E2,-5.075686062E1
2.111763736E2,-5.204114168E1
2.112804708E2,-5.442230586E1
2.113867780E2,-5.644394772E1
2.114926368E2,-5.621459455E1
2.115971568E2,-5.425077426E1
2.117034851E2,-5.478832016E1
2.118058332E2,-5.292563474E1
2.119122723E2,-5.620206417E1
2.120137703E2,-5.121762873E1
2.121198748E2,-4.634100326E1
2.122261477E2,-4.709177551E1
2.123305316E2,-4.488460839E1
2.124313187E2,-5.200480170E1
2.125376373E2,-4.680033002E1
2.126439563E2,-5.117951671E1
2.127472411E2,-4.996585599E1
2.128536362E2,-5.384060097E1
2.129599180E2,-4.479263580E1
2.130639469E2,-4.541569609E1
2.131703076E2,-4.984960907E1
2.132766837E2,-4.983471287E1
2.133806142E2,-4.877541774E1
2.134869036E2,-4.503045522E1
2.135909346E2,-4.369672725E1
2.136968740E2,-4.101841935E1
2.138032117E2,-4.190378695E1
2.139096973E2,-4.140576357E1
2.140140202E2,-4.881705310E1
2.141203792E2,-5.613640530E1
2.142230279E2,-5.126272674E1
2.143293449E2,-5.583986105E1
2.144306774E2,-4.821344267E1
2.145316879E2,-4.148868053E1
2.146379325E2,-4.472309035E1
2.147394240E2,-4.688743212E1
2.148457056E2,-4.256031223E1
2.149481897E2,-4.158660583E1
2.150545524E2,-4.141347761E1
2.151572603E2,-5.166782054E1
2.152636378E2,-5.099973200E1
2.153699252E2,-5.586672123E1
2.154735368E2,-5.469448618E1
2.155794923E2,-5.544691184E1
2.156808127E2,-5.540389652E1
2.157871534E2,-5.522093397E1
2.158935365E2,-5.325942230E1
2.159975637E2,-5.521716020E1
2.161038657E2,-5.741368365E1
2.162073097E2,-5.574113403E1
2.163137045E2,-5.203739923E1
2.164199883E2,-5.176622077E1
2.165263112E2,-4.717907274E1
2.166308592E2,-4.679356690E1
2.167371630E2,-5.405622946E1
2.168434894E2,-5.071010332E1
2.169475635E2,-5.349795217E1
2.170536430E2,-5.192976639E1
2.171599114E2,-5.278006262E1
2.172642866E2,-5.200343970E1
2.173704904E2,-5.359096953E1
2.174767118E2,-5.372089736E1
2.175809394E2,-5.456439778E1
2.176869645E2,-5.474952182E1
2.177928092E2,-5.013627847E1
2.178977067E2,-4.939425289E1
2.180019418E2,-5.171193371E1
2.181082450E2,-5.322358590E1
2.182144816E2,-4.926380910E1
2.183202445E2,-4.913515135E1
2.184248515E2,-5.156148522E1
2.185310036E2,-5.428189980E1
2.186338826E2,-5.781028655E1
2.187395215E2,-5.336956995E1
2.188439870E2,-5.490174804E1
2.189477105E2,-5.531922518E1
2.190540120E2,-5.464711837E1
2.191603517E2,-5.402745755E1
2.192645197E2,-5.523373064E1
2.193657873E2,-5.650388731E1
2.194718238E2,-5.410901919E1
2.195781727E2,-5.549372950E1
2.196811620E2,-4.543296792E1
2.197874851E2,-4.519368116E1
2.198939706E2,-5.169963337E1
2.199977890E2,-5.367920609E1
2.201039364E2,-4.833548251E1
2.202064834E2,-4.751084340E1
2.203088327E2,-5.200022281E1
2.204144492E2,-5.249085954E1
2.205193805E2,-5.022117629E1
2.206256940E2,-4.848118831E1
2.207311430E2,-4.612880891E1
2.208368217E2,-4.609257129E1
2.209422394E2,-4.329565631E1
2.210478530E2,-5.310226267E1
2.211525229E2,-4.572709579E1
2.212583214E2,-5.027978830E1
2.213645615E2,-5.264708323E1
2.214708919E2,-5.046088891E1
2.215772355E2,-4.870863428E1
2.216812538E2,-5.029809486E1
2.217839062E2,-4.951411138E1
2.218902826E2,-4.949707292E1
2.219939667E2,-4.835011398E1
2.220979485E2,-5.311182290E1
2.222041816E2,-4.934663266E1
2.223104939E2,-4.984501051E1
2.224147463E2,-5.158479607E1
2.225210845E2,-5.192263809E1
2.226231992E2,-5.544564734E1
2.227245262E2,-5.664963978E1
2.228307855E2,-5.459561844E1
2.229313150E2,-5.457520262E1
2.230376696E2,-5.698141527E1
2.231439559E2,-5.477899638E1
2.232480462E2,-5.562539203E1
2.233539419E2,-5.493181830E1
2.234564578E2,-5.548256146E1
2.235627196E2,-5.376448860E1
2.236647566E2,-5.439974455E1
2.237710667E2,-5.445283778E1
2.238741105E2,-5.704192874E1
2.239772337E2,-5.604598374E1
2.240814505E2,-5.583483135E1
2.241872976E2,-5.606668467E1
2.242935872E2,-5.571329163E1
2.243981217E2,-5.479236072E1
2.245045101E2,-5.360652322E1
2.246073047E2,-5.441830201E1
2.247129607E2,-5.300820134E1
2.248149917E2,-5.461904342E1
2.249194814E2,-5.506368680E1
2.250255460E2,-5.407102633E1
2.251315272E2,-5.558891611E1
2.252377746E2,-5.416908386E1
2.253441024E2,-5.401076755E1
2.254482640E2,-5.374269998E1
2.255546099E2,-5.559256435E1
2.256608719E2,-5.324223270E1
2.257649213E2,-4.497403451E1
2.258672229E2,-4.500157814E1
2.259736225E2,-4.775499328E1
2.260798907E2,-4.968011202E1
2.261816138E2,-5.195989834E1
2.262872486E2,-4.866097699E1
2.263918781E2,-4.799979965E1
2.264978570E2,-5.193606076E1
2.266040951E2,-5.345868690E1
2.267072371E2,-5.389467104E1
2.268130278E2,-5.478753832E1
2.269149746E2,-5.385995276E1
2.270213273E2,-5.615509030E1
2.271275825E2,-5.339149229E1
2.272316880E2,-5.578873124E1
2.273371689E2,-5.763975638E1
2.274427420E2,-5.731403637E1
2.275483326E2,-5.428654281E1
2.276546535E2,-3.769504568E1
2.277573467E2,-5.472916379E1
2.278637357E2,-5.398176295E1
2.279652482E2,-5.526855809E1
2.280715853E2,-5.350515408E1
2.281772245E2,-4.574539200E1
2.282818126E2,-4.083139837E1
2.283833813E2,-4.792707018E1
2.284897367E2,-5.042234588E1
2.285959866E2,-5.458746910E1
2.286984388E2,-4.302649262E1
2.288049061E2,-4.917167830E1
2.289113417E2,-3.218042031E1
2.290151514E2,-3.047574875E1
2.291194130E2,-3.638809797E1
2.292254782E2,-4.651716056E1
2.293314411E2,-5.457400438E1
2.294325932E2,-4.661805642E1
2.295381577E2,-4.832845516E1
2.296444615E2,-5.322024206E1
2.297486092E2,-5.011766622E1
2.298529452E2,-5.511112220E1
2.299564779E2,-5.396219297E1
2.300628159E2,-5.380323059E1
2.301651225E2,-5.363869390E1
2.302660057E2,-5.073245455E1
2.303705261E2,-5.373946397E1
2.304742322E2,-5.608582624E1
2.305788378E2,-4.871350502E1
2.306819229E2,-5.231081774E1
2.307847140E2,-5.590849391E1
2.308908267E2,-5.622784472E1
2.309971257E2,-5.674472655E1
2.310986762E2,-5.437292919E1
2.312049970E2,-5.464685109E1
2.313114395E2,-5.517003483E1
2.314153812E2,-5.450711722E1
2.315216918E2,-5.500561045E1
2.316276857E2,-5.473420877E1
2.317320739E2,-5.600716965E1
2.318384979E2,-5.425774611E1
2.319448204E2,-5.389215145E1
2.320486903E2,-5.469239252E1
2.321550184E2,-4.994531152E1
2.322612700E2,-5.058910648E1
2.323653776E2,-5.328998894E1
2.324700249E2,-4.916586494E1
2.325765086E2,-3.878233048E1
2.326820587E2,-4.621578856E1
2.327863500E2,-4.865359299E1
2.328917562E2,-5.227541968E1
2.329980071E2,-4.990610673E1
2.330995457E2,-5.250689318E1
2.332046772E2,-5.382228320E1
2.333106806E2,-5.528233315E1
2.334155120E2,-3.206328435E1
2.335217747E2,-3.787092773E1
2.336280616E2,-3.968981562E1
2.337331718E2,-3.856341779E1
2.338356325E2,-3.953246166E1
2.339376877E2,-3.549072478E1
2.340441755E2,-3.462506416E1
2.341487984E2,-3.888754494E1
2.342548296E2,-4.553227556E1
2.343610772E2,-3.484790425E1
2.344655063E2,-3.764254817E1
2.345706371E2,-4.454365755E1
2.346769906E2,-5.051535335E1
2.347823030E2,-4.988723160E1
2.348871891E2,-5.178436410E1
2.349886953E2,-4.877562938E1
2.350950497E2,-5.524462136E1
2.351990197E2,-5.527747383E1
2.353030508E2,-3.736871890E1
2.354093311E2,-3.596005910E1
2.355156447E2,-4.500793428E1
2.356219676E2,-5.495379205E1
2.357282479E2,-5.116938744E1
2.358322706E2,-5.509128395E1
2.359382874E2,-5.456020754E1
2.360427193E2,-5.584517450E1
2.361485695E2,-5.713355510E1
2.362505449E2,-5.431242497E1
2.363568434E2,-5.422733023E1
2.364630692E2,-5.502917584E1
2.365692551E2,-5.335993623E1
2.366706660E2,-5.535323484E1
2.367769778E2,-5.462828637E1
2.368823881E2,-5.673456248E1
2.369887427E2,-5.470208049E1
2.370950164E2,-5.484089722E1
2.371991207E2,-5.437030887E1
2.373005437E2,-5.535172828E1
2.374063135E2,-5.450235555E1
2.375105899E2,-5.361598723E1
2.376158633E2,-5.414108072E1
2.377222152E2,-5.399992456E1
2.378282943E2,-5.641507311E1
2.379324569E2,-5.488154344E1
2.380363775E2,-5.499072270E1
2.381406735E2,-5.133885189E1
2.382467690E2,-5.069296677E1
2.383491584E2,-5.029731159E1
2.384554230E2,-5.329942853E1
2.385606059E2,-5.399928790E1
2.386658378E2,-5.401569499E1
2.387706362E2,-5.360618454E1
2.388756536E2,-5.087466376E1
2.389819112E2,-5.288602755E1
2.390882101E2,-5.360010191E1
2.391945640E2,-5.610564720E1
2.392991840E2,-5.456822810E1
2.394051847E2,-5.751448514E1
2.395114730E2,-5.453024271E1
2.396159465E2,-5.503287374E1
2.397223679E2,-5.283040102E1
2.398287899E2,-5.031403502E1
2.399333648E2,-3.869573143E1
2.400388518E2,-3.486001905E1
2.401450688E2,-3.742838936E1
2.402493311E2,-4.198545532E1
2.403556605E2,-4.105544805E1
2.404619017E2,-5.271882019E1
2.405659650E2,-4.197562856E1
2.406720224E2,-3.840929950E1
2.407782978E2,-4.233052427E1
2.408827295E2,-4.516466110E1
2.409890260E2,-4.260593916E1
2.410936712E2,-3.764896920E1
2.411994191E2,-4.252654193E1
2.413057796E2,-4.470079213E1
2.414120827E2,-4.569138533E1
2.415160933E2,-4.245317130E1
2.416223577E2,-4.471647804E1
2.417287399E2,-4.957868088E1
2.418327762E2,-4.363924594E1
2.419391176E2,-4.546904746E1
2.420405995E2,-4.441396967E1
2.421472455E2,-4.512829354E1
2.422494977E2,-4.536490343E1
2.423535345E2,-4.936327295E1
2.424572653E2,-5.675946197E1
2.425636161E2,-5.535391500E1
2.426661752E2,-5.270461041E1
2.427684129E2,-4.542220674E1
2.428747435E2,-4.271641020E1
2.429810312E2,-4.703820925E1
2.430828743E2,-5.107457148E1
2.431898047E2,-4.874439743E1
2.432913643E2,-5.312977946E1
2.433951575E2,-5.400584318E1
2.434995534E2,-4.013370092E1
2.436058923E2,-4.014745945E1
2.437080819E2,-5.275575806E1
2.438129891E2,-5.387242432E1
2.439162722E2,-5.514813092E1
2.440226260E2,-5.403578746E1
2.441246677E2,-5.116130488E1
2.442297064E2,-4.341607047E1
2.443358331E2,-4.806587598E1
2.444410546E2,-5.041526351E1
2.445476905E2,-4.700799300E1
2.446496888E2,-4.655951267E1
2.447562420E2,-4.463116965E1
2.448625917E2,-4.376107372E1
2.449662330E2,-3.790647271E1
2.450710883E2,-4.463267102E1
2.451776528E2,-5.139717437E1
2.452829276E2,-4.481693917E1
2.453875253E2,-4.373958728E1
2.454921814E2,-4.530188159E1
2.455970940E2,-5.389277531E1
2.456998280E2,-4.178141067E1
2.458046897E2,-5.516444543E1
2.459071760E2,-5.566941779E1
2.460129656E2,-5.548029860E1
2.461165361E2,-5.415717781E1
2.462228826E2,-5.509489250E1
2.463292615E2,-5.326289734E1
2.464331358E2,-5.269430715E1
2.465395045E2,-5.456345304E1
2.466459062E2,-5.373966635E1
2.467498479E2,-5.401189998E1
2.468562223E2,-5.374565863E1
2.469625093E2,-5.457194521E1
2.470665018E2,-5.344483696E1
2.471727925E2,-5.490247005E1
2.472791005E2,-5.371092418E1
2.473832006E2,-5.460209091E1
2.474894954E2,-4.805363306E1
2.475958618E2,-4.366570609E1
2.476999535E2,-4.543500877E1
2.478052511E2,-4.731746088E1
2.479115978E2,-5.293443187E1
2.480167612E2,-4.483076932E1
2.481221305E2,-4.746199785E1
2.482285224E2,-4.978195388E1
2.483333080E2,-5.242431777E1
2.484340478E2,-5.438477067E1
2.485360212E2,-5.393734378E1
2.486406666E2,-5.646015006E1
2.487450777E2,-5.340072760E1
2.488500338E2,-5.650141338E1
2.489564622E2,-5.608595456E1
2.490585385E2,-5.166619858E1
2.491648514E2,-4.111225717E1
2.492666818E2,-3.907068402E1
2.493730130E2,-3.859457050E1
2.494793458E2,-4.773824124E1
2.495833187E2,-5.342425805E1
2.496894776E2,-5.636641673E1
2.497961003E2,-5.464250294E1
2.498999533E2,-5.458537119E1
2.500008236E2,-5.371282299E1
2.501071848E2,-3.964090533E1
2.502129701E2,-3.542917300E1
2.503167385E2,-3.784007255E1
2.504230972E2,-3.337771406E1
2.505292829E2,-4.742298515E1
2.506334196E2,-4.911726739E1
2.507397466E2,-4.577769634E1
2.508460197E2,-4.241405056E1
2.509500959E2,-4.927148477E1
2.510565062E2,-3.711749951E1
2.511628841E2,-3.410096812E1
2.512668815E2,-4.091643369E1
2.513706460E2,-3.512365009E1
2.514770311E2,-3.498543491E1
2.515830571E2,-4.238893244E1
2.516894292E2,-4.529061058E1
2.517958232E2,-3.838081871E1
2.519002726E2,-4.008736118E1
2.520065595E2,-4.753845628E1
2.521129282E2,-4.450961860E1
2.522168634E2,-3.916464332E1
2.523229121E2,-4.790082232E1
2.524292202E2,-4.482478821E1
2.525335694E2,-4.151846428E1
2.526343568E2,-4.444749444E1
2.527406025E2,-4.505369839E1
2.528469597E2,-4.703400399E1
2.529502695E2,-5.333467699E1
2.530566069E2,-5.457335196E1
2.531629381E2,-5.478494112E1
2.532670017E2,-5.371095103E1
2.533732870E2,-5.399357208E1
2.534795870E2,-5.531144940E1
2.535836881E2,-5.391867961E1
2.536851371E2,-5.675620055E1
2.537912729E2,-5.451855519E1
2.538975787E2,-5.497046394E1
2.540003562E2,-5.514017362E1
2.541066565E2,-5.342233332E1
2.542130103E2,-5.498078236E1
2.543170391E2,-5.574158983E1
2.544211009E2,-5.689808782E1
2.545274868E2,-5.431372386E1
2.546337066E2,-5.530476798E1
2.547345116E2,-5.365699592E1
2.548396082E2,-5.430695097E1
2.549458887E2,-5.555216279E1
2.550503655E2,-5.590476772E1
2.551563891E2,-5.548907724E1
2.552577782E2,-5.462684267E1
2.553630215E2,-5.565819397E1
2.554671961E2,-5.430940051E1
2.555705842E2,-5.513290022E1
2.556766240E2,-5.482874697E1
2.557806264E2,-5.485788510E1
2.558838181E2,-5.445114995E1
2.559893055E2,-5.501414705E1
2.560955990E2,-5.461596025E1
2.562004677E2,-5.626602108E1
2.563065036E2,-5.632070554E1
2.564106405E2,-5.522292953E1
2.565167775E2,-5.602394281E1
2.566231743E2,-5.629978009E1
2.567286075E2,-5.510184255E1
2.568339234E2,-5.137764267E1
2.569402445E2,-5.366749239E1
2.570464972E2,-5.357425492E1
2.571506100E2,-5.512232737E1
2.572569260E2,-5.408521562E1
2.573631297E2,-5.518503762E1
2.574672914E2,-5.486590837E1
2.575736372E2,-5.465048586E1
2.576777865E2,-5.436165043E1
2.577839953E2,-5.394842493E1
2.578903472E2,-5.525016704E1
2.579928209E2,-5.515176944E1
2.580988159E2,-5.452340595E1
2.582007047E2,-5.307979732E1
2.583070685E2,-5.409509331E1
2.584129582E2,-5.361211486E1
2.585174354E2,-5.469690576E1
2.586238516E2,-5.347641700E1
2.587302527E2,-5.351239124E1
2.588340555E2,-5.416724402E1
2.589348427E2,-5.323146525E1
2.590411231E2,-5.494716131E1
2.591474070E2,-5.521541401E1
2.592508156E2,-5.307278839E1
2.593571318E2,-5.087670552E1
2.594634025E2,-5.620586129E1
2.595674337E2,-5.497067222E1
2.596737880E2,-5.410537542E1
2.597779206E2,-5.479714268E1
2.598836995E2,-5.568388016E1
2.599900054E2,-5.493244450E1
2.600949472E2,-5.501343729E1
2.602008600E2,-5.323813917E1
2.603060157E2,-5.410900639E1
2.604120125E2,-5.400930123E1
2.605175637E2,-5.363259838E1
2.606239325E2,-5.589435989E1
2.607296122E2,-5.462332027E1
2.608341922E2,-5.517324628E1
2.609405190E2,-5.367288877E1
2.610467907E2,-5.515740991E1
2.611508925E2,-5.244408341E1
2.612554031E2,-5.536096585E1
2.613617244E2,-5.418393765E1
2.614675808E2,-5.520799674E1
2.615694984E2,-5.407285485E1
2.616758816E2,-4.944543553E1
2.617790794E2,-4.464486567E1
2.618842900E2,-4.199770584E1
2.619872290E2,-4.156664073E1
2.620935574E2,-4.687525001E1
2.621998424E2,-3.933350945E1
2.623017518E2,-4.213246526E1
2.624080661E2,-4.540131869E1
2.625129199E2,-5.141617160E1
2.626176467E2,-5.491814269E1
2.627237476E2,-4.262985777E1
2.628280973E2,-5.025212014E1
2.629343802E2,-4.013552044E1
2.630407025E2,-4.394372916E1
2.631427817E2,-4.526122368E1
2.632472149E2,-4.312937086E1
2.633511012E2,-4.554028474E1
2.634572391E2,-4.534032735E1
2.635632224E2,-4.993203269E1
2.636678246E2,-5.410691775E1
2.637742418E2,-5.505458162E1
2.638782507E2,-5.536333928E1
2.639844584E2,-5.472748504E1
2.640872084E2,-5.586884524E1
2.641935055E2,-5.023039655E1
2.642972570E2,-5.326840981E1
2.644011550E2,-5.402892813E1
2.645074660E2,-5.399095634E1
2.646130886E2,-5.418265792E1
2.647178460E2,-5.227444499E1
2.648241853E2,-5.443363828E1
2.649298124E2,-5.510724094E1
2.650345363E2,-5.090473970E1
2.651372659E2,-4.375002930E1
2.652380366E2,-4.977292146E1
2.653442679E2,-5.258391985E1
2.654503292E2,-5.084670207E1
2.655520019E2,-4.805795311E1
2.656584828E2,-4.690779365E1
2.657620297E2,-4.869383757E1
2.658679125E2,-5.136941337E1
2.659728260E2,-5.146634301E1
2.660791537E2,-5.398697529E1
2.661846112E2,-4.802972417E1
2.662908497E2,-4.876500161E1
2.663971054E2,-5.489886932E1
2.665017752E2,-5.473609100E1
2.666078388E2,-5.502207471E1
2.667123625E2,-5.494868182E1
2.668179795E2,-5.677808439E1
2.669243223E2,-5.368972223E1
2.670298823E2,-5.548338370E1
2.671346831E2,-5.469828316E1
2.672379168E2,-5.273023907E1
2.673436875E2,-5.407037069E1
2.674500493E2,-5.326313541E1
2.675513875E2,-5.543210326E1
2.676573057E2,-5.313938635E1
2.677602449E2,-5.352453903E1
2.678659894E2,-5.457146585E1
2.679681291E2,-5.472425810E1
2.680710530E2,-5.532559019E1
2.681770408E2,-5.498188866E1
2.682833832E2,-5.325206698E1
2.683848134E2,-5.406879304E1
2.684909087E2,-5.562138377E1
2.685972785E2,-5.584064007E1
2.687014203E2,-5.459262598E1
2.688075773E2,-5.448954065E1
2.689129599E2,-5.590581490E1
2.690181805E2,-5.644021473E1
2.691223518E2,-5.547096071E1
2.692286725E2,-5.554273901E1
2.693349497E2,-5.202407114E1
2.694356425E2,-5.451983834E1
2.695418880E2,-5.371379185E1
2.696481842E2,-5.415548200E1
2.697515703E2,-5.333452793E1
2.698534082E2,-5.491341069E1
2.699594914E2,-5.311426603E1
2.700657822E2,-5.483968143E1
2.701682399E2,-5.369125194E1
2.702705697E2,-5.351740709E1
2.703768905E2,-5.508750207E1
2.704805645E2,-5.519360874E1
2.705850049E2,-5.555169301E1
2.706905772E2,-5.324117830E1
2.707969152E2,-5.543138783E1
2.709016329E2,-5.471058870E1
2.710044526E2,-5.312489975E1
2.711060103E2,-5.449035470E1
2.712103738E2,-5.536398372E1
2.713129647E2,-5.475484484E1
2.714183423E2,-5.554634386E1
2.715246836E2,-5.477419531E1
2.716304288E2,-5.337343266E1
2.717350807E2,-5.589058842E1
2.718414208E2,-5.616780903E1
2.719472847E2,-5.473383266E1
2.720517510E2,-5.455055172E1
2.721580169E2,-5.476345119E1
2.722642742E2,-5.516854935E1
2.723684164E2,-5.146703524E1
2.724704075E2,-5.216026476E1
2.725767372E2,-5.401831609E1
2.726802296E2,-5.475836301E1
2.727859264E2,-5.428427594E1
2.728922746E2,-5.325204146E1
2.729985469E2,-5.489144000E1
2.731017905E2,-5.260303969E1
2.732081425E2,-5.323143107E1
2.733129680E2,-5.498833347E1
2.734184820E2,-5.463250396E1
2.735247623E2,-5.383478579E1
2.736307596E2,-5.516672141E1
2.737353005E2,-5.449879976E1
2.738417156E2,-5.417955544E1
2.739462932E2,-5.309553665E1
2.740518863E2,-5.304202934E1
2.741582161E2,-5.381390623E1
2.742620061E2,-5.578276682E1
2.743681331E2,-5.286655721E1
2.744744381E2,-5.407360886E1
2.745805137E2,-5.342673299E1
2.746852912E2,-5.600290575E1
2.747915916E2,-5.419757155E1
2.748979379E2,-5.534523729E1
2.750019707E2,-5.560751644E1
2.751082746E2,-5.688848336E1
2.752129807E2,-5.487308686E1
2.753186386E2,-5.348416385E1
2.754247504E2,-5.338839867E1
2.755309863E2,-5.513760415E1
2.756353448E2,-5.551075887E1
2.757361192E2,-5.502670747E1
2.758424317E2,-5.235335693E1
2.759487379E2,-5.360740904E1
2.760520198E2,-5.446037627E1
2.761583188E2,-5.537141947E1
2.762646232E2,-5.398219192E1
2.763687083E2,-5.328437603E1
2.764749747E2,-5.628564838E1
2.765813075E2,-5.437056084E1
2.766853486E2,-5.209546089E1
2.767913559E2,-5.286302729E1
2.768973595E2,-5.577646533E1
2.770021796E2,-5.575620695E1
2.771085853E2,-5.432618423E1
2.772129584E2,-5.318025707E1
2.773188267E2,-5.446649719E1
2.774251095E2,-5.510968225E1
2.775272394E2,-5.422190974E1
2.776336455E2,-5.587825387E1
2.777355020E2,-5.394431374E1
2.778411401E2,-5.379055246E1
2.779473237E2,-5.396070341E1
2.780521434E2,-5.250611074E1
2.781548406E2,-5.460077554E1
2.782568407E2,-5.486301905E1
2.783629147E2,-5.529182938E1
2.784688529E2,-5.545789758E1
2.785752456E2,-5.501912263E1
2.786816042E2,-5.358061970E1
2.787855652E2,-5.403715270E1
2.788919119E2,-5.471386760E1
2.789940698E2,-5.392314266E1
2.791000352E2,-5.684589548E1
2.792021946E2,-5.462314120E1
2.793030794E2,-5.515993414E1
2.794093817E2,-5.287515074E1
2.795129107E2,-5.449718969E1
2.796186485E2,-5.468246967E1
2.797250471E2,-5.549566621E1
2.798293942E2,-5.547866025E1
2.799349904E2,-5.357202677E1
2.800364548E2,-5.530069084E1
2.801427188E2,-5.500834506E1
2.802489503E2,-5.368833224E1
2.803523567E2,-5.253522040E1
2.804564577E2,-5.488831503E1
2.805625752E2,-5.511628031E1
2.806686379E2,-5.472944856E1
2.807748157E2,-5.531652465E1
2.808761200E2,-5.537089517E1
2.809819149E2,-5.458924176E1
2.810857788E2,-5.490378762E1
2.811906146E2,-5.546839914E1
2.812968304E2,-5.294261297E1
2.814024497E2,-5.409231040E1
2.815087620E2,-5.498250517E1
2.816129850E2,-5.543804032E1
2.817190750E2,-5.651026046E1
2.818251431E2,-5.313160758E1
2.819276155E2,-5.298962246E1
2.820331613E2,-5.427209174E1
2.821358612E2,-5.503497380E1
2.822422814E2,-5.259381578E1
2.823485487E2,-5.454219370E1
2.824524626E2,-5.337515616E1
2.825569807E2,-5.404369195E1
2.826634783E2,-5.384621694E1
2.827692217E2,-5.314216085E1
2.828755703E2,-5.375361921E1
2.829818168E2,-5.398746662E1
2.830859102E2,-5.332886753E1
2.831920132E2,-5.414204214E1
2.832983684E2,-5.430974342E1
2.834024735E2,-5.330876450E1
2.835033924E2,-5.509469147E1
2.836097829E2,-5.561257225E1
2.837129361E2,-5.366402116E1
2.838188338E2,-5.299191528E1
2.839252362E2,-5.576847953E1
2.840306376E2,-5.388115140E1
2.841359844E2,-5.357400027E1
2.842422616E2,-5.464023461E1
2.843460953E2,-5.448260624E1
2.844522726E2,-5.467018817E1
2.845586541E2,-5.531334826E1
2.846649770E2,-5.536476472E1
2.847694174E2,-5.586882296E1
2.848718677E2,-5.401443487E1
2.849776213E2,-5.364203022E1
2.850838750E2,-5.463854687E1
2.851860935E2,-5.338582559E1
2.852924552E2,-5.445161490E1
2.853987007E2,-5.526703485E1
2.855027573E2,-5.455763260E1
2.856091058E2,-5.534750200E1
2.857129705E2,-5.291664159E1
2.858189869E2,-5.637165789E1
2.859253019E2,-5.526251519E1
2.860308827E2,-5.305966702E1
2.861361373E2,-5.653370475E1
2.862369112E2,-5.389399962E1
2.863431909E2,-5.396428785E1
2.864494262E2,-5.438250141E1
2.865529109E2,-5.670837186E1
2.866592266E2,-5.534906596E1
2.867655107E2,-5.439284347E1
2.868695112E2,-5.422484663E1
2.869722027E2,-5.424093358E1
2.870756517E2,-5.622037697E1
2.871770541E2,-5.577090919E1
2.872783957E2,-5.617382270E1
2.873846974E2,-5.521621217E1
2.874862371E2,-5.431719706E1
2.875887328E2,-5.640503997E1
2.876947894E2,-5.443636676E1
2.878010892E2,-5.594825769E1
2.879029686E2,-5.497491388E1
2.880069874E2,-5.414555319E1
2.881129832E2,-5.638301508E1
2.882192139E2,-5.460423325E1
2.883255433E2,-5.496360554E1
2.884318906E2,-5.588723866E1
2.885363665E2,-5.583344971E1
2.886427980E2,-5.534868767E1
2.887490650E2,-5.441342983E1
2.888529971E2,-5.549591651E1
2.889593146E2,-5.402902962E1
2.890656045E2,-5.499841971E1
2.891705347E2,-5.531513833E1
2.892766117E2,-5.333205688E1
2.893827980E2,-5.409311424E1
2.894863852E2,-5.451248351E1
2.895906306E2,-5.551690619E1
2.896969625E2,-5.400238943E1
2.898030702E2,-5.631790937E1
2.899093382E2,-5.495127006E1
2.900129594E2,-5.409917316E1
2.901193735E2,-5.536963518E1
2.902255900E2,-5.385114779E1
2.903314377E2,-5.590040380E1
2.904364695E2,-5.350926156E1
2.905428557E2,-5.447170584E1
2.906468388E2,-5.315120620E1
2.907527070E2,-5.224412525E1
2.908590648E2,-5.454297517E1
2.909654284E2,-5.471736099E1
2.910698475E2,-5.455513593E1
2.911761463E2,-5.499398782E1
2.912825206E2,-5.416716369E1
2.913865433E2,-5.476118499E1
2.914929083E2,-5.314083885E1
2.915972916E2,-5.365116141E1
2.917032604E2,-5.482649688E1
2.918095726E2,-5.639493445E1
2.919129573E2,-5.296149864E1
2.920192029E2,-5.376247729E1
2.921206801E2,-5.598924232E1
2.922263068E2,-5.359057631E1
2.923277359E2,-5.496142724E1
2.924337125E2,-5.197929325E1
2.925366544E2,-5.103542950E1
2.926430150E2,-4.607975928E1
2.927493420E2,-4.861857280E1
2.928532981E2,-4.933201537E1
2.929564499E2,-4.951497460E1
2.930607965E2,-5.222972204E1
2.931665605E2,-5.385399444E1
2.932700127E2,-5.253484884E1
2.933763085E2,-5.433725028E1
2.934826097E2,-5.375123601E1
2.935867135E2,-5.519395613E1
2.936930814E2,-5.471159697E1
2.937994362E2,-5.500996844E1
2.939034192E2,-5.455537699E1
2.940104554E2,-5.510155787E1
2.941129234E2,-5.436092311E1
2.942189343E2,-5.415727066E1
2.943224101E2,-5.387235446E1
2.944282160E2,-5.511551934E1
2.945345880E2,-5.303017252E1
2.946367770E2,-5.646317028E1
2.947431203E2,-5.493289156E1
2.948495106E2,-5.403339979E1
2.949534587E2,-5.417420363E1
2.950598090E2,-5.634958107E1
2.951661137E2,-5.556321243E1
2.952700565E2,-5.514731192E1
2.953709186E2,-5.411711284E1
2.954773267E2,-5.409940459E1
2.955837615E2,-5.377838651E1
2.956867209E2,-5.282774756E1
2.957876796E2,-5.602730968E1
2.958906115E2,-5.477436387E1
2.959968953E2,-4.781131159E1
2.961031230E2,-5.085031627E1
2.962064455E2,-5.399599178E1
2.963106258E2,-4.894710240E1
2.964130259E2,-4.826420541E1
2.965193433E2,-4.778721217E1
2.966210635E2,-5.029664785E1
2.967273572E2,-4.950275462E1
2.968307276E2,-5.243878502E1
2.969369077E2,-5.244379800E1
2.970429914E2,-5.459650245E1
2.971493073E2,-5.688774715E1
2.972536941E2,-5.498069423E1
2.973600882E2,-5.400372865E1
2.974666045E2,-5.679377228E1
2.975703536E2,-5.379783231E1
2.976766824E2,-5.343907544E1
2.977830239E2,-5.479501299E1
2.978870896E2,-5.434576525E1
2.979905605E2,-5.471659599E1
2.980930702E2,-5.412885614E1
2.981991708E2,-5.642773619E1
2.983037329E2,-5.554640435E1
2.984057517E2,-5.526437644E1
2.985121508E2,-5.360333717E1
2.986185611E2,-5.232994296E1
2.987204625E2,-5.368972052E1
2.988231003E2,-5.460247868E1
2.989250096E2,-5.372901765E1
2.990312884E2,-5.325559186E1
2.991370652E2,-5.479625394E1
2.992430969E2,-5.293128363E1
2.993494261E2,-5.340413606E1
2.994538490E2,-5.326466948E1
2.995602483E2,-5.262923701E1
2.996635136E2,-5.364465924E1
2.997692847E2,-5.513725198E1
2.998712680E2,-5.037925649E1
2.999752316E2,-5.295715239E1
3.000812837E2,-5.493713438E1
3.001872700E2,-5.420284578E1
3.002936052E2,-5.619915212E1
3.003998977E2,-5.365127317E1
3.005039408E2,-5.495651056E1
3.006103718E2,-5.393195310E1
3.007123764E2,-4.488552286E1
3.008182148E2,-4.370483815E1
3.009206126E2,-5.155436532E1
3.010227484E2,-4.371474225E1
3.011251442E2,-4.513551774E1
3.012314703E2,-4.291617177E1
3.013367262E2,-4.905563183E1
3.014403428E2,-4.295551826E1
3.015467131E2,-5.010079759E1
3.016517235E2,-5.286291576E1
3.017539985E2,-5.516344725E1
3.018603529E2,-5.416933027E1
3.019666275E2,-5.359636893E1
3.020706294E2,-5.318926187E1
3.021767155E2,-5.519131762E1
3.022780495E2,-5.290346316E1
3.023839020E2,-5.255907597E1
3.024874407E2,-5.491650948E1
3.025889261E2,-5.467554571E1
3.026947647E2,-5.611714287E1
3.027972426E2,-5.439036366E1
3.029035934E2,-5.443712295E1
3.030072325E2,-5.315410235E1
3.031130275E2,-5.450510670E1
3.032192790E2,-5.074716652E1
3.033207587E2,-4.867320785E1
3.034260833E2,-5.189138176E1
3.035312633E2,-5.293240530E1
3.036373990E2,-5.491388251E1
3.037434880E2,-5.392098674E1
3.038497069E2,-4.330480938E1
3.039541481E2,-4.180430613E1
3.040604191E2,-4.478631171E1
3.041666927E2,-4.897323600E1
3.042708610E2,-4.501597157E1
3.043771035E2,-5.311549679E1
3.044834186E2,-4.555900628E1
3.045875332E2,-5.151765766E1
3.046939127E2,-5.456477825E1
3.047955023E2,-5.529293033E1
3.049018220E2,-5.356707156E1
3.050068932E2,-5.520494909E1
3.051129971E2,-5.357175708E1
3.052190050E2,-5.393198650E1
3.053209197E2,-5.480487211E1
3.054272621E2,-5.418140479E1
3.055329619E2,-5.499465466E1
3.056376017E2,-5.523971519E1
3.057439558E2,-5.537739084E1
3.058498711E2,-5.626501198E1
3.059542915E2,-5.315928103E1
3.060606348E2,-5.468348878E1
3.061669710E2,-5.507307605E1
3.062710003E2,-5.470176502E1
3.063772375E2,-5.431307303E1
3.064835864E2,-5.485081998E1
3.065876695E2,-5.560882065E1
3.066902616E2,-4.767213279E1
3.067938080E2,-4.741821914E1
3.068984068E2,-5.250029110E1
3.070044078E2,-5.482956166E1
3.071107178E2,-5.239689748E1
3.072129905E2,-5.215342002E1
3.073192775E2,-5.377814388E1
3.074212008E2,-5.337092741E1
3.075243521E2,-5.494170363E1
3.076272337E2,-5.307978076E1
3.077304258E2,-5.508492568E1
3.078366872E2,-5.365101367E1
3.079377892E2,-5.291215337E1
3.080433363E2,-5.523676595E1
3.081496359E2,-5.467420684E1
3.082545174E2,-5.348331730E1
3.083605767E2,-5.426783098E1
3.084665966E2,-5.529652071E1
3.085714685E2,-5.486817899E1
3.086773153E2,-5.477181679E1
3.087836989E2,-5.532053786E1
3.088879302E2,-5.362981850E1
3.089912029E2,-5.373005057E1
3.090974623E2,-5.520985685E1
3.092037178E2,-5.375793243E1
3.093072063E2,-3.663757285E1
3.094131081E2,-3.081847392E1
3.095172216E2,-4.016527850E1
3.096212561E2,-3.403953135E1
3.097275571E2,-3.756081431E1
3.098333760E2,-3.876255638E1
3.099379403E2,-5.076069911E1
3.100422340E2,-5.479516259E1
3.101479397E2,-5.398355791E1
3.102542468E2,-5.446764842E1
3.103605051E2,-5.653840403E1
3.104668817E2,-5.401840666E1
3.105712171E2,-5.561846750E1
3.106720937E2,-5.367574689E1
3.107783472E2,-5.410737123E1
3.108803475E2,-5.316498079E1
3.109863685E2,-5.424080041E1
3.110879597E2,-5.437678706E1
3.111940231E2,-5.473608702E1
3.112995249E2,-5.550082128E1
3.114047868E2,-5.295454266E1
3.115104032E2,-5.494011385E1
3.116129725E2,-5.408881855E1
3.117192499E2,-5.463758192E1
3.118214027E2,-5.579659817E1
3.119276526E2,-5.454260565E1
3.120339711E2,-5.447571036E1
3.121380798E2,-5.459331977E1
3.122443413E2,-5.509295210E1
3.123505731E2,-5.494309630E1
3.124548449E2,-5.462656477E1
3.125612466E2,-5.379073844E1
3.126676278E2,-5.478651278E1
3.127714839E2,-5.416407637E1
3.128772044E2,-5.423756909E1
3.129835044E2,-5.554538732E1
3.130881849E2,-5.319035327E1
3.131945012E2,-5.525242080E1
3.132972421E2,-5.339846907E1
3.133989985E2,-5.609190714E1
3.135048976E2,-5.380809004E1
3.136112599E2,-5.475509886E1
3.137129307E2,-5.364633286E1
3.138189086E2,-5.383430439E1
3.139240948E2,-4.439308384E1
3.140303382E2,-4.392554605E1
3.141352368E2,-5.032847525E1
3.142382580E2,-5.413856089E1
3.143443111E2,-5.504698403E1
3.144506661E2,-5.414931184E1
3.145549684E2,-5.438187468E1
3.146613069E2,-5.461033635E1
3.147675829E2,-5.294684313E1
3.148716304E2,-5.489618518E1
3.149743193E2,-5.403267447E1
3.150803941E2,-5.445382690E1
3.151863539E2,-5.388403411E1
3.152883648E2,-4.737112343E1
3.153947197E2,-4.362729074E1
3.154978870E2,-4.641731562E1
3.156006934E2,-4.919071043E1
3.157051149E2,-5.478292485E1
3.158070540E2,-5.437147627E1
3.159129963E2,-5.548014071E1
3.160192626E2,-5.495098255E1
3.161217247E2,-5.524344315E1
3.162279647E2,-4.886199661E1
3.163305478E2,-4.737728748E1
3.164322476E2,-5.161780842E1
3.165380003E2,-5.304981036E1
3.166443356E2,-5.333344341E1
3.167506220E2,-5.407439130E1
3.168551483E2,-5.297037859E1
3.169605360E2,-5.212599417E1
3.170668285E2,-3.910400720E1
3.171717895E2,-3.541586847E1
3.172780304E2,-3.718752547E1
3.173840804E2,-4.011002435E1
3.174885125E2,-4.949782041E1
3.175948062E2,-5.531353117E1
3.177011320E2,-5.309454597E1
3.178051940E2,-5.455262815E1
3.179115433E2,-5.412718287E1
3.180129833E2,-5.436795592E1
3.181165661E2,-5.306598981E1
3.182219754E2,-5.296194432E1
3.183282231E2,-5.465122315E1
3.184323420E2,-5.387003716E1
3.185381531E2,-5.351342399E1
3.186405906E2,-5.494172073E1
3.187469138E2,-5.305900117E1
3.188505929E2,-5.442848440E1
3.189552916E2,-5.365618057E1
3.190615207E2,-5.386925739E1
3.191639879E2,-5.433743082E1
3.192699720E2,-5.646394034E1
3.193720757E2,-5.593683792E1
3.194784942E2,-5.470207756E1
3.195848114E2,-5.326389905E1
3.196886329E2,-5.411059126E1
3.197946852E2,-5.478359099E1
3.199005453E2,-5.366417986E1
3.200053895E2,-5.635393408E1
3.201117332E2,-5.522146876E1
3.202179386E2,-5.399508057E1
3.203220532E2,-5.436303044E1
3.204283625E2,-5.555496464E1
3.205315065E2,-5.560046724E1
3.206372725E2,-5.383592416E1
3.207386857E2,-5.439272859E1
3.208395689E2,-5.528701058E1
3.209459851E2,-5.380239537E1
3.210522627E2,-5.527066081E1
3.211554451E2,-5.344041727E1
3.212581363E2,-5.385298359E1
3.213641789E2,-5.339570532E1
3.214705442E2,-5.460504317E1
3.215721605E2,-5.373323183E1
3.216784972E2,-5.540385649E1
3.217847865E2,-5.345624011E1
3.218909781E2,-5.529716061E1
3.219962823E2,-5.447764313E1
3.220992877E2,-5.382608593E1
3.222054648E2,-5.467491568E1
3.223063199E2,-5.359687212E1
3.224127444E2,-5.332812531E1
3.225191254E2,-5.425077431E1
3.226222362E2,-5.380375966E1
3.227285705E2,-5.466516134E1
3.228348261E2,-5.244763197E1
3.229388539E2,-5.427021547E1
3.230449156E2,-5.350616365E1
3.231512302E2,-5.447815073E1
3.232556620E2,-5.335850031E1
3.233620536E2,-5.483441151E1
3.234641314E2,-5.152892681E1
3.235695560E2,-5.434966893E1
3.236726050E2,-5.497638328E1
3.237739985E2,-5.384610058E1
3.238776475E2,-5.363931578E1
3.239833775E2,-5.393781043E1
3.240890283E2,-5.300147635E1
3.241952786E2,-5.078648368E1
3.242971856E2,-5.229829060E1
3.244034786E2,-5.281829792E1
3.245057793E2,-5.718184998E1
3.246091766E2,-5.422922470E1
3.247129935E2,-5.616561551E1
3.248192247E2,-5.584772654E1
3.249224117E2,-5.348721247E1
3.250253802E2,-5.462952839E1
3.251308842E2,-5.438672256E1
3.252324910E2,-5.435244523E1
3.253386305E2,-5.471505366E1
3.254449109E2,-5.543070894E1
3.255511725E2,-5.324574854E1
3.256558098E2,-5.403966030E1
3.257581172E2,-5.296501941E1
3.258639362E2,-5.554366102E1
3.259667508E2,-5.472465628E1
3.260724862E2,-5.450197660E1
3.261772360E2,-5.506843670E1
3.262835951E2,-5.400464167E1
3.263892546E2,-5.437532129E1
3.264956642E2,-5.418565287E1
3.266019350E2,-5.355436090E1
3.267058812E2,-5.445941822E1
3.268122542E2,-5.501571800E1
3.269149106E2,-5.345394676E1
3.270172122E2,-5.433091016E1
3.271225750E2,-5.313830038E1
3.272288814E2,-5.366290921E1
3.273314381E2,-5.394606627E1
3.274373176E2,-5.458239183E1
3.275391568E2,-5.416597144E1
3.276400800E2,-5.553838394E1
3.277456425E2,-5.441098025E1
3.278518697E2,-5.486689287E1
3.279559982E2,-5.416762114E1
3.280613798E2,-5.479012712E1
3.281673605E2,-5.460994155E1
3.282726554E2,-5.533384073E1
3.283789963E2,-5.305903861E1
3.284854041E2,-5.324179309E1
3.285893612E2,-5.496667580E1
3.286956921E2,-5.422562227E1
3.287997807E2,-5.380389171E1
3.289060340E2,-5.501671742E1
3.290123372E2,-5.555770269E1
3.291187331E2,-5.535019327E1
3.292227452E2,-5.377155167E1
3.293235530E2,-5.304171909E1
3.294298949E2,-5.505553557E1
3.295314078E2,-5.500623116E1
3.296369987E2,-5.311714401E1
3.297394883E2,-5.343922073E1
3.298457772E2,-5.228675106E1
3.299519464E2,-3.661771480E1
3.300561300E2,-4.141336735E1
3.301623994E2,-4.586733229E1
3.302683855E2,-4.593860690E1
3.303728780E2,-4.266086722E1
3.304784826E2,-4.350753015E1
3.305814708E2,-5.509529885E1
3.306877660E2,-5.501293103E1
3.307895495E2,-5.548915553E1
3.308916004E2,-5.637120584E1
3.309978078E2,-5.298499096E1
3.311041154E2,-5.398017041E1
3.312061256E2,-5.474711499E1
3.313070352E2,-5.466646725E1
3.314129886E2,-5.521050374E1
3.315192829E2,-5.253504635E1
3.316237510E2,-4.502634089E1
3.317299221E2,-4.263505285E1
3.318357442E2,-5.000944199E1
3.319395949E2,-5.409789783E1
3.320458938E2,-5.243369387E1
3.321506560E2,-4.763803977E1
3.322563050E2,-4.784975358E1
3.323605988E2,-4.950917434E1
3.324670206E2,-5.275590527E1
3.325730399E2,-5.546450891E1
3.326793713E2,-5.436255503E1
3.327856287E2,-5.352346047E1
3.328896756E2,-5.510934747E1
3.329960213E2,-5.481406881E1
3.331023327E2,-5.475587711E1
3.332063701E2,-5.386234746E1
3.333129502E2,-5.300745910E1
3.334181330E2,-5.520631592E1
3.335230700E2,-5.513146419E1
3.336293916E2,-5.463435924E1
3.337357053E2,-5.522531372E1
3.338396305E2,-5.255681534E1
3.339405135E2,-5.395333968E1
3.340467551E2,-5.545895697E1
3.341509781E2,-5.375286094E1
3.342564832E2,-5.442253641E1
3.343589405E2,-5.557309324E1
3.344639390E2,-5.366017867E1
3.345702406E2,-5.287969224E1
3.346732083E2,-5.372972193E1
3.347794690E2,-5.406423538E1
3.348846420E2,-5.357104013E1
3.349898949E2,-5.467699838E1
3.350961608E2,-5.240253795E1
3.352022212E2,-5.259011872E1
3.353066034E2,-5.299583972E1
3.354130046E2,-5.498679927E1
3.355193940E2,-5.429954161E1
3.356233127E2,-5.319518394E1
3.357296235E2,-5.412503134E1
3.358358810E2,-5.465371801E1
3.359399738E2,-5.281630262E1
3.360464523E2,-5.555683862E1
3.361478945E2,-5.538806743E1
3.362538452E2,-5.500074907E1
3.363566840E2,-5.421198771E1
3.364630197E2,-5.611128600E1
3.365690376E2,-4.660101718E1
3.366732864E2,-3.508636317E1
3.367760003E2,-3.956947581E1
3.368823317E2,-3.914930037E1
3.369838112E2,-5.037746725E1
3.370895797E2,-4.058014769E1
3.371959151E2,-4.104459347E1
3.372996475E2,-4.710609687E1
3.374060138E2,-4.154596593E1
3.375086446E2,-4.033266614E1
3.376129959E2,-4.087811073E1
3.377193147E2,-4.541443102E1
3.378233619E2,-5.480132191E1
3.379296725E2,-5.475567250E1
3.380306770E2,-5.419209631E1
3.381369842E2,-5.406436400E1
3.382401206E2,-5.363560997E1
3.383464366E2,-5.137446393E1
3.384505419E2,-5.035919276E1
3.385567660E2,-5.268179157E1
3.386602695E2,-5.094240078E1
3.387664085E2,-5.212569990E1
3.388679318E2,-5.488163184E1
3.389734704E2,-4.742718559E1
3.390798387E2,-4.886702570E1
3.391863135E2,-4.824907243E1
3.392902327E2,-4.706519224E1
3.393965733E2,-4.657637877E1
3.395006134E2,-4.998603722E1
3.396068629E2,-5.211978054E1
3.397130052E2,-5.241284357E1
3.398193348E2,-5.475827809E1
3.399235175E2,-5.390815698E1
3.400295591E2,-4.807739150E1
3.401339573E2,-5.370031953E1
3.402398134E2,-5.324859602E1
3.403461705E2,-5.300533681E1
3.404489857E2,-5.277302509E1
3.405550289E2,-5.361287312E1
3.406569394E2,-5.407117999E1
3.407632418E2,-5.456738296E1
3.408694491E2,-5.507888142E1
3.409736564E2,-5.507490126E1
3.410777141E2,-5.559710641E1
3.411804432E2,-5.164464609E1
3.412864984E2,-5.417001973E1
3.413904511E2,-5.325130664E1
3.414967085E2,-5.491313519E1
3.416006072E2,-5.473404794E1
3.417065365E2,-4.961588881E1
3.418128710E2,-5.376373095E1
3.419187520E2,-3.840892629E1
3.420237040E2,-4.939240933E1
3.421300229E2,-5.181192062E1
3.422325938E2,-5.518722463E1
3.423383864E2,-5.307821218E1
3.424403993E2,-5.569691457E1
3.425467240E2,-5.592195170E1
3.426529693E2,-5.110762970E1
3.427570006E2,-5.316141992E1
3.428578702E2,-5.445749501E1
3.429641628E2,-4.979961906E1
3.430705807E2,-5.402529853E1
3.431738165E2,-5.046687472E1
3.432793980E2,-4.833440574E1
3.433857770E2,-4.854388202E1
3.434905663E2,-4.590116107E1
3.435956535E2,-4.653513598E1
3.437006257E2,-4.817293248E1
3.438066983E2,-4.747905132E1
3.439130030E2,-4.805439629E1
3.440192905E2,-4.936121435E1
3.441237967E2,-5.008329143E1
3.442298757E2,-5.081975798E1
3.443355385E2,-4.953349569E1
3.444405440E2,-5.025601370E1
3.445468450E2,-5.055289746E1
3.446486716E2,-4.866748046E1
3.447544270E2,-4.708688936E1
3.448572618E2,-5.251621477E1
3.449605304E2,-4.777310310E1
3.450651808E2,-4.360695466E1
3.451714332E2,-5.363276153E1
3.452739832E2,-4.510467010E1
3.453804659E2,-4.731250569E1
3.454868042E2,-4.859711038E1
3.455918172E2,-4.784409861E1
3.456981440E2,-4.767228607E1
3.458009301E2,-4.348170043E1
3.459067365E2,-4.381878494E1
3.460129545E2,-4.324889844E1
3.461192159E2,-4.355121891E1
3.462240980E2,-5.082125523E1
3.463300980E2,-5.488569041E1
3.464355284E2,-5.525515512E1
3.465407185E2,-5.436495415E1
3.466468327E2,-5.615201206E1
3.467531990E2,-5.575519302E1
3.468573765E2,-5.321121624E1
3.469582393E2,-5.489989261E1
3.470645790E2,-5.445206404E1
3.471708264E2,-5.537594228E1
3.472741750E2,-5.548094408E1
3.473805619E2,-5.614484660E1
3.474869401E2,-5.443290344E1
3.475908698E2,-5.596459286E1
3.476967761E2,-5.330561815E1
3.478031137E2,-5.382546443E1
3.479074943E2,-5.573748641E1
3.480130100E2,-5.382391423E1
3.481193205E2,-5.538119168E1
3.482241071E2,-5.639900884E1
3.483250110E2,-5.505732431E1
3.484314662E2,-5.389230636E1
3.485371406E2,-5.374073364E1
3.486409504E2,-5.578735809E1
3.487472578E2,-5.606978660E1
3.488519111E2,-5.529752240E1
3.489575494E2,-5.420729556E1
3.490638004E2,-5.618821484E1
3.491700469E2,-5.450875205E1
3.492743172E2,-5.528208519E1
3.493795021E2,-5.670226207E1
3.494854993E2,-5.428220706E1
3.495909296E2,-5.476874592E1
3.496972014E2,-5.059376165E1
3.498035643E2,-5.076960391E1
3.499075908E2,-4.731723719E1
3.500129576E2,-4.944331447E1
3.501192990E2,-5.334422508E1
3.502244822E2,-5.390399246E1
3.503301893E2,-5.424985828E1
3.504347587E2,-5.486086270E1
3.505410907E2,-5.089547673E1
3.506433272E2,-4.779440327E1
3.507491276E2,-5.465165191E1
3.508555349E2,-5.336673107E1
3.509576492E2,-4.855873916E1
3.510631341E2,-4.725575255E1
3.511695158E2,-4.782490758E1
3.512744750E2,-4.738139920E1
3.513772165E2,-5.101580448E1
3.514835259E2,-5.446189786E1
3.515898403E2,-5.353028916E1
3.516961337E2,-5.456464578E1
3.517991275E2,-5.499259639E1
3.519049821E2,-5.513849618E1
3.520078171E2,-5.424742460E1
3.521129667E2,-5.494092857E1
3.522186723E2,-5.518989084E1
3.523244992E2,-5.459715566E1
3.524253194E2,-5.355850265E1
3.525269178E2,-4.695572393E1
3.526327290E2,-4.132522104E1
3.527383130E2,-4.631496954E1
3.528411002E2,-4.302973965E1
3.529468735E2,-4.798313888E1
3.530531714E2,-4.798168737E1
3.531578993E2,-4.996603004E1
3.532606708E2,-5.351576547E1
3.533665407E2,-5.324659904E1
3.534728471E2,-5.501296786E1
3.535746431E2,-5.310085564E1
3.536799071E2,-5.620507908E1
3.537860353E2,-4.189875193E1
3.538913335E2,-4.410447443E1
3.539976401E2,-4.397834974E1
3.541039170E2,-4.499511548E1
3.542079962E2,-5.111569770E1
3.543129836E2,-4.816831042E1
3.544193808E2,-4.436585558E1
3.545246657E2,-4.697532290E1
3.546309051E2,-4.799092680E1
3.547371620E2,-4.772262106E1
3.548414041E2,-4.498682314E1
3.549477295E2,-4.336989817E1
3.550540067E2,-4.233197169E1
3.551581534E2,-4.444318339E1
3.552645984E2,-4.195930938E1
3.553672293E2,-4.202546062E1
3.554732263E2,-4.495144241E1
3.555746570E2,-4.771823620E1
3.556755405E2,-4.775094659E1
3.557818092E2,-5.112495576E1
3.558830018E2,-4.699967571E1
3.559845604E2,-4.402685766E1
3.560910625E2,-4.350591381E1
3.561974447E2,-4.495567257E1
3.563017627E2,-4.609187290E1
3.564075812E2,-4.653869293E1
3.565129877E2,-4.660591021E1
3.566185465E2,-4.745801350E1
3.567247967E2,-4.927371217E1
3.568311150E2,-5.089602287E1
3.569325157E2,-5.166265048E1
3.570388253E2,-5.129888954E1
3.571415687E2,-4.901272889E1
3.572478538E2,-5.044430287E1
3.573508280E2,-5.108663796E1
3.574539031E2,-5.553213259E1
3.575582240E2,-5.576804320E1
3.576645262E2,-5.448505852E1
3.577705169E2,-5.465721897E1
3.578748673E2,-4.970735398E1
3.579808347E2,-4.502398722E1
3.580863840E2,-4.493251286E1
3.581916342E2,-4.339588880E1
3.582979870E2,-4.428722089E1
3.584044145E2,-3.722679141E1
3.585083166E2,-4.168689913E1
3.586129985E2,-4.586536657E1
3.587193227E2,-3.864942411E1
3.588249685E2,-4.989243057E1
3.589312455E2,-5.097792418E1
3.590368706E2,-4.376065195E1
3.591416767E2,-4.044814690E1
3.592480128E2,-4.433812979E1
3.593543929E2,-4.424565875E1
3.594583883E2,-5.143455618E1
3.595597566E2,-5.245431611E1
3.596658086E2,-5.293553401E1
3.597721467E2,-5.640417400E1
3.598750669E2,-4.502469199E1
3.599813093E2,-4.270207533E1
3.600843127E2,-4.886199819E1
3.601901565E2,-4.839242293E1
3.602917804E2,-5.371825200E1
3.603975810E2,-5.393182822E1
3.605020640E2,-5.400144722E1
3.606080295E2,-5.231689481E1
3.607130197E2,-5.416217446E1
3.608192828E2,-5.431958771E1
3.609251225E2,-5.512359288E1
3.610313835E2,-5.488259809E1
3.611369529E2,-5.555089739E1
3.612417618E2,-5.283214606E1
3.613425960E2,-5.507237314E1
3.614489575E2,-5.458087922E1
3.615509150E2,-5.484635288E1
3.616568718E2,-5.430891246E1
3.617585624E2,-3.844046085E1
3.618630829E2,-4.335005996E1
3.619643920E2,-4.705559812E1
3.620702011E2,-4.957268298E1
3.621752230E2,-5.154691812E1
3.622791255E2,-5.352438334E1
3.623851077E2,-5.297269637E1
3.624914932E2,-5.544739676E1
3.625977492E2,-5.333386490E1
3.627030068E2,-5.704712827E1
3.628085308E2,-4.984267536E1
3.629129930E2,-5.273035408E1
3.630145048E2,-5.281198033E1
3.631177784E2,-5.047019631E1
3.632241530E2,-5.223505711E1
3.633261635E2,-5.076551789E1
3.634324715E2,-4.890324489E1
3.635364193E2,-5.220694345E1
3.636420845E2,-5.225032024E1
3.637439226E2,-4.798377860E1
3.638472716E2,-4.156847940E1
3.639532342E2,-4.320112390E1
3.640586975E2,-4.783291878E1
3.641649604E2,-5.197364607E1
3.642679848E2,-5.510763558E1
3.643737315E2,-5.080605255E1
3.644754443E2,-5.029341089E1
3.645817077E2,-4.956275642E1
3.646830627E2,-5.347128256E1
3.647890581E2,-5.150635114E1
3.648942261E2,-5.064138200E1
3.650005407E2,-4.894369915E1
3.651065334E2,-4.954574248E1
3.652088923E2,-5.089643623E1
3.653130141E2,-5.134268413E1
3.654193384E2,-5.420548463E1
3.655250131E2,-5.397053946E1
3.656312616E2,-4.729126726E1
3.657327733E2,-5.360257083E1
3.658385303E2,-5.467831820E1
3.659421950E2,-5.672778289E1
3.660441300E2,-5.488085152E1
3.661489982E2,-4.822222572E1
3.662548241E2,-4.553029441E1
3.663588927E2,-4.420421858E1
3.664637943E2,-5.457951359E1
3.665684574E2,-5.491896728E1
3.666747874E2,-5.597210937E1
3.667794056E2,-5.509087702E1
3.668857125E2,-5.352489032E1
3.669918715E2,-5.368856165E1
3.670981246E2,-5.561427886E1
3.672044863E2,-3.961729978E1
3.673089689E2,-3.823268323E1
3.674130484E2,-3.903398379E1
3.675193703E2,-4.104797987E1
3.676256145E2,-4.160715910E1
3.677275972E2,-4.323732820E1
3.678330751E2,-4.264668286E1
3.679393016E2,-4.409595792E1
3.680423673E2,-4.413302890E1
3.681486583E2,-4.350706853E1
3.682549844E2,-4.326331063E1
3.683590971E2,-4.285268217E1
3.684653654E2,-4.371291927E1
3.685680560E2,-4.402485762E1
3.686744110E2,-4.587038448E1
3.687759457E2,-5.004766111E1
3.688772819E2,-4.757152619E1
3.689836355E2,-4.266712387E1
3.690897422E2,-4.095077621E1
3.691925888E2,-4.099070587E1
3.692986832E2,-4.429391324E1
3.694050361E2,-4.588765866E1
3.695091399E2,-4.711217918E1
3.696129730E2,-4.741392387E1
3.697173176E2,-4.747423336E1
3.698226606E2,-4.769634239E1
3.699258867E2,-4.809336084E1
3.700323123E2,-4.891057868E1
3.701385398E2,-5.082834101E1
3.702424646E2,-4.751270503E1
3.703471943E2,-4.027553804E1
3.704534778E2,-4.217744248E1
3.705592008E2,-3.741976896E1
3.706652380E2,-4.106204096E1
3.707665427E2,-4.949578833E1
3.708696447E2,-5.439331820E1
3.709754550E2,-5.184347577E1
3.710814095E2,-4.433658189E1
3.711877371E2,-4.701846833E1
3.712927005E2,-3.562722493E1
3.713971834E2,-4.576538143E1
3.715034516E2,-3.711516420E1
3.716092979E2,-3.939799981E1
3.717126768E2,-4.252509657E1
3.718186433E2,-4.536560636E1
3.719226887E2,-5.285459179E1
3.720259644E2,-4.479483875E1
3.721320223E2,-3.643943147E1
3.722383054E2,-4.521689449E1
3.723426053E2,-5.214198301E1
3.724471225E2,-4.375515023E1
3.725507029E2,-4.397178829E1
3.726564191E2,-5.182749213E1
3.727593693E2,-4.535659091E1
3.728640104E2,-4.620325513E1
3.729697539E2,-4.894729782E1
3.730755894E2,-5.017719620E1
3.731783115E2,-4.879831100E1
3.732843250E2,-5.637862966E1
3.733897930E2,-5.675247327E1
3.734927479E2,-5.458685082E1
3.735951142E2,-5.570820240E1
3.737014570E2,-3.780729947E1
3.738064212E2,-4.888019040E1
3.739094997E2,-4.810854543E1
3.740130157E2,-4.787213480E1
3.741192228E2,-5.263588993E1
3.742231330E2,-5.096415043E1
3.743261675E2,-4.867362507E1
3.744306335E2,-5.096515369E1
3.745368732E2,-5.481319676E1
3.746428385E2,-5.514866537E1
3.747490523E2,-4.287889678E1
3.748551000E2,-4.098810265E1
3.749596536E2,-4.577060561E1
3.750659187E2,-5.159791605E1
3.751699812E2,-5.428043095E1
3.752762582E2,-5.364697582E1
3.753825751E2,-5.047773153E1
3.754889037E2,-5.400451700E1
3.755929561E2,-5.417240827E1
3.756965433E2,-5.393237073E1
3.758028077E2,-5.340226067E1
3.759064402E2,-5.566175941E1
3.760096513E2,-5.060991173E1
3.761129048E2,-4.762843882E1
3.762181602E2,-4.823015413E1
3.763229614E2,-5.361621996E1
3.764263397E2,-4.657904672E1
3.765271083E2,-4.650655516E1
3.766302592E2,-5.149012936E1
3.767367180E2,-5.557375427E1
3.768430060E2,-5.565845723E1
3.769493062E2,-5.674491439E1
3.770556016E2,-5.532443472E1
3.771598112E2,-5.554078425E1
3.772662565E2,-5.685821624E1
3.773707011E2,-5.509518813E1
3.774764023E2,-5.227347185E1
3.775827235E2,-5.332060914E1
3.776891646E2,-5.615505780E1
3.777931416E2,-5.403569781E1
3.778983082E2,-5.515994337E1
3.780019012E2,-5.422498916E1
3.781064459E2,-5.311934315E1
3.782098296E2,-5.461742426E1
3.783150428E2,-5.483745512E1
3.784206448E2,-5.418407942E1
3.785265172E2,-5.559716359E1
3.786305682E2,-5.520071755E1
3.787366093E2,-5.432432669E1
3.788427235E2,-5.664191414E1
3.789489479E2,-5.521812687E1
3.790505769E2,-5.465291746E1
3.791565257E2,-5.446047061E1
3.792620430E2,-5.177886729E1
3.793684144E2,-4.861771721E1
3.794730486E2,-5.268494478E1
3.795765115E2,-5.177122021E1
3.796827375E2,-5.274672180E1
3.797890663E2,-5.153098051E1
3.798931502E2,-5.058955551E1
3.799940650E2,-5.126633109E1
3.801005137E2,-5.165773978E1
3.802064664E2,-5.420343485E1
3.803099603E2,-5.531473717E1
3.804129030E2,-5.437320715E1
3.805192494E2,-5.340090826E1
3.806230678E2,-5.497329555E1
3.807266848E2,-5.545308513E1
3.808329938E2,-5.563755831E1
3.809360416E2,-5.554925086E1
3.810421275E2,-5.564587280E1
3.811441729E2,-5.451304594E1
3.812505599E2,-5.461540547E1
3.813537706E2,-5.383817201E1
3.814599897E2,-5.398518288E1
3.815654628E2,-5.389721433E1
3.816671844E2,-5.604245572E1
3.817695494E2,-5.508381884E1
3.818734039E2,-5.397007850E1
3.819767393E2,-5.363978085E1
3.820829614E2,-5.277136497E1
3.821862085E2,-5.533173272E1
3.822925137E2,-5.441687822E1
3.823942187E2,-5.489504943E1
3.824974825E2,-5.463761978E1
3.826028947E2,-4.213702053E1
3.827086236E2,-4.415756464E1
3.828127064E2,-4.685626332E1
3.829187438E2,-5.039513574E1
3.830226910E2,-5.457478591E1
3.831268589E2,-5.470300840E1
3.832276382E2,-5.369666844E1
3.833311865E2,-5.472190169E1
3.834361912E2,-5.516017952E1
3.835417602E2,-5.328464052E1
3.836435173E2,-5.454354879E1
3.837458442E2,-5.361397886E1
3.838516448E2,-5.352669017E1
3.839578934E2,-5.413958243E1
3.840602194E2,-5.531244893E1
3.841665875E2,-5.712204381E1
3.842695020E2,-5.517906076E1
3.843755849E2,-5.556024840E1
3.844769141E2,-5.380310514E1
3.845831991E2,-5.439714595E1
3.846862299E2,-5.252186569E1
3.847884894E2,-5.455174336E1
3.848936878E2,-4.838169660E1
3.849999542E2,-5.598105369E1
3.851030226E2,-5.074346592E1
3.852064815E2,-5.546527984E1
3.853104122E2,-5.619023608E1
3.854129124E2,-5.570380408E1
3.855193852E2,-5.409861333E1
3.856216422E2,-4.423487725E1
3.857270148E2,-4.563071532E1
3.858314564E2,-4.906834214E1
3.859364014E2,-5.010704770E1
3.860425733E2,-5.242672813E1
3.861437722E2,-4.752938788E1
3.862501490E2,-5.071076945E1
3.863531170E2,-5.511010964E1
3.864594082E2,-5.211925319E1
3.865648415E2,-5.339821444E1
3.866692418E2,-5.663905635E1
3.867739237E2,-5.567793140E1
3.868771245E2,-5.302167833E1
3.869816461E2,-5.593708632E1
3.870860112E2,-5.563250681E1
3.871924452E2,-5.446520191E1
3.872983321E2,-5.403596356E1
3.874026304E2,-5.606526733E1
3.875090584E2,-5.431291033E1
3.876149744E2,-5.588001527E1
3.877192816E2,-5.505794702E1
3.878254866E2,-5.383699065E1
3.879272340E2,-5.594317693E1
3.880316843E2,-5.484652535E1
3.881360573E2,-5.419640317E1
3.882415832E2,-3.888581317E1
3.883438792E2,-4.099526576E1
3.884483032E2,-4.578178518E1
3.885526486E2,-3.966340571E1
3.886542217E2,-4.379405668E1
3.887552512E2,-4.252538406E1
3.888607034E2,-4.315686390E1
3.889640645E2,-4.640041898E1
3.890692337E2,-5.368381349E1
3.891755755E2,-5.385063736E1
3.892817054E2,-5.385902440E1
3.893859305E2,-5.481266742E1
3.894901252E2,-5.547606121E1
3.895940219E2,-5.512990995E1
3.896983160E2,-5.612377177E1
3.898026080E2,-5.517118752E1
3.899089359E2,-5.520163204E1
3.900145257E2,-5.515740757E1
3.901193400E2,-5.145835658E1
3.902257233E2,-5.222040518E1
3.903315776E2,-5.498125703E1
3.904359392E2,-5.520116744E1
3.905393217E2,-5.569045415E1
3.906441230E2,-5.453010893E1
3.907483012E2,-5.411518036E1
3.908526384E2,-5.573701148E1
3.909589253E2,-5.592162525E1
3.910648910E2,-5.338272829E1
3.911691391E2,-5.480341303E1
3.912747755E2,-5.051925302E1
3.913774301E2,-4.440143538E1
3.914816315E2,-4.707648618E1
3.915859487E2,-4.874170488E1
3.916922674E2,-4.832404105E1
3.917983585E2,-4.936422145E1
3.919026063E2,-5.277444362E1
3.920089008E2,-5.414668279E1
3.921152810E2,-5.519145187E1
3.922192717E2,-5.629789344E1
3.923243013E2,-5.558689053E1
3.924276030E2,-5.598828892E1
3.925316400E2,-5.418900421E1
3.926359204E2,-5.491498976E1
3.927421417E2,-5.527590142E1
3.928483723E2,-5.380672133E1
3.929526228E2,-5.440311128E1
3.930589981E2,-5.523622589E1
3.931649877E2,-5.460756809E1
3.932692510E2,-5.407223545E1
3.933713380E2,-5.509066360E1
3.934776705E2,-5.494122859E1
3.935816092E2,-5.375008799E1
3.936859558E2,-5.366223350E1
3.937922670E2,-5.409668436E1
3.938982700E2,-5.456019606E1
3.940026227E2,-5.553510935E1
3.941089588E2,-5.508800042E1
3.942139730E2,-5.543656271E1
3.943149821E2,-5.602868798E1
3.944193101E2,-5.605624100E1
3.945216285E2,-5.646530494E1
3.946277222E2,-5.375022239E1
3.947316285E2,-5.108934493E1
3.948359772E2,-4.934716370E1
3.949422359E2,-4.894748908E1
3.950482932E2,-5.162459400E1
3.951526451E2,-5.325938022E1
3.952567851E2,-5.032193066E1
3.953612021E2,-5.565505796E1
3.954649857E2,-5.305365989E1
3.955693280E2,-5.046448530E1
3.956757316E2,-5.316956091E1
3.957816134E2,-5.306508908E1
3.958860288E2,-5.401155834E1
3.959924804E2,-5.435417692E1
3.960983207E2,-5.596867456E1
3.962026340E2,-5.660429709E1
3.963057965E2,-5.458050704E1
3.964111996E2,-5.534719121E1
3.965175903E2,-5.481229149E1
3.966198140E2,-5.628903143E1
3.967262842E2,-5.493197677E1
3.968278922E2,-5.506930605E1
3.969341507E2,-4.880657393E1
3.970373347E2,-5.080764217E1
3.971390621E2,-5.508890355E1
3.972445746E2,-5.173755128E1
3.973508932E2,-5.417212712E1
3.974540004E2,-5.591791938E1
3.975597260E2,-5.452574956E1
3.976612667E2,-5.478645515E1
3.977655500E2,-5.445850794E1
3.978706418E2,-5.478695539E1
3.979739150E2,-5.484888926E1
3.980780260E2,-5.500878483E1
3.981794560E2,-5.243896128E1
3.982855024E2,-5.622410324E1
3.983916494E2,-5.613407651E1
3.984954924E2,-5.623458665E1
3.986018248E2,-5.549964595E1
3.987081544E2,-5.282468775E1
3.988121930E2,-5.640803572E1
3.989185576E2,-5.626384914E1
3.990220729E2,-5.492392184E1
3.991281403E2,-5.439689190E1
3.992341731E2,-5.461650533E1
3.993404350E2,-5.414374583E1
3.994448060E2,-5.598755240E1
3.995511180E2,-5.379111229E1
3.996570535E2,-5.257452135E1
3.997615390E2,-5.333349515E1
3.998677764E2,-5.462212131E1
3.999737668E2,-5.513532800E1
4.000782225E2,-5.417733282E1
4.001844865E2,-5.684107957E1
4.002884357E2,-5.552267581E1
4.003943627E2,-5.500828656E1
4.004981427E2,-5.501726378E1
4.006039346E2,-5.448138836E1
4.007076879E2,-5.505595649E1
4.008122533E2,-5.494206442E1
4.009139907E2,-5.528411383E1
4.010203435E2,-5.223712450E1
4.011227641E2,-5.359247688E1
4.012281980E2,-5.440027027E1
4.013338755E2,-5.347258190E1
4.014363002E2,-5.309905615E1
4.015409354E2,-5.241986650E1
4.016449488E2,-5.476128448E1
4.017461858E2,-5.597652584E1
4.018522385E2,-5.334097874E1
4.019584835E2,-4.746266305E1
4.020617154E2,-4.700332565E1
4.021680913E2,-5.083079478E1
4.022743187E2,-5.491012538E1
4.023783386E2,-4.490696808E1
4.024839389E2,-4.962401199E1
4.025873362E2,-5.370435547E1
4.026935794E2,-4.674755742E1
4.027950375E2,-3.253122666E1
4.029013054E2,-4.217622339E1
4.030075750E2,-5.036427667E1
4.031124492E2,-4.928437942E1
4.032182711E2,-5.430651324E1
4.033246115E2,-5.551662522E1
4.034307708E2,-4.443555560E1
4.035355402E2,-4.153723322E1
4.036415704E2,-4.201104474E1
4.037450532E2,-4.949470611E1
4.038514201E2,-5.494911874E1
4.039546742E2,-4.046493241E1
4.040589431E2,-4.084937572E1
4.041617365E2,-4.993958876E1
4.042649896E2,-5.382121874E1
4.043672515E2,-5.482167150E1
4.044735824E2,-5.643977935E1
4.045785011E2,-5.561670200E1
4.046813591E2,-5.314655145E1
4.047872302E2,-5.403911184E1
4.048920635E2,-5.397876995E1
4.049951438E2,-5.530024441E1
4.051014522E2,-5.477680045E1
4.052071595E2,-5.467049786E1
4.053126620E2,-5.541791233E1
4.054157770E2,-5.453411786E1
4.055193653E2,-5.495548755E1
4.056254898E2,-5.411484688E1
4.057285095E2,-5.367582724E1
4.058347010E2,-5.594244607E1
4.059402774E2,-5.353186206E1
4.060452732E2,-5.401961805E1
4.061473303E2,-5.474448333E1
4.062530823E2,-5.329938016E1
4.063588592E2,-5.342683122E1
4.064618123E2,-5.463055155E1
4.065653480E2,-5.466375602E1
4.066716936E2,-5.444226031E1
4.067779828E2,-5.671856777E1
4.068831841E2,-5.473509785E1
4.069889988E2,-5.389179598E1
4.070948985E2,-5.479262892E1
4.072001236E2,-5.330112780E1
4.073052237E2,-5.516290621E1
4.074090087E2,-5.418649793E1
4.075120936E2,-5.572550894E1
4.076184485E2,-5.486639373E1
4.077227909E2,-5.731578747E1
4.078286952E2,-5.667625769E1
4.079350172E2,-5.419883943E1
4.080362220E2,-5.361287469E1
4.081422970E2,-5.577921980E1
4.082462308E2,-5.405835268E1
4.083525519E2,-5.539887632E1
4.084588773E2,-5.346150177E1
4.085628642E2,-5.644262033E1
4.086689000E2,-5.351661218E1
4.087713233E2,-5.441251957E1
4.088725326E2,-5.467890618E1
4.089787991E2,-5.524919373E1
4.090805630E2,-5.581209091E1
4.091851656E2,-5.381965596E1
4.092914266E2,-5.646866355E1
4.093963095E2,-5.456897951E1
4.095025522E2,-5.147746098E1
4.096087882E2,-5.261281514E1
4.097129857E2,-5.114370699E1
4.098193184E2,-5.312266179E1
4.099256205E2,-4.549246598E1
4.100288817E2,-5.443996177E1
4.101296978E2,-5.529585356E1
4.102361721E2,-5.355325614E1
4.103422196E2,-5.553681750E1
4.104463699E2,-5.531640707E1
4.105515960E2,-5.539810890E1
4.106537803E2,-5.579846574E1
4.107559773E2,-5.018457850E1
4.108621473E2,-5.291372994E1
4.109666385E2,-4.659807359E1
4.110724879E2,-5.000107711E1
4.111784209E2,-5.457098981E1
4.112797908E2,-5.344554432E1
4.113860753E2,-5.487717207E1
4.114923207E2,-5.441647253E1
4.115964499E2,-5.432929628E1
4.117027619E2,-5.389890312E1
4.118090766E2,-3.712800401E1
4.119131375E2,-3.341469740E1
4.120194855E2,-4.049789802E1
4.121259939E2,-5.048960837E1
4.122304209E2,-4.372714607E1
4.123364814E2,-4.368300702E1
4.124427830E2,-4.140863080E1
4.125464283E2,-4.174324777E1
4.126519467E2,-4.445883952E1
4.127581740E2,-5.384671411E1
4.128624304E2,-5.625086037E1
4.129686795E2,-5.265071924E1
4.130749651E2,-3.847298266E1
4.131791791E2,-4.115029331E1
4.132855085E2,-4.871829459E1
4.133880757E2,-4.481216004E1
4.134905539E2,-4.760076695E1
4.135958595E2,-5.318145309E1
4.137005015E2,-5.073834393E1
4.138068594E2,-5.501555690E1
4.139125472E2,-5.558257498E1
4.140188982E2,-5.446932629E1
4.141206213E2,-5.364368882E1
4.142234590E2,-5.444748661E1
4.143292305E2,-5.592982144E1
4.144355195E2,-5.500855478E1
4.145417913E2,-5.553562600E1
4.146459294E2,-5.434787804E1
4.147521754E2,-5.485021493E1
4.148577834E2,-5.363870689E1
4.149626122E2,-5.363675020E1
4.150689400E2,-5.601892267E1
4.151752617E2,-5.547339466E1
4.152793207E2,-5.540777537E1
4.153815392E2,-5.477334603E1
4.154845383E2,-5.481167543E1
4.155908079E2,-5.409170723E1
4.156958996E2,-5.457391555E1
4.157967494E2,-5.554110972E1
4.159030785E2,-4.157363136E1
4.160056987E2,-3.876900772E1
4.161120847E2,-3.876440259E1
4.162147660E2,-4.389428700E1
4.163211151E2,-4.193554579E1
4.164230952E2,-4.637657774E1
4.165293683E2,-4.484225221E1
4.166357095E2,-4.899987162E1
4.167399974E2,-4.500613298E1
4.168460269E2,-4.312503912E1
4.169523535E2,-4.783815514E1
4.170586962E2,-4.649621385E1
4.171627132E2,-5.323720068E1
4.172684629E2,-5.530846101E1
4.173721990E2,-5.425945943E1
4.174784398E2,-5.619245214E1
4.175802075E2,-5.458615539E1
4.176854386E2,-5.460946361E1
4.177917510E2,-5.504673830E1
4.178961956E2,-4.681815099E1
4.180020128E2,-4.495296432E1
4.181084532E2,-4.972305268E1
4.182129138E2,-4.317039805E1
4.183150642E2,-4.065760551E1
4.184213998E2,-4.441716776E1
4.185265587E2,-4.339048722E1
4.186295192E2,-5.092402509E1
4.187358445E2,-5.350974100E1
4.188420882E2,-5.503013611E1
4.189462031E2,-5.385437747E1
4.190524594E2,-5.152682933E1
4.191560493E2,-5.369546559E1
4.192620331E2,-5.523216078E1
4.193636281E2,-5.386921851E1
4.194694393E2,-4.982934492E1
4.195757260E2,-4.543799559E1
4.196796075E2,-4.544248315E1
4.197859479E2,-5.297071767E1
4.198923557E2,-4.929758475E1
4.199963545E2,-5.354490853E1
4.201027717E2,-5.147973348E1
4.202064495E2,-5.049917536E1
4.203125440E2,-5.062205133E1
4.204189084E2,-5.243424481E1
4.205251717E2,-5.117207977E1
4.206296774E2,-4.892089056E1
4.207361510E2,-4.778360763E1
4.208405437E2,-4.991944154E1
4.209459051E2,-4.966787296E1
4.210521427E2,-5.133471767E1
4.211564096E2,-5.404209707E1
4.212621289E2,-4.225877069E1
4.213637160E2,-5.313905045E1
4.214692928E2,-5.401629849E1
4.215734838E2,-5.422988750E1
4.216797290E2,-5.560046205E1
4.217856664E2,-4.524874861E1
4.218891127E2,-3.558058544E1
4.219937062E2,-3.944583986E1
4.220965785E2,-3.518191545E1
4.222013509E2,-3.663727569E1
4.223077076E2,-4.217358459E1
4.224132516E2,-3.884457114E1
4.225187852E2,-4.217471098E1
4.226223937E2,-5.111359906E1
4.227288355E2,-3.892669799E1
4.228306127E2,-3.771961358E1
4.229352304E2,-3.765288574E1
4.230415835E2,-3.823424482E1
4.231466227E2,-4.825224130E1
4.232522046E2,-5.475228814E1
4.233584895E2,-5.183265010E1
4.234631910E2,-4.227620292E1
4.235651636E2,-3.900957735E1
4.236715147E2,-5.103277595E1
4.237778307E2,-3.705628317E1
4.238820936E2,-4.891061510E1
4.239885593E2,-4.291108913E1
4.240927672E2,-4.732915398E1
4.241966803E2,-4.397755570E1
4.243023573E2,-5.325669663E1
4.244057784E2,-4.800092713E1
4.245116072E2,-4.090957237E1
4.246133346E2,-4.791194959E1
4.247194419E2,-4.894223399E1
4.248258284E2,-4.529782964E1
4.249299974E2,-4.239700376E1
4.250316787E2,-5.018612043E1
4.251380272E2,-5.005171579E1
4.252437564E2,-4.242432409E1
4.253467137E2,-4.052648524E1
4.254531296E2,-4.271044707E1
4.255594259E2,-4.414597678E1
4.256633428E2,-4.757516398E1
4.257693940E2,-5.189705323E1
4.258757412E2,-4.825405269E1
4.259800600E2,-5.210980660E1
4.260861965E2,-5.430158216E1
4.261925482E2,-5.547293572E1
4.262967872E2,-5.531709943E1
4.264030695E2,-5.632530106E1
4.265094267E2,-5.416030977E1
4.266134846E2,-5.486384329E1
4.267198255E2,-5.282681869E1
4.268263719E2,-5.611569704E1
4.269302022E2,-5.526689985E1
4.270366653E2,-5.454568574E1
4.271429765E2,-5.516783627E1
4.272476723E2,-5.655659982E1
4.273539938E2,-5.606524125E1
4.274565900E2,-5.484141133E1
4.275604858E2,-5.389677139E1
4.276635341E2,-5.544173398E1
4.277698561E2,-5.530443377E1
4.278759878E2,-5.454261569E1
4.279810617E2,-5.487548689E1
4.280874596E2,-5.326917853E1
4.281905929E2,-5.441515705E1
4.282964721E2,-5.546188951E1
4.283998265E2,-5.452409064E1
4.285063646E2,-5.555505785E1
4.286127308E2,-5.502930465E1
4.287144132E2,-5.584064254E1
4.288207217E2,-5.520132850E1
4.289231525E2,-5.498889306E1
4.290288430E2,-5.517395537E1
4.291351719E2,-5.594334483E1
4.292397875E2,-5.675949330E1
4.293445523E2,-5.470168924E1
4.294470053E2,-5.521046080E1
4.295517582E2,-5.362182140E1
4.296555519E2,-5.606182934E1
4.297606484E2,-5.544096006E1
4.298637039E2,-5.868469401E1
4.299700662E2,-5.538140077E1
4.300764977E2,-4.431248423E1
4.301812433E2,-4.493339905E1
4.302857674E2,-4.916490523E1
4.303920340E2,-4.740643620E1
4.304971160E2,-4.935853951E1
4.306034155E2,-5.014512632E1
4.307064747E2,-5.186948065E1
4.308109734E2,-4.935422746E1
4.309139223E2,-4.754597793E1
4.310187734E2,-5.296913976E1
4.311209722E2,-5.435123691E1
4.312237712E2,-5.409613365E1
4.313300785E2,-5.328479279E1
4.314363374E2,-5.406632662E1
4.315426773E2,-5.459653329E1
4.316479752E2,-5.586463595E1
4.317541796E2,-5.334003481E1
4.318599376E2,-5.294038810E1
4.319647190E2,-5.421156264E1
4.320703486E2,-5.574906330E1
4.321727293E2,-5.453658901E1
4.322790286E2,-5.608175753E1
4.323842653E2,-5.255056616E1
4.324859055E2,-4.976755028E1
4.325921682E2,-4.339539960E1
4.326972475E2,-4.206104936E1
4.328025930E2,-4.805779636E1
4.329076379E2,-5.318205121E1
4.330135000E2,-5.385653771E1
4.331155221E2,-5.259324142E1
4.332213367E2,-5.352473706E1
4.333270975E2,-5.397028676E1
4.334314304E2,-5.392203970E1
4.335350171E2,-5.267778877E1
4.336408448E2,-5.455145855E1
4.337468770E2,-5.395140596E1
4.338485902E2,-5.328531287E1
4.339543739E2,-5.517518434E1
4.340607363E2,-5.517129799E1
4.341657891E2,-5.605313358E1
4.342721366E2,-5.570995633E1
4.343738930E2,-5.343145973E1
4.344801660E2,-5.523747301E1
4.345815222E2,-5.515303916E1
4.346878522E2,-5.661282325E1
4.347933703E2,-5.704012427E1
4.348975562E2,-5.546791297E1
4.350039240E2,-5.579610411E1
4.351084995E2,-5.491524119E1
4.352142820E2,-5.622800441E1
4.353172439E2,-5.267867004E1
4.354201554E2,-4.357112476E1
4.355264075E2,-5.412583460E1
4.356307240E2,-5.533488653E1
4.357315962E2,-5.593592975E1
4.358378460E2,-5.516582361E1
4.359441702E2,-5.426179499E1
4.360475646E2,-5.568473177E1
4.361534530E2,-5.370178575E1
4.362597935E2,-5.450094389E1
4.363641905E2,-5.424715938E1
4.364695748E2,-5.573608945E1
4.365752963E2,-5.509335097E1
4.366808776E2,-5.499352118E1
4.367863449E2,-5.446036579E1
4.368926889E2,-5.546290274E1
4.369975852E2,-5.560342415E1
4.371029735E2,-5.542249773E1
4.372093707E2,-5.430181015E1
4.373142962E2,-5.066667754E1
4.374206581E2,-4.493847018E1
4.375237736E2,-4.127107383E1
4.376295467E2,-4.064767395E1
4.377309621E2,-3.862320281E1
4.378317472E2,-3.727733869E1
4.379380733E2,-3.895158618E1
4.380443029E2,-5.365456882E1
4.381484600E2,-5.549015547E1
4.382547742E2,-5.418689879E1
4.383610992E2,-5.552247555E1
4.384651928E2,-5.596649533E1
4.385707725E2,-5.466840307E1
4.386738246E2,-5.452582694E1
4.387801150E2,-5.650861842E1
4.388831353E2,-5.378968565E1
4.389894453E2,-5.226209234E1
4.390945851E2,-5.614975819E1
4.391977373E2,-5.536274883E1
4.393040815E2,-5.429516250E1
4.394103126E2,-5.360175749E1
4.395144480E2,-5.465060766E1
4.396197089E2,-5.482675435E1
4.397259434E2,-5.575132100E1
4.398311337E2,-5.606711339E1
4.399364020E2,-5.465670987E1
4.400398950E2,-5.442371119E1
4.401434174E2,-5.446004083E1
4.402486585E2,-5.609233680E1
4.403534308E2,-5.622652458E1
4.404591603E2,-5.517747726E1
4.405645125E2,-5.457641159E1
4.406707949E2,-5.660768141E1
4.407768504E2,-5.669066553E1
4.408820777E2,-5.662111325E1
4.409839615E2,-5.450620456E1
4.410902925E2,-5.395692055E1
4.411966205E2,-5.515727273E1
4.412982351E2,-5.570508450E1
4.413992509E2,-5.310956463E1
4.415056141E2,-5.627857959E1
4.416120123E2,-5.669053118E1
4.417154278E2,-5.426459449E1
4.418171980E2,-5.576686336E1
4.419229417E2,-5.249833096E1
4.420272639E2,-5.280707889E1
4.421321257E2,-4.997128075E1
4.422346185E2,-3.967609460E1
4.423402271E2,-4.521320414E1
4.424465365E2,-4.262996953E1
4.425480496E2,-3.902851485E1
4.426543440E2,-4.195527909E1
4.427575298E2,-4.492398832E1
4.428622393E2,-4.684627633E1
4.429647009E2,-4.250636725E1
4.430710313E2,-4.389679409E1
4.431773197E2,-4.570467755E1
4.432822535E2,-5.211436441E1
4.433852107E2,-5.484421839E1
4.434908714E2,-5.506537061E1
4.435971596E2,-5.341766790E1
4.437024346E2,-5.394475141E1
4.438077102E2,-5.463211990E1
4.439130538E2,-5.233911084E1
4.440147997E2,-4.657141162E1
4.441211193E2,-4.831634510E1
4.442273899E2,-4.761931254E1
4.443313912E2,-4.811587936E1
4.444322288E2,-5.409742970E1
4.445385271E2,-5.241144447E1
4.446404358E2,-5.522356265E1
4.447461929E2,-5.592275248E1
4.448481547E2,-5.495620102E1
4.449495436E2,-5.508377617E1
4.450555341E2,-5.533812088E1
4.451619084E2,-5.601867044E1
4.452656985E2,-5.628465664E1
4.453669930E2,-5.522176104E1
4.454732562E2,-5.471738653E1
4.455770345E2,-5.439164665E1
4.456815570E2,-5.479474149E1
4.457878825E2,-5.529691967E1
4.458910190E2,-5.376416798E1
4.459974461E2,-5.556223461E1
4.461019090E2,-5.559069658E1
4.462069305E2,-5.583866287E1
4.463087124E2,-5.514138515E1
4.464150662E2,-5.605421194E1
4.465213510E2,-5.579430803E1
4.466273215E2,-5.468841174E1
4.467316857E2,-5.566868541E1
4.468379064E2,-5.459597588E1
4.469411443E2,-5.567032019E1
4.470448806E2,-5.506056176E1
4.471483666E2,-5.734663637E1
4.472538580E2,-5.591758098E1
4.473572142E2,-5.431257287E1
4.474585719E2,-5.583602539E1
4.475645964E2,-4.706249289E1
4.476706951E2,-4.558376973E1
4.477769813E2,-5.280534754E1
4.478816629E2,-4.862953725E1
4.479873748E2,-4.707018327E1
4.480937415E2,-5.462316683E1
4.481984568E2,-5.619879834E1
4.483038171E2,-5.366102681E1
4.484101010E2,-5.415715546E1
4.485151202E2,-5.508550391E1
4.486214451E2,-5.286758565E1
4.487275100E2,-5.507725123E1
4.488332515E2,-5.488538362E1
4.489348055E2,-5.360708783E1
4.490412509E2,-5.442361801E1
4.491475148E2,-5.458842449E1
4.492493635E2,-5.518774223E1
4.493556286E2,-5.572730933E1
4.494618667E2,-5.482730910E1
4.495660392E2,-5.566690585E1
4.496723635E2,-5.482891508E1
4.497775713E2,-5.582811528E1
4.498820143E2,-5.433962015E1
4.499839038E2,-5.327842527E1
4.500902755E2,-5.485411414E1
4.501965678E2,-5.563882074E1
4.502985978E2,-5.345848289E1
4.504038791E2,-5.480123387E1
4.505081542E2,-5.556017775E1
4.506129897E2,-5.548053680E1
4.507152819E2,-5.285968800E1
4.508199551E2,-5.390406040E1
4.509247409E2,-5.427510595E1
4.510288527E2,-5.677901514E1
4.511319670E2,-5.477405049E1
4.512381918E2,-5.574976530E1
4.513439256E2,-5.351202634E1
4.514486819E2,-5.401759605E1
4.515521921E2,-5.404562145E1
4.516585037E2,-5.483396028E1
4.517613460E2,-5.356792585E1
4.518654085E2,-5.358857860E1
4.519712077E2,-5.497418751E1
4.520775345E2,-5.562998843E1
4.521820725E2,-5.431840447E1
4.522851655E2,-5.411558041E1
4.523908039E2,-5.364987420E1
4.524957469E2,-5.532225178E1
4.525987122E2,-5.419346946E1
4.527040243E2,-5.643754671E1
4.528071631E2,-5.485751805E1
4.529130544E2,-5.500609995E1
4.530154667E2,-5.505734015E1
4.531188946E2,-5.499155550E1
4.532247059E2,-5.476936690E1
4.533285553E2,-5.618940425E1
4.534321980E2,-5.570697445E1
4.535329304E2,-5.530906119E1
4.536371255E2,-5.370848521E1
4.537428450E2,-5.525428907E1
4.538489039E2,-5.520088562E1
4.539544032E2,-5.527705573E1
4.540588312E2,-5.360739085E1
4.541650968E2,-5.403599367E1
4.542687595E2,-5.452206819E1
4.543705436E2,-5.547608991E1
4.544754773E2,-5.451285861E1
4.545767623E2,-5.376836744E1
4.546822612E2,-5.539847592E1
4.547875892E2,-5.409724279E1
4.548939336E2,-5.295781330E1
4.549989431E2,-5.519746684E1
4.551052425E2,-5.447557012E1
4.552088425E2,-5.312536267E1
4.553151747E2,-5.417385907E1
4.554204432E2,-5.555251477E1
4.555255461E2,-5.379710357E1
4.556318355E2,-5.504319005E1
4.557380287E2,-5.541551437E1
4.558421744E2,-5.533162495E1
4.559485365E2,-5.465142407E1
4.560539238E2,-5.334268080E1
4.561588025E2,-5.530672782E1
4.562604725E2,-5.593951820E1
4.563656827E2,-5.455206453E1
4.564716924E2,-5.588879512E1
4.565755336E2,-5.342040292E1
4.566818217E2,-5.432849330E1
4.567831751E2,-5.301005575E1
4.568894443E2,-5.440696019E1
4.569916647E2,-5.619366617E1
4.570979537E2,-5.517766750E1
4.571998401E2,-5.535238630E1
4.573058797E2,-5.455846800E1
4.574083237E2,-5.480356401E1
4.575129433E2,-5.360770425E1
4.576166674E2,-5.451399174E1
4.577211764E2,-5.430123882E1
4.578239791E2,-5.472434635E1
4.579283524E2,-4.970171906E1
4.580324963E2,-5.129640088E1
4.581332855E2,-4.929763551E1
4.582395822E2,-4.779586220E1
4.583434503E2,-4.910562370E1
4.584490813E2,-4.962641892E1
4.585499814E2,-5.207244972E1
4.586518081E2,-4.800823736E1
4.587581112E2,-5.264148939E1
4.588601771E2,-4.965166706E1
4.589659215E2,-4.813833583E1
4.590718577E2,-5.006928812E1
4.591767240E2,-5.496479284E1
4.592826234E2,-5.330573479E1
4.593889321E2,-5.438393767E1
4.594952522E2,-5.538660579E1
4.596003883E2,-5.375532331E1
4.597066504E2,-5.239481395E1
4.598130583E2,-4.715086793E1
4.599167318E2,-4.995802872E1
4.600227273E2,-4.877093224E1
4.601259580E2,-5.195906271E1
4.602270537E2,-4.842319624E1
4.603326968E2,-4.887770233E1
4.604389132E2,-5.314315865E1
4.605419428E2,-4.472420018E1
4.606478967E2,-3.379408050E1
4.607493872E2,-4.501422668E1
4.608557012E2,-4.701675237E1
4.609592598E2,-4.223939047E1
4.610655584E2,-4.357047017E1
4.611668499E2,-4.977661210E1
4.612730969E2,-4.881252046E1
4.613762834E2,-5.361291778E1
4.614823381E2,-5.433611767E1
4.615886357E2,-5.421411533E1
4.616930171E2,-5.440530973E1
4.617989954E2,-5.498727796E1
4.619051055E2,-5.477562566E1
4.620096188E2,-5.522658637E1
4.621156621E2,-5.395204380E1
4.622219707E2,-5.432984766E1
4.623281437E2,-5.638129190E1
4.624328467E2,-5.440019974E1
4.625390642E2,-5.461223640E1
4.626454044E2,-5.499956181E1
4.627495310E2,-5.382968595E1
4.628546660E2,-5.655380894E1
4.629574037E2,-5.352469978E1
4.630593285E2,-5.430073909E1
4.631655407E2,-5.487161032E1
4.632662829E2,-5.564230621E1
4.633677215E2,-5.613569066E1
4.634716668E2,-5.422887964E1
4.635779858E2,-5.350699233E1
4.636829699E2,-5.631052257E1
4.637893998E2,-5.635178107E1
4.638935680E2,-5.394002150E1
4.639996402E2,-5.373031396E1
4.641051783E2,-4.231384002E1
4.642081624E2,-4.538827249E1
4.643129592E2,-4.329417504E1
4.644163996E2,-4.484710910E1
4.645192459E2,-5.124119723E1
4.646254622E2,-4.270496182E1
4.647313792E2,-4.644298395E1
4.648330850E2,-3.948169591E1
4.649388932E2,-4.062313135E1
4.650451824E2,-4.048959757E1
4.651497184E2,-4.117767365E1
4.652510733E2,-5.483042797E1
4.653528862E2,-5.533723216E1
4.654592060E2,-5.465277267E1
4.655634517E2,-5.571381708E1
4.656664233E2,-5.558036082E1
4.657727561E2,-5.531924783E1
4.658789591E2,-5.444381496E1
4.659831114E2,-5.471809932E1
4.660889865E2,-5.576395852E1
4.661953059E2,-5.481179363E1
4.662999094E2,-5.511298391E1
4.664056655E2,-5.629028020E1
4.665071996E2,-5.480741889E1
4.666129982E2,-5.551881658E1
4.667173402E2,-5.437368051E1
4.668189229E2,-5.481766428E1
4.669223455E2,-5.627598314E1
4.670286329E2,-5.457878337E1
4.671331673E2,-4.415919120E1
4.672339476E2,-5.112637659E1
4.673389047E2,-4.551903356E1
4.674436045E2,-5.431582154E1
4.675494253E2,-5.376385117E1
4.676556649E2,-4.957893342E1
4.677620454E2,-4.568204341E1
4.678666637E2,-5.378683978E1
4.679723387E2,-5.499966564E1
4.680786012E2,-5.830434557E1
4.681833105E2,-5.409021265E1
4.682890415E2,-5.542214007E1
4.683916825E2,-5.314087003E1
4.684976942E2,-4.697570732E1
4.685999864E2,-5.213732923E1
4.687057179E2,-5.349717778E1
4.688121273E2,-5.438723833E1
4.689165888E2,-5.447002086E1
4.690217588E2,-5.639058635E1
4.691280272E2,-5.635314909E1
4.692333973E2,-5.536070448E1
4.693386907E2,-5.624858312E1
4.694437969E2,-5.444047560E1
4.695500480E2,-5.398864393E1
4.696563735E2,-5.451221157E1
4.697628369E2,-4.443368188E1
4.698667780E2,-4.527017036E1
4.699725642E2,-3.962371161E1
4.700738762E2,-4.013791271E1
4.701801514E2,-5.522678810E1
4.702834586E2,-4.888392398E1
4.703892311E2,-5.041395359E1
4.704937157E2,-5.487278264E1
4.705996777E2,-5.616791798E1
4.707038174E2,-5.590749626E1
4.708102405E2,-5.504597689E1
4.709164012E2,-5.429971527E1
4.710226950E2,-5.587318667E1
4.711285262E2,-5.581950154E1
4.712335086E2,-5.376874631E1
4.713348531E2,-5.467238657E1
4.714406352E2,-5.471826065E1
4.715468896E2,-5.462329640E1
4.716510127E2,-5.499481360E1
4.717538402E2,-5.451772524E1
4.718572586E2,-5.522229693E1
4.719635321E2,-5.350065061E1
4.720677131E2,-4.516436039E1
4.721740097E2,-3.867314806E1
4.722803142E2,-4.294998252E1
4.723843825E2,-4.253473857E1
4.724859941E2,-4.888717565E1
4.725923340E2,-5.259865646E1
4.726986312E2,-4.869598211E1
4.728011639E2,-5.223013816E1
4.729075418E2,-5.580347966E1
4.730125756E2,-5.494147369E1
4.731177987E2,-5.443423660E1
4.732239387E2,-5.463998831E1
4.733301298E2,-5.091682833E1
4.734344846E2,-4.618147731E1
4.735401981E2,-4.049790412E1
4.736418887E2,-4.493023168E1
4.737474629E2,-4.697391330E1
4.738504022E2,-5.364692449E1
4.739525279E2,-4.607329286E1
4.740550025E2,-5.057937630E1
4.741613137E2,-5.473686267E1
4.742670195E2,-4.322237940E1
4.743717453E2,-5.166040501E1
4.744780710E2,-5.268952026E1
4.745836722E2,-5.334431044E1
4.746845604E2,-5.457581439E1
4.747909904E2,-4.344062332E1
4.748951461E2,-4.048573695E1
4.750004860E2,-4.126528159E1
4.751060152E2,-4.438171142E1
4.752095050E2,-4.774515832E1
4.753129885E2,-4.968352033E1
4.754172527E2,-5.151389745E1
4.755193534E2,-4.570722289E1
4.756214035E2,-4.324090415E1
4.757267742E2,-4.581856673E1
4.758319970E2,-4.720317643E1
4.759338650E2,-5.290384301E1
4.760401774E2,-5.586050109E1
4.761432820E2,-5.330999007E1
4.762490917E2,-5.373910079E1
4.763505918E2,-5.465776593E1
4.764563978E2,-5.437107750E1
4.765600181E2,-5.422047969E1
4.766641732E2,-5.425389868E1
4.767681325E2,-5.528362584E1
4.768746093E2,-5.375012375E1
4.769808944E2,-5.384283548E1
4.770855801E2,-5.137975827E1
4.771898251E2,-5.391244386E1
4.772962643E2,-5.465801461E1
4.774006837E2,-5.624891088E1
4.775064827E2,-5.334843285E1
4.776085441E2,-5.396410979E1
4.777143613E2,-5.459096915E1
4.778181878E2,-5.501437619E1
4.779244749E2,-5.383850986E1
4.780307740E2,-5.371397559E1
4.781348230E2,-5.261988885E1
4.782404158E2,-5.454947319E1
4.783462125E2,-5.011943692E1
4.784515132E2,-4.537331267E1
4.785537980E2,-4.673313467E1
4.786598502E2,-4.767610570E1
4.787663232E2,-4.885724070E1
4.788722615E2,-4.797487594E1
4.789780371E2,-4.711130649E1
4.790841084E2,-4.612542574E1
4.791873788E2,-4.649310986E1
4.792904808E2,-4.382396738E1
4.793968763E2,-4.383203150E1
4.795016760E2,-4.942805957E1
4.796079188E2,-4.864981577E1
4.797130839E2,-5.127649529E1
4.798183514E2,-5.026458145E1
4.799246861E2,-5.246193697E1
4.800299854E2,-5.044122231E1
4.801341800E2,-5.143135127E1
4.802404685E2,-5.425044306E1
4.803467321E2,-5.361428679E1
4.804516868E2,-5.603576444E1
4.805575624E2,-5.482560271E1
4.806637797E2,-5.388368554E1
4.807684457E2,-5.612614909E1
4.808748604E2,-5.545747325E1
4.809811151E2,-5.385698969E1
4.810842897E2,-5.103622471E1
4.811895916E2,-4.691769164E1
4.812923769E2,-4.685040559E1
4.813985300E2,-5.004787458E1
4.815009454E2,-4.944288151E1
4.816037475E2,-4.980551084E1
4.817065406E2,-3.957431977E1
4.818129885E2,-4.374379491E1
4.819184479E2,-4.447797363E1
4.820244957E2,-4.673712789E1
4.821275871E2,-4.262215779E1
4.822287807E2,-4.153662358E1
4.823343427E2,-4.874813011E1
4.824405048E2,-5.386212168E1
4.825468440E2,-5.204639416E1
4.826518382E2,-4.652959843E1
4.827581767E2,-4.734731313E1
4.828604680E2,-4.845325103E1
4.829668108E2,-4.659509286E1
4.830696951E2,-5.096725579E1
4.831732257E2,-4.836851764E1
4.832780878E2,-4.255452295E1
4.833843073E2,-4.915903999E1
4.834899044E2,-4.462015233E1
4.835962155E2,-4.232748214E1
4.837011016E2,-4.629644337E1
4.838065651E2,-4.775759135E1
4.839129101E2,-4.392072225E1
4.840177632E2,-5.072001697E1
4.841231755E2,-4.813775316E1
4.842294459E2,-5.042809638E1
4.843344856E2,-5.464657597E1
4.844407871E2,-4.817545574E1
4.845451038E2,-5.097333299E1
4.846507587E2,-4.957433467E1
4.847570667E2,-4.432783139E1
4.848596425E2,-4.555803535E1
4.849647346E2,-5.497674032E1
4.850679227E2,-4.899050909E1
4.851703021E2,-4.668259503E1
4.852759999E2,-5.549874406E1
4.853805365E2,-5.430823223E1
4.854846671E2,-5.438316402E1
4.855905277E2,-5.369526712E1
4.856968970E2,-5.674701052E1
4.858013812E2,-5.422244070E1
4.859077027E2,-5.057814464E1
4.860120366E2,-4.497657660E1
4.861175371E2,-4.739522536E1
4.862204385E2,-5.454995765E1
4.863218527E2,-4.502641201E1
4.864274318E2,-5.194556342E1
4.865336843E2,-4.998101099E1
4.866389197E2,-5.283331559E1
4.867447835E2,-5.323700156E1
4.868509023E2,-5.403105182E1
4.869548917E2,-5.398170644E1
4.870573394E2,-5.413066940E1
4.871636757E2,-4.670620999E1
4.872680877E2,-4.777470675E1
4.873744186E2,-4.274581609E1
4.874769857E2,-4.677028146E1
4.875818819E2,-4.042786189E1
4.876848073E2,-4.218384711E1
4.877912988E2,-4.644164503E1
4.878977065E2,-4.443264077E1
4.880014952E2,-4.330115377E1
4.881077898E2,-4.527259010E1
4.882129511E2,-4.018503485E1
4.883181361E2,-3.575968163E1
4.884244188E2,-3.806737904E1
4.885290007E2,-3.963350330E1
4.886348186E2,-4.035496919E1
4.887411307E2,-4.276117639E1
4.888475730E2,-5.040726622E1
4.889515010E2,-4.719134256E1
4.890578209E2,-4.557951748E1
4.891638662E2,-4.812148798E1
4.892681956E2,-4.079019392E1
4.893745381E2,-4.631022947E1
4.894808893E2,-4.759458335E1
4.895848920E2,-4.261051938E1
4.896912378E2,-4.314484339E1
4.897977079E2,-5.197235906E1
4.899015898E2,-5.441639234E1
4.900079453E2,-5.535190582E1
4.901119577E2,-5.520928372E1
4.902178734E2,-5.200496491E1
4.903190921E2,-4.993006255E1
4.904253395E2,-5.006428426E1
4.905270836E2,-5.258412915E1
4.906317689E2,-5.265513278E1
4.907350536E2,-5.411515590E1
4.908404674E2,-5.460753424E1
4.909468523E2,-5.317445682E1
4.910516814E2,-4.945643132E1
4.911578479E2,-5.026142623E1
4.912605182E2,-4.314284263E1
4.913652203E2,-5.412031754E1
4.914686421E2,-3.660364365E1
4.915749537E2,-4.616062069E1
4.916813446E2,-5.380012577E1
4.917851005E2,-5.408223672E1
4.918904776E2,-4.772631182E1
4.919968268E2,-5.243687216E1
4.921018520E2,-4.647102789E1
4.922064535E2,-4.168884315E1
4.923105357E2,-3.981699215E1
4.924152687E2,-3.429244932E1
4.925184843E2,-3.741123890E1
4.926224584E2,-3.817991441E1
4.927282398E2,-4.097586691E1
4.928325277E2,-4.322877756E1
4.929363976E2,-4.562026565E1
4.930422315E2,-4.493482573E1
4.931485280E2,-5.016839799E1
4.932518156E2,-5.242332282E1
4.933576170E2,-5.061338022E1
4.934633709E2,-5.332271009E1
4.935685270E2,-5.411386182E1
4.936742849E2,-5.519723251E1
4.937804695E2,-5.488205435E1
4.938852204E2,-5.517937268E1
4.939909312E2,-5.447767511E1
4.940923108E2,-5.438921882E1
4.941986453E2,-5.390183805E1
4.943019288E2,-5.493256631E1
4.944076487E2,-5.367957211E1
4.945129844E2,-5.554864830E1
4.946186110E2,-5.405215935E1
4.947242567E2,-5.559518041E1
4.948303694E2,-5.158395781E1
4.949352887E2,-4.594193660E1
4.950405063E2,-5.057672253E1
4.951467217E2,-5.083282845E1
4.952519811E2,-3.979124858E1
4.953575055E2,-3.570446286E1
4.954604392E2,-4.546444640E1
4.955622881E2,-3.854810839E1
4.956682605E2,-4.379209481E1
4.957742640E2,-3.620961769E1
4.958805709E2,-3.921899477E1
4.959854515E2,-4.035104429E1
4.960908840E2,-4.275541251E1
4.961949850E2,-4.350223974E1
4.962967746E2,-4.898112001E1
4.964021410E2,-5.415497194E1
4.965075369E2,-5.038564186E1
4.966128027E2,-5.064922559E1
4.967188910E2,-5.287718150E1
4.968241694E2,-5.568595925E1
4.969302586E2,-5.543247252E1
4.970354620E2,-5.449279735E1
4.971416341E2,-5.453056179E1
4.972463364E2,-5.423238039E1
4.973521907E2,-5.475732589E1
4.974584283E2,-4.768109393E1
4.975604243E2,-4.413754604E1
4.976667191E2,-4.259742171E1
4.977726361E2,-3.968095068E1
4.978787779E2,-4.798494056E1
4.979850931E2,-5.081715943E1
4.980914245E2,-5.083997250E1
4.981978026E2,-4.372777953E1
4.983030460E2,-4.065976892E1
4.984093765E2,-4.517026961E1
4.985129619E2,-3.618915066E1
4.986189569E2,-3.540849404E1
4.987251818E2,-3.831509854E1
4.988282634E2,-4.511619314E1
4.989346122E2,-4.149015270E1
4.990359364E2,-4.643361898E1
4.991417228E2,-4.614784963E1
4.992479942E2,-4.576198807E1
4.993531151E2,-4.654558405E1
4.994593862E2,-4.903201126E1
4.995653402E2,-5.022333191E1
4.996698574E2,-5.418069148E1
4.997763137E2,-5.389059408E1
4.998785397E2,-5.447235529E1
4.999842853E2,-5.410407270E1
5.000857583E2,-5.407191462E1
5.001882725E2,-5.244364269E1
5.002904558E2,-5.294836627E1
5.003967318E2,-5.504426608E1
5.005024370E2,-5.413341618E1
5.006087729E2,-5.222099572E1
5.007129712E2,-5.247779802E1
5.008191210E2,-5.219789803E1
5.009205984E2,-5.462687097E1
5.010237797E2,-5.500345228E1
5.011294277E2,-5.493825298E1
5.012358220E2,-5.089227004E1
5.013420989E2,-4.577368357E1
5.014461875E2,-4.308633699E1
5.015520375E2,-4.058613052E1
5.016584227E2,-4.924843834E1
5.017605607E2,-5.115966986E1
5.018669501E2,-4.519391501E1
5.019692417E2,-4.889868128E1
5.020755708E2,-5.213814773E1
5.021818142E2,-5.437878460E1
5.022859275E2,-5.068719409E1
5.023904353E2,-5.245355792E1
5.024967712E2,-5.431675651E1
5.026026175E2,-5.438920671E1
5.027088931E2,-5.326143921E1
5.028138644E2,-5.493972233E1
5.029192908E2,-5.420303879E1
5.030255823E2,-5.410585944E1
5.031313747E2,-5.456705736E1
5.032359605E2,-5.302349773E1
5.033421965E2,-5.432205736E1
5.034471548E2,-5.407367902E1
5.035526237E2,-5.383579393E1
5.036589051E2,-5.566639033E1
5.037651876E2,-5.574343210E1
5.038693084E2,-5.417152461E1
5.039755912E2,-5.487424268E1
5.040818647E2,-5.511507328E1
5.041860397E2,-5.335713987E1
5.042923511E2,-5.796378447E1
5.043971351E2,-5.464792506E1
5.045026946E2,-5.229945858E1
5.046083192E2,-5.649348536E1
5.047128591E2,-5.584780865E1
5.048189088E2,-5.541536147E1
5.049249807E2,-5.499952235E1
5.050295860E2,-5.452924059E1
5.051356624E2,-5.502222403E1
5.052416125E2,-5.543100728E1
5.053473336E2,-5.511777655E1
5.054527509E2,-5.381743240E1
5.055579538E2,-5.676520517E1
5.056638150E2,-5.455589783E1
5.057694697E2,-5.351994317E1
5.058750405E2,-5.493282336E1
5.059813817E2,-5.378896411E1
5.060861878E2,-5.348022032E1
5.061916750E2,-5.382634650E1
5.062980567E2,-5.343956472E1
5.064042825E2,-5.555006543E1
5.065088820E2,-5.405290812E1
5.066130632E2,-5.514508549E1
5.067191661E2,-5.640582766E1
5.068216474E2,-5.577463167E1
5.069255511E2,-4.991270301E1
5.070276421E2,-5.346851574E1
5.071332178E2,-4.859165603E1
5.072362775E2,-4.848844423E1
5.073421805E2,-4.637578568E1
5.074478142E2,-4.368629403E1
5.075529714E2,-4.912908501E1
5.076589087E2,-4.938189629E1
5.077649913E2,-5.013845925E1
5.078697150E2,-5.459163534E1
5.079755815E2,-5.340559075E1
5.080818382E2,-5.587417646E1
5.081863554E2,-5.413077474E1
5.082922087E2,-5.473530921E1
5.083982259E2,-5.428014227E1
5.085030167E2,-5.315815662E1
5.086089207E2,-5.323077588E1
5.087129623E2,-5.410055142E1
5.088192565E2,-5.294966078E1
5.089255445E2,-5.408686233E1
5.090318298E2,-5.554548937E1
5.091364032E2,-5.455313945E1
5.092422496E2,-5.397536434E1
5.093485267E2,-5.460469156E1
5.094530011E2,-5.573568557E1
5.095539633E2,-5.510427411E1
5.096588668E2,-5.499588453E1
5.097633181E2,-5.388892374E1
5.098689688E2,-5.492591970E1
5.099737645E2,-5.447930098E1
5.100755582E2,-5.383358114E1
5.101816343E2,-5.338027049E1
5.102865333E2,-5.614425219E1
5.103922476E2,-5.386125138E1
5.104985981E2,-5.493749731E1
5.106032485E2,-5.286620066E1
5.107089274E2,-4.809954556E1
5.108129643E2,-4.853623750E1
5.109192925E2,-4.969268562E1
5.110238611E2,-5.332015732E1
5.111255546E2,-4.981141329E1
5.112301642E2,-4.737326095E1
5.113355472E2,-4.835228913E1
5.114373090E2,-4.764557115E1
5.115421364E2,-4.762988571E1
5.116480151E2,-4.871358389E1
5.117532428E2,-4.982723027E1
5.118596708E2,-4.973770997E1
5.119627795E2,-5.041450226E1
5.120638849E2,-5.539142084E1
5.121695041E2,-5.403202896E1
5.122758128E2,-5.517643455E1
5.123783918E2,-5.060240527E1
5.124833612E2,-5.386572331E1
5.125867508E2,-4.857488173E1
5.126932002E2,-4.796353354E1
5.127972010E2,-4.580121896E1
5.129033548E2,-4.439903708E1
5.130096611E2,-4.411028096E1
5.131129691E2,-5.303170760E1
5.132170989E2,-5.609216247E1
5.133199481E2,-5.185333521E1
5.134208847E2,-5.370000286E1
5.135272304E2,-5.329685486E1
5.136335225E2,-5.409547132E1
5.137367345E2,-5.306293189E1
5.138429678E2,-4.947888591E1
5.139492325E2,-4.696585074E1
5.140534233E2,-4.567908836E1
5.141596429E2,-4.625527647E1
5.142614031E2,-4.867670981E1
5.143671616E2,-4.953522792E1
5.144701145E2,-4.051302345E1
5.145763627E2,-5.105764343E1
5.146827015E2,-4.350695084E1
5.147868274E2,-5.345470425E1
5.148929755E2,-5.168139818E1
5.149992697E2,-5.388531445E1
5.151035115E2,-5.467852417E1
5.152096740E2,-5.535932012E1
5.153129388E2,-4.378202785E1
5.154191442E2,-4.630979808E1
5.155202086E2,-4.743705976E1
5.156263899E2,-5.344028409E1
5.157294422E2,-5.511733245E1
5.158304822E2,-4.756168402E1
5.159364192E2,-3.954869834E1
5.160382025E2,-3.838550383E1
5.161429964E2,-4.141810181E1
5.162483635E2,-4.631299612E1
5.163535523E2,-5.050274452E1
5.164596351E2,-5.385133371E1
5.165661412E2,-4.167315724E1
5.166708997E2,-5.240131143E1
5.167763565E2,-5.515601356E1
5.168805510E2,-4.956590796E1
5.169865874E2,-4.563117659E1
5.170928761E2,-4.428983850E1
5.171991828E2,-4.520327776E1
5.173036398E2,-4.857599531E1
5.174097297E2,-4.594092394E1
5.175130599E2,-4.870179486E1
5.176193905E2,-5.366810927E1
5.177255942E2,-4.900738807E1
5.178318920E2,-4.942810418E1
5.179371045E2,-5.364516432E1
5.180429797E2,-5.429401171E1
5.181455657E2,-5.485155585E1
5.182512270E2,-5.447498074E1
5.183537482E2,-5.435586798E1
5.184596371E2,-5.476518598E1
5.185657280E2,-5.474255443E1
5.186705258E2,-5.536256808E1
5.187763063E2,-5.444867409E1
5.188825964E2,-5.571381137E1
5.189871405E2,-5.467013020E1
5.190929320E2,-5.603072541E1
5.191989148E2,-4.652783115E1
5.193038532E2,-4.567779327E1
5.194096942E2,-4.843903417E1
5.195129505E2,-4.930216206E1
5.196191456E2,-4.653457054E1
5.197205547E2,-4.696221584E1
5.198263676E2,-4.754287422E1
5.199278927E2,-5.199676905E1
5.200324502E2,-5.244901385E1
5.201372169E2,-5.403086729E1
5.202428411E2,-5.084337433E1
5.203485868E2,-5.330156041E1
5.204539191E2,-5.528805418E1
5.205561392E2,-5.558914576E1
5.206604930E2,-5.444480886E1
5.207668348E2,-5.552360922E1
5.208706249E2,-5.344864267E1
5.209762810E2,-5.366507631E1
5.210814838E2,-5.625541547E1
5.211872165E2,-5.437971532E1
5.212930220E2,-5.333568826E1
5.213993704E2,-5.454409665E1
5.215040133E2,-5.367775494E1
5.216097383E2,-5.270146919E1
5.217129928E2,-5.532633514E1
5.218153495E2,-5.439809786E1
5.219207430E2,-5.575680461E1
5.220254115E2,-5.457267804E1
5.221263448E2,-4.954737403E1
5.222296999E2,-4.966827723E1
5.223320830E2,-5.549383934E1
5.224373825E2,-5.505370875E1
5.225421198E2,-5.405687435E1
5.226443866E2,-5.626395237E1
5.227501371E2,-5.028164772E1
5.228540701E2,-4.807040624E1
5.229587230E2,-4.711434172E1
5.230596484E2,-4.997744011E1
5.231659166E2,-4.925935123E1
5.232707571E2,-5.333625587E1
5.233762569E2,-4.878630999E1
5.234796887E2,-4.889256815E1
5.235863587E2,-5.259525820E1
5.236882923E2,-5.584467331E1
5.237929636E2,-5.437146798E1
5.238963820E2,-5.285028354E1
5.240026597E2,-5.007151952E1
5.241042233E2,-4.848546516E1
5.242096329E2,-5.328860836E1
5.243130442E2,-5.436445854E1
5.244193758E2,-5.457240447E1
5.245214893E2,-5.480346055E1
5.246262578E2,-5.274389337E1
5.247312006E2,-5.282840385E1
5.248372106E2,-5.579913178E1
5.249383503E2,-5.340342105E1
5.250429343E2,-5.467489674E1
5.251479913E2,-5.408207136E1
5.252538358E2,-5.282784440E1
5.253596328E2,-5.465689171E1
5.254659331E2,-4.992719845E1
5.255710345E2,-4.953607329E1
5.256762926E2,-5.100044207E1
5.257827837E2,-5.226263641E1
5.258877338E2,-4.128416633E1
5.259928632E2,-4.115317759E1
5.260971067E2,-5.411707970E1
5.262034086E2,-4.040104905E1
5.263096465E2,-4.090352644E1
5.264130291E2,-4.174696387E1
5.265150010E2,-4.644671095E1
5.266210606E2,-5.327450717E1
5.267262758E2,-5.347220600E1
5.268288086E2,-5.478367256E1
5.269344837E2,-5.339516268E1
5.270377227E2,-5.337280016E1
5.271429284E2,-5.462231801E1
5.272449558E2,-5.406686904E1
5.273509842E2,-5.324165600E1
5.274544352E2,-5.167731257E1
5.275596183E2,-5.263276217E1
5.276641012E2,-5.516281540E1
5.277667852E2,-4.749681586E1
5.278712112E2,-5.385711562E1
5.279763083E2,-5.477777337E1
5.280797155E2,-5.604008011E1
5.281858621E2,-5.598257343E1
5.282878483E2,-5.495434403E1
5.283929466E2,-5.420524803E1
5.284992798E2,-5.442200186E1
5.286045947E2,-5.397728659E1
5.287096166E2,-5.426091626E1
5.288129574E2,-5.102905685E1
5.289143039E2,-5.050699259E1
5.290198172E2,-5.004548595E1
5.291212590E2,-5.118614311E1
5.292251580E2,-5.414074566E1
5.293262290E2,-4.033484020E1
5.294324826E2,-4.715738938E1
5.295378749E2,-4.364749798E1
5.296429320E2,-4.448657489E1
5.297493543E2,-4.480742050E1
5.298545859E2,-4.838437794E1
5.299596104E2,-5.137665438E1
5.300614892E2,-5.453862758E1
5.301675592E2,-5.409804633E1
5.302713427E2,-5.157891868E1
5.303757434E2,-5.245461801E1
5.304814486E2,-5.339649455E1
5.305876017E2,-4.510987866E1
5.306929321E2,-4.883020440E1
5.307993730E2,-5.065191317E1
5.309047862E2,-4.452656040E1
5.310096918E2,-4.524944077E1
5.311129861E2,-4.801807185E1
5.312192298E2,-5.334989962E1
5.313214615E2,-5.109555620E1
5.314262853E2,-5.011253834E1
5.315326182E2,-5.131145399E1
5.316381185E2,-5.386005252E1
5.317429422E2,-4.797344608E1
5.318485153E2,-4.432650682E1
5.319547869E2,-5.001787617E1
5.320595914E2,-4.485582704E1
5.321621271E2,-4.849973354E1
5.322660019E2,-4.839615171E1
5.323714643E2,-4.715092776E1
5.324761908E2,-5.072633303E1
5.325778526E2,-5.495799742E1
5.326815629E2,-5.358565501E1
5.327875955E2,-5.399457265E1
5.328924365E2,-5.385903559E1
5.329988074E2,-5.207872059E1
5.331049105E2,-5.187006575E1
5.332096532E2,-5.492699020E1
5.333151169E2,-5.350098424E1
5.334211855E2,-5.412845339E1
5.335263752E2,-5.437376913E1
5.336281595E2,-5.490065143E1
5.337336713E2,-5.631560907E1
5.338382436E2,-5.522850322E1
5.339427981E2,-5.445466802E1
5.340486023E2,-5.289437092E1
5.341545033E2,-5.107268122E1
5.342595918E2,-5.354575031E1
5.343658130E2,-5.289286962E1
5.344716168E2,-5.301345608E1
5.345763046E2,-5.307481620E1
5.346826574E2,-5.292834830E1
5.347883508E2,-5.327399772E1
5.348929727E2,-5.622446209E1
5.349994024E2,-5.495305241E1
5.351051093E2,-5.506294846E1
5.352096610E2,-5.409662730E1
5.353129644E2,-5.333837461E1
5.354193365E2,-5.471506787E1
5.355218298E2,-5.222115441E1
5.356262624E2,-5.308799448E1
5.357324833E2,-5.487802297E1
5.358379779E2,-5.571634426E1
5.359427840E2,-5.436287938E1
5.360484758E2,-5.433901923E1
5.361546416E2,-5.368723328E1
5.362595738E2,-5.337685189E1
5.363653692E2,-4.803963178E1
5.364713867E2,-4.576312851E1
5.365762692E2,-4.270235456E1
5.366824429E2,-3.582464564E1
5.367884862E2,-3.442384142E1
5.368912961E2,-5.187896794E1
5.369932299E2,-5.391826393E1
5.370987947E2,-5.448405765E1
5.372047335E2,-5.522894796E1
5.373103852E2,-4.813597041E1
5.374142365E2,-4.572487483E1
5.375205934E2,-3.907162975E1
5.376238927E2,-5.109025252E1
5.377270327E2,-5.331704540E1
5.378332867E2,-4.957641189E1
5.379385925E2,-4.399558517E1
5.380436891E2,-3.486934246E1
5.381500079E2,-3.996742564E1
5.382552884E2,-4.219316431E1
5.383603500E2,-3.432002977E1
5.384637600E2,-4.638757979E1
5.385656947E2,-4.827680218E1
5.386719008E2,-4.169458412E1
5.387770776E2,-3.951912300E1
5.388833558E2,-3.971252876E1
5.389886609E2,-4.151450645E1
5.390937666E2,-3.864557706E1
5.392001064E2,-3.694828480E1
5.393052344E2,-4.882768413E1
5.394104053E2,-5.342798681E1
5.395131102E2,-4.436080526E1
5.396156275E2,-4.555161005E1
5.397216286E2,-4.270267933E1
5.398270305E2,-4.653311875E1
5.399333184E2,-4.616325846E1
5.400387088E2,-4.286055365E1
5.401435405E2,-3.815820588E1
5.402492487E2,-3.523223789E1
5.403554299E2,-3.527360002E1
5.404603443E2,-3.714343842E1
5.405663472E2,-4.146020549E1
5.406721168E2,-3.860331128E1
5.407769962E2,-3.971965296E1
5.408830414E2,-4.109014994E1
5.409888057E2,-4.412553196E1
5.410937602E2,-4.233475789E1
5.412000195E2,-3.814772070E1
5.413055101E2,-3.997133896E1
5.414104108E2,-4.342544886E1
5.415129898E2,-4.355657058E1
5.416193922E2,-4.061381930E1
5.417222412E2,-3.757299024E1
5.418269966E2,-3.561819371E1
5.419333052E2,-3.747518744E1
5.420387940E2,-3.727777094E1
5.421437381E2,-3.576422524E1
5.422500110E2,-3.198308067E1
5.423554432E2,-3.192391099E1
5.424603900E2,-3.541831680E1
5.425667006E2,-3.510490482E1
5.426723206E2,-3.388522551E1
5.427770392E2,-3.772740094E1
5.428832160E2,-3.180742309E1
5.429889617E2,-2.883830669E1
5.430937023E2,-2.937131881E1
5.431994247E2,-2.357064685E1
5.433056652E2,-2.642862323E1
5.434104362E2,-3.102209401E1
5.435130338E2,-4.436026986E1
5.436194257E2,-3.789299803E1
5.437223525E2,-4.110354174E1
5.438270575E2,-3.993438196E1
5.439333028E2,-4.552449848E1
5.440390207E2,-3.907599544E1
5.441434458E2,-4.300047352E1
5.442494982E2,-4.504493435E1
5.443556567E2,-4.320401104E1
5.444604083E2,-4.630952355E1
5.445667742E2,-4.809783886E1
5.446723040E2,-5.453920277E1
5.447770446E2,-5.312821612E1
5.448828367E2,-4.091057955E1
5.449891090E2,-3.522178472E1
5.450937696E2,-3.589295549E1
5.451980149E2,-3.728647191E1
5.453004030E2,-4.218859309E1
5.454058127E2,-5.383826792E1
5.455104201E2,-5.392006044E1
5.456129623E2,-5.400377971E1
5.457192639E2,-4.479097268E1
5.458225415E2,-4.654216845E1
5.459270055E2,-5.358929536E1
5.460333137E2,-4.044690452E1
5.461392649E2,-3.638681122E1
5.462436781E2,-5.477346828E1
5.463454318E2,-5.560827243E1
5.464511084E2,-5.482705659E1
5.465559018E2,-5.427127655E1
5.466603688E2,-5.336292430E1
5.467666412E2,-5.389198767E1
5.468725963E2,-4.822154282E1
5.469769035E2,-4.396641168E1
5.470814334E2,-4.673468640E1
5.471877732E2,-4.591175275E1
5.472926716E2,-4.216848887E1
5.473937170E2,-4.496890526E1
5.475001578E2,-4.146778022E1
5.476059981E2,-4.018873307E1
5.477103877E2,-3.408921512E1
5.478129918E2,-4.271055071E1
5.479176616E2,-4.901853985E1
5.480226758E2,-4.740344813E1
5.481269872E2,-4.481757420E1
5.482329208E2,-5.323409979E1
5.483389971E2,-5.391566661E1
5.484437361E2,-5.448852500E1
5.485488107E2,-5.435667473E1
5.486545018E2,-5.599170098E1
5.487603055E2,-5.344377767E1
5.488660727E2,-5.295558143E1
5.489723530E2,-5.332838195E1
5.490770364E2,-5.470046451E1
5.491833007E2,-5.544572666E1
5.492894512E2,-5.399714260E1
5.493937653E2,-5.599888968E1
5.494997162E2,-5.371184775E1
5.496056632E2,-5.408880323E1
5.497104336E2,-5.433308119E1
5.498129547E2,-5.609352647E1
5.499187855E2,-5.588164967E1
5.500228454E2,-5.283353717E1
5.501270369E2,-4.099801359E1
5.502289263E2,-4.709868144E1
5.503349091E2,-4.775717896E1
5.504394987E2,-4.612637260E1
5.505437086E2,-4.377344680E1
5.506463171E2,-4.992635242E1
5.507526393E2,-3.806367676E1
5.508562212E2,-3.923468299E1
5.509603771E2,-4.623685983E1
5.510637477E2,-4.303635569E1
5.511700190E2,-4.529062674E1
5.512729505E2,-4.127464289E1
5.513770748E2,-4.307665212E1
5.514834079E2,-4.865031211E1
5.515896470E2,-4.608843753E1
5.516937291E2,-4.750251536E1
5.517992990E2,-4.731827106E1
5.519038192E2,-5.005876880E1
5.520063721E2,-5.481734741E1
5.521104019E2,-5.243124946E1
5.522129792E2,-5.432999837E1
5.523199345E2,-5.395782054E1
5.524230513E2,-5.584690997E1
5.525263449E2,-5.526730751E1
5.526270823E2,-5.295825073E1
5.527334032E2,-5.054023282E1
5.528392124E2,-5.574860079E1
5.529430653E2,-5.451503233E1
5.530493365E2,-5.290471146E1
5.531556146E2,-5.558624281E1
5.532603779E2,-5.462138547E1
5.533629017E2,-4.360570193E1
5.534686879E2,-5.193564223E1
5.535730748E2,-5.304812413E1
5.536771275E2,-5.560638746E1
5.537791129E2,-5.523276147E1
5.538813693E2,-5.432599289E1
5.539876675E2,-5.325104819E1
5.540936565E2,-5.157693258E1
5.541999703E2,-4.787519038E1
5.543058847E2,-4.327394290E1
5.544104150E2,-4.168093107E1
5.545130765E2,-4.740416476E1
5.546194788E2,-4.193825312E1
5.547232025E2,-4.240912159E1
5.548270614E2,-4.741641417E1
5.549333494E2,-5.217581966E1
5.550390093E2,-5.446141044E1
5.551436585E2,-5.537671918E1
5.552472534E2,-5.340317360E1
5.553535399E2,-5.445218440E1
5.554565348E2,-5.528763253E1
5.555603849E2,-5.301236787E1
5.556666696E2,-5.489475985E1
5.557726740E2,-5.437286477E1
5.558770764E2,-5.462229461E1
5.559785867E2,-5.537731253E1
5.560837163E2,-5.545497340E1
5.561899683E2,-5.439757376E1
5.562937117E2,-5.593250288E1
5.564001847E2,-5.304089931E1
5.565062091E2,-5.384988651E1
5.566103597E2,-5.379074238E1
5.567129841E2,-5.254187880E1
5.568162255E2,-5.248211946E1
5.569208086E2,-5.391151397E1
5.570233539E2,-5.383341519E1
5.571270065E2,-5.468432942E1
5.572283033E2,-5.282711172E1
5.573340478E2,-5.506378151E1
5.574401044E2,-5.424396909E1
5.575436500E2,-5.599424744E1
5.576497350E2,-5.331413069E1
5.577560725E2,-5.464216044E1
5.578604045E2,-5.577373611E1
5.579668125E2,-5.617825924E1
5.580725702E2,-5.398309177E1
5.581769049E2,-5.352247384E1
5.582826353E2,-5.483101730E1
5.583888741E2,-5.225089085E1
5.584937444E2,-5.440500690E1
5.585997305E2,-5.321643917E1
5.587055543E2,-5.270974559E1
5.588104511E2,-5.387905230E1
5.589129556E2,-5.434611022E1
5.590193151E2,-5.481981111E1
5.591234204E2,-5.414792111E1
5.592270600E2,-5.305933963E1
5.593332955E2,-5.401050945E1
5.594396325E2,-5.433186410E1
5.595437239E2,-5.553461045E1
5.596499601E2,-5.623097584E1
5.597564169E2,-5.449240670E1
5.598603881E2,-5.362790411E1
5.599666807E2,-5.267123128E1
5.600703982E2,-5.476242940E1
5.601742573E2,-5.517992687E1
5.602770913E2,-5.525186311E1
5.603835963E2,-5.285070122E1
5.604898241E2,-5.391854285E1
5.605937433E2,-5.531887061E1
5.607000301E2,-5.506334758E1
5.608030292E2,-5.439602475E1
5.609069824E2,-5.525322208E1
5.610128707E2,-5.463118741E1
5.611187247E2,-5.388174588E1
5.612237333E2,-5.564051065E1
5.613264047E2,-5.490548573E1
5.614290521E2,-5.421130591E1
5.615353746E2,-4.761249411E1
5.616403651E2,-4.944597536E1
5.617436515E2,-5.020360744E1
5.618494183E2,-4.456113080E1
5.619556864E2,-4.872655440E1
5.620603657E2,-5.478822924E1
5.621666838E2,-4.856555464E1
5.622684917E2,-4.777894636E1
5.623738129E2,-4.850658835E1
5.624770635E2,-5.290246863E1
5.625831294E2,-5.466259904E1
5.626894919E2,-5.505226698E1
5.627937196E2,-5.633385532E1
5.629000331E2,-5.484231183E1
5.630019662E2,-5.542325053E1
5.631071808E2,-5.480498361E1
5.632131314E2,-5.672525490E1
5.633175736E2,-5.386262833E1
5.634239322E2,-5.479752252E1
5.635269762E2,-5.431763673E1
5.636327670E2,-5.428617810E1
5.637390799E2,-5.463250420E1
5.638436493E2,-5.438955769E1
5.639496589E2,-5.454323237E1
5.640559014E2,-5.394728140E1
5.641603825E2,-5.464832545E1
5.642620389E2,-5.313442068E1
5.643671781E2,-4.991658078E1
5.644734718E2,-4.369141399E1
5.645793281E2,-4.707765636E1
5.646853558E2,-5.034419674E1
5.647906942E2,-5.129515201E1
5.648936786E2,-5.467026183E1
5.650000160E2,-5.404472401E1
5.651062559E2,-5.493807081E1
5.652104496E2,-5.286504809E1
5.653129735E2,-5.414941434E1
5.654193779E2,-5.195184692E1
5.655239141E2,-5.284488973E1
5.656270655E2,-5.255256127E1
5.657287650E2,-5.481081158E1
5.658336994E2,-5.379723835E1
5.659374541E2,-5.307390916E1
5.660406470E2,-5.567957265E1
5.661436167E2,-5.491412670E1
5.662476960E2,-5.550051532E1
5.663538506E2,-5.355526063E1
5.664574520E2,-5.485979503E1
5.665603761E2,-5.450753370E1
5.666666660E2,-5.408513947E1
5.667726631E2,-5.354049543E1
5.668770611E2,-5.427086745E1
5.669832818E2,-5.543899813E1
5.670894939E2,-5.427759330E1
5.671937315E2,-4.997461711E1
5.672987528E2,-4.599336143E1
5.674052253E2,-4.887799065E1
5.675104148E2,-5.329739783E1
5.676129547E2,-5.071889718E1
5.677192765E2,-5.083080851E1
5.678241388E2,-5.336400445E1
5.679266676E2,-5.406226161E1
5.680322045E2,-5.480798301E1
5.681379650E2,-5.269205278E1
5.682437032E2,-4.728456405E1
5.683499912E2,-5.599426102E1
5.684534860E2,-5.521497688E1
5.685575806E2,-5.512495211E1
5.686603810E2,-5.399125030E1
5.687666693E2,-5.521731676E1
5.688729854E2,-5.455270671E1
5.689770526E2,-5.402498741E1
5.690809225E2,-5.456393319E1
5.691868685E2,-5.501165745E1
5.692909638E2,-5.428687456E1
5.693937487E2,-5.360863635E1
5.694971405E2,-5.380609442E1
5.696034454E2,-5.259933369E1
5.697076705E2,-5.336020140E1
5.698130512E2,-5.155759061E1
5.699192665E2,-4.639823983E1
5.700244233E2,-4.711296984E1
5.701270258E2,-4.666224860E1
5.702331213E2,-4.682098819E1
5.703394198E2,-4.836792430E1
5.704437168E2,-5.230806119E1
5.705464725E2,-5.219092151E1
5.706523445E2,-5.378120674E1
5.707578406E2,-5.201650728E1
5.708602965E2,-5.540377027E1
5.709663730E2,-5.315938245E1
5.710726315E2,-5.465249880E1
5.711770856E2,-5.258641644E1
5.712835250E2,-5.397893461E1
5.713852825E2,-4.797323339E1
5.714906902E2,-4.992158542E1
5.715937295E2,-5.141719173E1
5.716999181E2,-5.264679889E1
5.718056996E2,-5.269443241E1
5.719103652E2,-5.185187138E1
5.720129900E2,-5.453818665E1
5.721193143E2,-5.340221732E1
5.722244738E2,-5.326616174E1
5.723270701E2,-5.424529215E1
5.724329660E2,-5.341118228E1
5.725377095E2,-5.421629664E1
5.726436782E2,-5.302186137E1
5.727500508E2,-5.372912487E1
5.728524568E2,-5.513796729E1
5.729578650E2,-5.531964692E1
5.730603703E2,-5.235540699E1
5.731666193E2,-5.432698765E1
5.732728835E2,-5.421749500E1
5.733770948E2,-5.498393151E1
5.734822555E2,-5.451131423E1
5.735885081E2,-5.538371102E1
5.736931742E2,-5.222932854E1
5.737989405E2,-5.206837100E1
5.739052540E2,-5.294688285E1
5.740099763E2,-5.390016191E1
5.741127348E2,-5.370439821E1
5.742190017E2,-5.362151233E1
5.743247043E2,-5.332056664E1
5.744269982E2,-5.292461854E1
5.745306984E2,-5.356330139E1
5.746341957E2,-5.346831455E1
5.747405260E2,-5.244738686E1
5.748437189E2,-5.217483738E1
5.749456721E2,-5.042570971E1
5.750519448E2,-4.986332612E1
5.751581183E2,-5.083864947E1
5.752604306E2,-5.091011099E1
5.753667742E2,-5.171725557E1
5.754730830E2,-5.183872650E1
5.755770878E2,-5.148577617E1
5.756803704E2,-5.189940247E1
5.757866711E2,-5.203506746E1
5.758914400E2,-5.036857114E1
5.759936861E2,-5.144738387E1
5.760988914E2,-4.947931456E1
5.762033099E2,-5.126349433E1
5.763081657E2,-5.051782098E1
5.764129277E2,-5.121480792E1
5.765189212E2,-5.244252554E1
5.766248661E2,-5.183927468E1
5.767270977E2,-5.055524959E1
5.768314343E2,-5.144169904E1
5.769376559E2,-5.100998408E1
5.770416410E2,-5.080838883E1
5.771436528E2,-5.140263748E1
5.772499228E2,-5.244023370E1
5.773548500E2,-5.208031975E1
5.774603372E2,-5.139467087E1
5.775638582E2,-5.194670083E1
5.776674969E2,-5.153199804E1
5.777738396E2,-5.187571924E1
5.778770209E2,-5.212546901E1
5.779791890E2,-5.065561985E1
5.780848155E2,-5.306247548E1
5.781909763E2,-5.179749546E1
5.782937644E2,-5.215617328E1
5.784002445E2,-5.273889456E1
5.785065494E2,-5.331073519E1
5.786103928E2,-5.300024811E1
5.787130139E2,-5.312914410E1
5.788195354E2,-5.473126995E1
5.789249960E2,-5.237967902E1
5.790291543E2,-5.269401072E1
5.791351675E2,-5.401882185E1
5.792412888E2,-5.400823667E1
5.793437492E2,-5.249110921E1
5.794501825E2,-5.288403071E1
5.795532330E2,-5.237903490E1
5.796584335E2,-5.300125173E1
5.797603713E2,-5.202702650E1
5.798649485E2,-5.178699843E1
5.799709503E2,-5.059530828E1
5.800770312E2,-5.251852220E1
5.801787307E2,-5.210409577E1
5.802850398E2,-5.211879585E1
5.803913918E2,-5.174532301E1
5.804963542E2,-5.191225982E1
5.806026080E2,-4.429093499E1
5.807085453E2,-4.159055760E1
5.808130136E2,-3.996789269E1
5.809193094E2,-4.025342039E1
5.810250795E2,-5.033223158E1
5.811269892E2,-4.255393464E1
5.812333091E2,-4.629455595E1
5.813390790E2,-4.455443951E1
5.814435797E2,-4.360497433E1
5.815472843E2,-4.732469080E1
5.816535160E2,-4.539860180E1
5.817585625E2,-4.022668070E1
5.818647965E2,-4.453573307E1
5.819671900E2,-4.350869427E1
5.820718394E2,-5.081651735E1
5.821760577E2,-5.001206683E1
5.822822205E2,-5.251339362E1
5.823857036E2,-5.321204832E1
5.824919516E2,-5.224214955E1
5.825939129E2,-5.330926071E1
5.827000419E2,-5.353460131E1
5.828019812E2,-5.429689158E1
5.829081920E2,-5.258283167E1
5.830129706E2,-5.336165562E1
5.831191075E2,-5.327798727E1
5.832248375E2,-5.420953124E1
5.833312269E2,-5.204295180E1
5.834332875E2,-5.059577097E1
5.835343849E2,-5.162330201E1
5.836370446E2,-5.240983710E1
5.837420436E2,-5.353289394E1
5.838482763E2,-5.255255869E1
5.839546295E2,-5.227603762E1
5.840595269E2,-5.297258623E1
5.841658356E2,-5.125989284E1
5.842671791E2,-5.182196117E1
5.843681628E2,-5.334783543E1
5.844745715E2,-5.258852470E1
5.845762732E2,-5.203676855E1
5.846826262E2,-4.898575424E1
5.847889481E2,-5.369125903E1
5.848930029E2,-5.429482233E1
5.849979868E2,-5.419391444E1
5.851042847E2,-5.429973439E1
5.852096666E2,-5.455599706E1
5.853131543E2,-5.382829415E1
5.854196185E2,-5.387984381E1
5.855255402E2,-5.471198773E1
5.856318763E2,-5.438445646E1
5.857381512E2,-5.183053805E1
5.858437443E2,-5.031570976E1
5.859500727E2,-5.323629331E1
5.860563269E2,-5.427222386E1
5.861595987E2,-5.410506191E1
5.862653559E2,-5.121113508E1
5.863717176E2,-5.076995962E1
5.864764538E2,-5.270745972E1
5.865814563E2,-5.297189553E1
5.866856785E2,-5.250269630E1
5.867898212E2,-5.272073601E1
5.868931270E2,-5.154001384E1
5.869950523E2,-5.158806128E1
5.871010522E2,-5.276708688E1
5.872073050E2,-5.183339755E1
5.873129227E2,-5.230884714E1
5.874189080E2,-5.138502909E1
5.875243707E2,-5.318577891E1
5.876271898E2,-5.171052719E1
5.877335365E2,-4.964849997E1
5.878397339E2,-5.240510942E1
5.879423962E2,-5.471275678E1
5.880486081E2,-5.547584306E1
5.881517943E2,-5.198350062E1
5.882573946E2,-5.347941533E1
5.883602542E2,-5.345217521E1
5.884658112E2,-5.446524300E1
5.885694673E2,-5.363402789E1
5.886756404E2,-5.265754914E1
5.887797186E2,-5.151536498E1
5.888858230E2,-4.870686513E1
5.889918596E2,-5.203551832E1
5.890928062E2,-5.344433809E1
5.891988952E2,-5.213395048E1
5.893052707E2,-5.259936302E1
5.894099088E2,-5.284296428E1
5.895130014E2,-5.243577235E1
5.896177225E2,-5.247394793E1
5.897239457E2,-5.329593968E1
5.898266332E2,-5.295849512E1
5.899328666E2,-5.344709264E1
5.900384331E2,-5.548477157E1
5.901433404E2,-5.436605278E1
5.902461684E2,-5.389474319E1
5.903519780E2,-5.371937567E1
5.904582541E2,-5.309818447E1
5.905600157E2,-5.402861477E1
5.906656670E2,-5.328639531E1
5.907719854E2,-5.439445229E1
5.908767859E2,-5.296676251E1
5.909828251E2,-5.344068887E1
5.910890929E2,-5.376528275E1
5.911934558E2,-5.326179125E1
5.912996652E2,-5.475481067E1
5.914061250E2,-5.328319818E1
5.915101573E2,-5.068951163E1
5.916129917E2,-5.110588107E1
5.917193148E2,-5.262302612E1
5.918253983E2,-5.475690828E1
5.919267729E2,-5.392116940E1
5.920330360E2,-5.493893735E1
5.921373867E2,-5.222846974E1
5.922427302E2,-5.233389185E1
5.923490248E2,-5.201442525E1
5.924550489E2,-5.339822967E1
5.925594225E2,-5.242103210E1
5.926629915E2,-5.319290603E1
5.927687740E2,-5.293664404E1
5.928750170E2,-5.351171962E1
5.929768644E2,-5.253837292E1
5.930786154E2,-5.153921143E1
5.931808080E2,-5.216533906E1
5.932848859E2,-5.081425883E1
5.933894538E2,-5.249641231E1
5.934928022E2,-5.265059236E1
5.935963975E2,-5.319508859E1
5.936993377E2,-5.326449983E1
5.938056263E2,-5.307614500E1
5.939094237E2,-5.465410022E1
5.940129848E2,-5.410486095E1
5.941192749E2,-5.333081233E1
5.942230152E2,-5.108209702E1
5.943262353E2,-5.244217334E1
5.944325941E2,-4.950770068E1
5.945388801E2,-5.307716646E1
5.946428923E2,-5.367957627E1
5.947491910E2,-5.286134869E1
5.948554445E2,-5.328797528E1
5.949595838E2,-5.426570583E1
5.950659108E2,-5.468152736E1
5.951721915E2,-5.440497620E1
5.952763356E2,-5.324535815E1
5.953827874E2,-5.340711192E1
5.954890746E2,-5.179797551E1
5.955929867E2,-5.269616242E1
5.956992683E2,-4.925501217E1
5.958056400E2,-5.070801585E1
5.959097153E2,-5.137726461E1
5.960129811E2,-5.194995612E1
5.961192701E2,-5.401462817E1
5.962257343E2,-5.182920308E1
5.963303531E2,-5.252308941E1
5.964366805E2,-5.039552743E1
5.965425932E2,-5.151777716E1
5.966488730E2,-5.260359276E1
5.967504661E2,-5.387222978E1
5.968522041E2,-5.425126006E1
5.969584514E2,-5.437169286E1
5.970597212E2,-5.337156215E1
5.971660115E2,-5.355520024E1
5.972723702E2,-5.364158458E1
5.973764282E2,-5.520725411E1
5.974827934E2,-5.240854091E1
5.975854850E2,-4.968343569E1
5.976912426E2,-5.130436992E1
5.977931119E2,-5.273772771E1
5.978968514E2,-5.012351342E1
5.980019683E2,-5.011626088E1
5.981036365E2,-5.176415871E1
5.982093853E2,-5.110594087E1
5.983150968E2,-5.224519967E1
5.984213876E2,-5.196627294E1
5.985264907E2,-5.131179266E1
5.986327946E2,-5.138007172E1
5.987383659E2,-5.100581256E1
5.988431931E2,-5.145909177E1
5.989490905E2,-5.324136304E1
5.990551394E2,-5.365109916E1
5.991599093E2,-5.397394796E1
5.992619950E2,-5.362124226E1
5.993663054E2,-5.267920482E1
5.994725368E2,-5.288447269E1
5.995766459E2,-5.356280290E1
5.996830135E2,-5.516554746E1
5.997846878E2,-5.289995946E1
5.998894292E2,-4.995582910E1
5.999932891E2,-4.020336631E1
6.000997886E2,-4.133402238E1
6.002060031E2,-4.007560792E1
6.003099810E2,-3.914956438E1
6.004130302E2,-4.138681201E1
6.005189398E2,-4.410131732E1
6.006213472E2,-4.089489552E1
6.007266665E2,-4.212892671E1
6.008329165E2,-4.842365379E1
6.009370787E2,-4.519588831E1
6.010433759E2,-5.002894230E1
6.011497615E2,-4.764405613E1
6.012537238E2,-5.004996083E1
6.013599931E2,-5.295388972E1
6.014638102E2,-5.197673231E1
6.015701591E2,-5.126873471E1
6.016762577E2,-5.064548141E1
6.017775483E2,-5.116247600E1
6.018834535E2,-5.080488696E1
6.019887415E2,-5.093652525E1
6.020935620E2,-5.133431988E1
6.021998747E2,-5.124274960E1
6.023049321E2,-5.163422605E1
6.024101594E2,-5.153474711E1
6.025128942E2,-5.133593638E1
6.026192453E2,-5.076685134E1
6.027254797E2,-5.301556292E1
6.028268190E2,-5.215691830E1
6.029309343E2,-5.263806775E1
6.030365805E2,-5.129650389E1
6.031411726E2,-5.255889795E1
6.032435854E2,-5.334080447E1
6.033495515E2,-5.302420234E1
6.034558054E2,-4.222251798E1
6.035602894E2,-4.241718815E1
6.036666236E2,-4.692242118E1
6.037728886E2,-5.231515804E1
6.038769640E2,-4.603647885E1
6.039834045E2,-4.097216230E1
6.040855474E2,-4.718036661E1
6.041912732E2,-4.005391235E1
6.042936821E2,-4.304065171E1
6.043986405E2,-4.833169101E1
6.045044019E2,-5.172717840E1
6.046103097E2,-5.406922920E1
6.047129533E2,-5.258129882E1
6.048192610E2,-5.397309185E1
6.049255060E2,-5.484530951E1
6.050269833E2,-5.391576430E1
6.051325938E2,-5.435768056E1
6.052388521E2,-5.563906289E1
6.053437728E2,-5.452720661E1
6.054501309E2,-5.258212752E1
6.055558533E2,-4.972566631E1
6.056603922E2,-5.161447823E1
6.057667039E2,-5.320188166E1
6.058729221E2,-4.993018188E1
6.059770546E2,-5.080261477E1
6.060832908E2,-5.378285435E1
6.061873119E2,-5.301430838E1
6.062931972E2,-5.271710129E1
6.063996214E2,-5.414122062E1
6.065026130E2,-4.491919745E1
6.066042605E2,-4.037257288E1
6.067104628E2,-4.372900304E1
6.068129847E2,-4.688967967E1
6.069192792E2,-5.431405113E1
6.070255369E2,-5.487860068E1
6.071271984E2,-4.892862185E1
6.072328757E2,-4.725256083E1
6.073356130E2,-5.038811790E1
6.074418760E2,-5.073723368E1
6.075438628E2,-5.245643136E1
6.076502093E2,-5.166273683E1
6.077565380E2,-5.432311541E1
6.078605380E2,-5.363349551E1
6.079632528E2,-5.356589456E1
6.080688820E2,-5.155581226E1
6.081752062E2,-5.353074736E1
6.082772922E2,-5.378465692E1
6.083831876E2,-3.039843609E1
6.084870869E2,-2.848260998E1
6.085924235E2,-3.344129270E1
6.086939822E2,-3.606041206E1
6.087992181E2,-3.597292558E1
6.089021510E2,-4.074569778E1
6.090084718E2,-4.152192785E1
6.091130309E2,-4.552722558E1
6.092193701E2,-5.162819709E1
6.093258353E2,-5.028691133E1
6.094273433E2,-3.252468381E1
6.095336705E2,-3.561965703E1
6.096392837E2,-3.559907266E1
6.097440207E2,-3.997631574E1
6.098470404E2,-3.999134332E1
6.099527207E2,-3.446938460E1
6.100589825E2,-3.684067739E1
6.101606415E2,-4.151114076E1
6.102614840E2,-4.794238410E1
6.103678467E2,-4.314929286E1
6.104703845E2,-4.458713911E1
6.105762337E2,-4.276307154E1
6.106782017E2,-4.632614543E1
6.107844474E2,-5.210549696E1
6.108904637E2,-5.207017085E1
6.109941156E2,-5.412949331E1
6.111004233E2,-5.173931964E1
6.112067972E2,-5.190024710E1
6.113128960E2,-5.330998331E1
6.114174572E2,-5.307433060E1
6.115237375E2,-5.390627919E1
6.116273686E2,-5.257369938E1
6.117303616E2,-5.166564259E1
6.118366289E2,-5.335249442E1
6.119411051E2,-5.486194624E1
6.120441671E2,-5.374960942E1
6.121505254E2,-5.350015830E1
6.122526316E2,-5.342600304E1
6.123586682E2,-5.515024900E1
6.124608980E2,-5.277266011E1
6.125656101E2,-5.252702237E1
6.126718823E2,-5.501531005E1
6.127776043E2,-5.337347835E1
6.128839355E2,-5.346245287E1
6.129903571E2,-5.369669904E1
6.130942307E2,-5.509974745E1
6.131951457E2,-5.358386583E1
6.133015674E2,-5.587219642E1
6.134078201E2,-5.341555322E1
6.135129685E2,-5.401890675E1
6.136192308E2,-5.386661874E1
6.137255496E2,-5.586266045E1
6.138276924E2,-5.380098941E1
6.139340393E2,-5.561940469E1
6.140403407E2,-5.505983112E1
6.141443603E2,-5.411161203E1
6.142503382E2,-5.421079857E1
6.143524960E2,-5.634119739E1
6.144581126E2,-5.567505070E1
6.145610995E2,-5.404131862E1
6.146672855E2,-5.366052581E1
6.147729087E2,-5.364637070E1
6.148777955E2,-5.511247538E1
6.149836425E2,-5.483140166E1
6.150897155E2,-5.533548956E1
6.151945556E2,-5.501762852E1
6.153008927E2,-5.437304611E1
6.154067471E2,-5.584889536E1
6.155119720E2,-5.595045454E1
6.156148648E2,-5.696358155E1
6.157204798E2,-5.453246102E1
6.158267507E2,-5.496954811E1
6.159304744E2,-5.363860204E1
6.160369720E2,-5.413892249E1
6.161432540E2,-5.445903056E1
6.162445268E2,-5.501709891E1
6.163508075E2,-5.753313564E1
6.164550112E2,-5.655231324E1
6.165608159E2,-5.623828210E1
6.166671529E2,-5.495230395E1
6.167733868E2,-5.417739801E1
6.168779162E2,-4.394631447E1
6.169842287E2,-4.123756326E1
6.170876905E2,-5.180588101E1
6.171914175E2,-3.655076097E1
6.172946177E2,-3.773120491E1
6.174009917E2,-3.458686182E1
6.175045877E2,-4.488510264E1
6.176108095E2,-3.788686090E1
6.177171143E2,-3.502637840E1
6.178193185E2,-4.172967657E1
6.179231850E2,-4.326697726E1
6.180280095E2,-4.547627934E1
6.181311445E2,-5.336228507E1
6.182375068E2,-5.481707429E1
6.183438597E2,-5.326331344E1
6.184480804E2,-4.855431288E1
6.185544058E2,-3.574851157E1
6.186606364E2,-3.969573093E1
6.187650139E2,-4.101550632E1
6.188704863E2,-4.644937994E1
6.189740355E2,-4.779816827E1
6.190779832E2,-5.033677884E1
6.191789385E2,-5.148490664E1
6.192853863E2,-5.347946852E1
6.193916267E2,-5.363876213E1
6.194947882E2,-4.693513226E1
6.195985021E2,-4.460167582E1
6.197021074E2,-4.808996619E1
6.198037261E2,-4.453201740E1
6.199100316E2,-4.668456851E1
6.200123121E2,-4.456966089E1
6.201186641E2,-4.669583312E1
6.202249384E2,-4.831609524E1
6.203295905E2,-4.326636507E1
6.204358845E2,-4.023944845E1
6.205422019E2,-4.338044360E1
6.206448653E2,-4.789973047E1
6.207512089E2,-5.389079524E1
6.208541787E2,-4.865841533E1
6.209575738E2,-5.198824481E1
6.210615949E2,-5.119043360E1
6.211679290E2,-5.077318401E1
6.212740203E2,-4.980007449E1
6.213782467E2,-3.594737576E1
6.214835698E2,-3.493115369E1
6.215892344E2,-3.653988501E1
6.216949375E2,-4.140964648E1
6.217991381E2,-4.936403328E1
6.219048575E2,-5.412161525E1
6.220111470E2,-5.400434649E1
6.221173745E2,-5.581885255E1
6.222232211E2,-5.408681339E1
6.223282951E2,-4.077959507E1
6.224345789E2,-3.460076928E1
6.225409157E2,-4.125944096E1
6.226450039E2,-4.558796903E1
6.227513348E2,-4.554051354E1
6.228576340E2,-4.219410021E1
6.229616698E2,-4.160741514E1
6.230665993E2,-4.652890112E1
6.231723938E2,-3.806689282E1
6.232783834E2,-3.656584092E1
6.233839252E2,-3.928287391E1
6.234903140E2,-4.080352022E1
6.235951464E2,-3.828495758E1
6.237003302E2,-4.942466093E1
6.238066231E2,-3.903074958E1
6.239116650E2,-4.259873322E1
6.240126270E2,-4.521771039E1
6.241192010E2,-5.089885633E1
6.242255242E2,-4.572412295E1
6.243284975E2,-4.953875237E1
6.244347633E2,-5.252046881E1
6.245398834E2,-4.137796429E1
6.246451476E2,-4.370944482E1
6.247514016E2,-4.061391106E1
6.248563391E2,-4.004618678E1
6.249618502E2,-3.928712068E1
6.250680233E2,-4.585104196E1
6.251739809E2,-4.151772012E1
6.252785535E2,-4.394122986E1
6.253798437E2,-4.942015481E1
6.254856765E2,-4.580602922E1
6.255903815E2,-4.443944803E1
6.256952009E2,-4.986798358E1
6.258011882E2,-5.450070867E1
6.259075020E2,-5.552841763E1
6.260119845E2,-5.490966896E1
6.261164736E2,-5.357407764E1
6.262232883E2,-5.181731915E1
6.263285920E2,-5.058545855E1
6.264294017E2,-4.814072609E1
6.265357409E2,-5.363368352E1
6.266418419E2,-5.366970194E1
6.267452935E2,-5.469017467E1
6.268503629E2,-5.464764475E1
6.269545732E2,-5.491788795E1
6.270603915E2,-5.300915770E1
6.271621137E2,-5.591517276E1
6.272684895E2,-5.364428071E1
6.273748505E2,-5.459788956E1
6.274786785E2,-5.463244027E1
6.275799962E2,-5.537027901E1
6.276863645E2,-5.469939387E1
6.277926751E2,-5.553746797E1
6.278954747E2,-5.460297198E1
6.280019566E2,-5.459368164E1
6.281082599E2,-5.437891010E1
6.282121699E2,-5.407222124E1
6.283151275E2,-5.313785007E1
6.284201934E2,-5.351216648E1
6.285247065E2,-5.379787950E1
6.286287681E2,-5.412127979E1
6.287322507E2,-5.279156364E1
6.288377452E2,-5.512163410E1
6.289440525E2,-5.427964002E1
6.290453368E2,-5.416151286E1
6.291463426E2,-5.358208685E1
6.292502220E2,-5.432559513E1
6.293549531E2,-5.499037989E1
6.294609193E2,-5.503585852E1
6.295629765E2,-5.295596350E1
6.296690466E2,-5.307412171E1
6.297750645E2,-5.465259288E1
6.298789362E2,-5.437889934E1
6.299851597E2,-5.453180627E1
6.300886167E2,-5.485416896E1
6.301950351E2,-5.434074151E1
6.302963742E2,-5.636783033E1
6.304027102E2,-5.383253301E1
6.305089629E2,-5.410591030E1
6.306123403E2,-5.584637378E1
6.307186896E2,-5.408173839E1
6.308226592E2,-5.544255164E1
6.309285737E2,-5.506877592E1
6.310297957E2,-5.650522720E1
6.311327041E2,-5.524107664E1
6.312370072E2,-5.481629156E1
6.313394428E2,-5.506466588E1
6.314452733E2,-5.546591371E1
6.315516130E2,-5.328623977E1
6.316535903E2,-5.227247847E1
6.317592797E2,-5.642495124E1
6.318623528E2,-5.526595917E1
6.319644393E2,-5.396952350E1
6.320672741E2,-5.472501495E1
6.321703798E2,-5.527754499E1
6.322750012E2,-5.500245161E1
6.323790735E2,-5.523681435E1
6.324854050E2,-5.550097771E1
6.325916688E2,-5.090314423E1
6.326957693E2,-4.861816071E1
6.327974115E2,-5.146078197E1
6.329038520E2,-5.049918377E1
6.330101451E2,-5.133006275E1
6.331125760E2,-4.938993199E1
6.332169380E2,-4.817089232E1
6.333232469E2,-4.860979422E1
6.334291522E2,-5.337212508E1
6.335355008E2,-4.769729612E1
6.336417915E2,-5.193634451E1
6.337458472E2,-5.251926594E1
6.338496418E2,-4.999956894E1
6.339557721E2,-5.054493260E1
6.340603187E2,-5.552901654E1
6.341625518E2,-5.334650288E1
6.342688720E2,-5.212045079E1
6.343740585E2,-5.252169253E1
6.344792119E2,-5.511555646E1
6.345855659E2,-5.387587173E1
6.346903767E2,-5.444345936E1
6.347959155E2,-5.387215466E1
6.349003327E2,-5.459814710E1
6.350066956E2,-5.308984090E1
6.351127387E2,-5.403560794E1
6.352190984E2,-5.278391521E1
6.353253583E2,-5.028740380E1
6.354293117E2,-4.833118199E1
6.355301199E2,-4.505805584E1
6.356365628E2,-5.022450027E1
6.357427953E2,-4.847994518E1
6.358460240E2,-5.208941661E1
6.359486462E2,-5.321824746E1
6.360544390E2,-5.425686556E1
6.361607908E2,-5.350374402E1
6.362626782E2,-5.386300949E1
6.363634804E2,-5.293112775E1
6.364698214E2,-5.412391053E1
6.365752835E2,-5.397882463E1
6.366794072E2,-5.603170592E1
6.367857786E2,-5.522244527E1
6.368911958E2,-5.527652598E1
6.369961069E2,-5.605757714E1
6.371024647E2,-5.410689935E1
6.372088102E2,-5.468276074E1
6.373128445E2,-5.514067268E1
6.374143090E2,-5.320742225E1
6.375163155E2,-5.480751450E1
6.376226696E2,-5.508244343E1
6.377290018E2,-5.645472353E1
6.378353452E2,-5.511114056E1
6.379411124E2,-5.309356059E1
6.380460455E2,-5.066422640E1
6.381469918E2,-5.387883757E1
6.382533181E2,-5.343379162E1
6.383595562E2,-4.862645617E1
6.384636650E2,-4.907746297E1
6.385699734E2,-4.887293008E1
6.386762465E2,-5.130155451E1
6.387795711E2,-5.570390844E1
6.388859347E2,-5.171641313E1
6.389911642E2,-5.413883196E1
6.390963274E2,-5.095750448E1
6.392026930E2,-4.863251702E1
6.393089008E2,-5.046972708E1
6.394129962E2,-5.042791774E1
6.395193961E2,-5.180322889E1
6.396236759E2,-5.577951143E1
6.397292076E2,-5.421181250E1
6.398357264E2,-5.352412917E1
6.399385978E2,-4.985452235E1
6.400446201E2,-5.475993911E1
6.401463012E2,-4.998850675E1
6.402478680E2,-5.247943172E1
6.403541318E2,-5.210094592E1
6.404604242E2,-5.229038487E1
6.405630405E2,-5.220686493E1
6.406693838E2,-4.965823858E1
6.407738011E2,-5.173324851E1
6.408797429E2,-5.266193490E1
6.409860887E2,-5.477935536E1
6.410890027E2,-5.447303902E1
6.411948462E2,-5.491839216E1
6.412964712E2,-5.368955016E1
6.414011713E2,-5.256223513E1
6.415068911E2,-5.493026093E1
6.416131836E2,-5.629386600E1
6.417194465E2,-5.494661549E1
6.418215288E2,-5.556871086E1
6.419281382E2,-5.167127632E1
6.420301728E2,-5.476542002E1
6.421336562E2,-5.496875368E1
6.422393181E2,-5.559944989E1
6.423455607E2,-5.463872633E1
6.424472770E2,-5.355377294E1
6.425536699E2,-5.474264119E1
6.426594246E2,-5.424501537E1
6.427632162E2,-5.333143303E1
6.428650685E2,-5.556142979E1
6.429707443E2,-5.437849740E1
6.430771065E2,-5.682657859E1
6.431798005E2,-5.515291671E1
6.432806820E2,-5.595098129E1
6.433869877E2,-5.546496112E1
6.434908249E2,-5.042273223E1
6.435961790E2,-5.155096727E1
6.437025362E2,-4.889311688E1
6.438088069E2,-5.125691163E1
6.439132992E2,-5.054001075E1
6.440164264E2,-4.672202560E1
6.441227167E2,-5.403111252E1
6.442290595E2,-4.793678186E1
6.443299680E2,-4.806637206E1
6.444362892E2,-5.372245410E1
6.445425657E2,-4.846975736E1
6.446465313E2,-5.022977123E1
6.447474273E2,-4.967654835E1
6.448536764E2,-4.972937426E1
6.449569557E2,-5.000986433E1
6.450630222E2,-5.243317632E1
6.451669676E2,-5.320653049E1
6.452732073E2,-5.370971010E1
6.453788270E2,-5.479001961E1
6.454808398E2,-5.520591434E1
6.455839845E2,-5.464451416E1
6.456897797E2,-5.556927054E1
6.457961320E2,-5.493952128E1
6.458999089E2,-5.398686891E1
6.460062720E2,-5.377682088E1
6.461096433E2,-5.552298698E1
6.462135574E2,-5.481996148E1
6.463199035E2,-5.535789390E1
6.464225450E2,-5.355048558E1
6.465283631E2,-5.416255402E1
6.466301746E2,-5.613130596E1
6.467309924E2,-5.523451448E1
6.468349610E2,-5.346748042E1
6.469412173E2,-5.351099362E1
6.470469125E2,-5.359363685E1
6.471503293E2,-5.382247669E1
6.472566475E2,-5.413758813E1
6.473629397E2,-5.450598594E1
6.474643264E2,-5.540778421E1
6.475704164E2,-4.829403130E1
6.476766688E2,-5.316319281E1
6.477803115E2,-4.944643266E1
6.478866428E2,-4.715632273E1
6.479902855E2,-4.728827329E1
6.480961188E2,-5.112129039E1
6.482004331E2,-5.389199910E1
6.483068247E2,-5.323741115E1
6.484130208E2,-5.132323015E1
6.485144121E2,-4.939621417E1
6.486158000E2,-5.292957365E1
6.487220741E2,-5.146853482E1
6.488281210E2,-4.988942773E1
6.489303482E2,-5.379198620E1
6.490366871E2,-5.143047902E1
6.491430638E2,-5.363885217E1
6.492470168E2,-5.574107927E1
6.493483038E2,-5.268968251E1
6.494540931E2,-5.382389421E1
6.495560143E2,-5.351108450E1
6.496622979E2,-5.467820816E1
6.497637753E2,-5.429825007E1
6.498699395E2,-5.489016569E1
6.499757347E2,-5.448400475E1
6.500804320E2,-5.390605797E1
6.501842647E2,-5.549615569E1
6.502857285E2,-5.384492114E1
6.503897594E2,-5.499584626E1
6.504961102E2,-5.541756548E1
6.506005355E2,-5.344999941E1
6.507061743E2,-5.496414612E1
6.508124570E2,-5.412594423E1
6.509137880E2,-5.617845426E1
6.510154750E2,-5.484744599E1
6.511212619E2,-5.549771851E1
6.512276790E2,-5.554526476E1
6.513303939E2,-5.587217530E1
6.514360873E2,-5.465338903E1
6.515424035E2,-5.317669390E1
6.516471677E2,-5.461839628E1
6.517532594E2,-5.545705987E1
6.518595890E2,-5.432250846E1
6.519639087E2,-5.506867775E1
6.520701814E2,-5.543107222E1
6.521765133E2,-5.407977756E1
6.522805557E2,-5.525483631E1
6.523865618E2,-5.479812594E1
6.524928530E2,-5.410050357E1
6.525972215E2,-5.527901657E1
6.526980798E2,-5.626656452E1
6.528044425E2,-5.724953516E1
6.529106785E2,-5.496568094E1
6.530140608E2,-5.365877711E1
6.531204810E2,-5.483363452E1
6.532240475E2,-5.586254592E1
6.533302573E2,-5.613869838E1
6.534314409E2,-5.307966024E1
6.535376881E2,-5.450347560E1
6.536435923E2,-5.459871942E1
6.537473521E2,-5.344965473E1
6.538536965E2,-5.475551040E1
6.539599630E2,-5.381813077E1
6.540641391E2,-5.541739321E1
6.541701681E2,-5.713882298E1
6.542758115E2,-5.543720511E1
6.543807265E2,-5.468071922E1
6.544833094E2,-5.451178587E1
6.545889215E2,-5.473720599E1
6.546951997E2,-5.492889604E1
6.547981577E2,-5.512153890E1
6.549038685E2,-5.265444256E1
6.550103008E2,-5.515665192E1
6.551148889E2,-5.685256283E1
6.552207129E2,-5.509090065E1
6.553270557E2,-5.558541095E1
6.554308033E2,-5.553027933E1
6.555316019E2,-5.392431707E1
6.556378997E2,-5.599385433E1
6.557441980E2,-5.508537245E1
6.558475170E2,-5.686868450E1
6.559531113E2,-5.350656976E1
6.560588744E2,-5.410192626E1
6.561642232E2,-5.519240430E1
6.562705439E2,-5.486532458E1
6.563767727E2,-5.549151880E1
6.564808809E2,-5.443014070E1
6.565872169E2,-5.344552284E1
6.566934960E2,-5.615335453E1
6.567984105E2,-5.465056765E1
6.569047143E2,-5.306373064E1
6.570108504E2,-5.503217516E1
6.571143322E2,-5.550875702E1
6.572207055E2,-5.542133467E1
6.573220105E2,-5.440291905E1
6.574283368E2,-5.424393169E1
6.575309856E2,-5.453097081E1
6.576353123E2,-5.490071348E1
6.577373754E2,-5.560224405E1
6.578437315E2,-5.430018990E1
6.579476840E2,-5.597333593E1
6.580540775E2,-5.455889958E1
6.581563212E2,-5.366116901E1
6.582626629E2,-5.562094246E1
6.583643990E2,-4.914560777E1
6.584670726E2,-4.881449933E1
6.585696409E2,-5.463811287E1
6.586711917E2,-5.518474465E1
6.587775032E2,-5.524250318E1
6.588810967E2,-5.515328882E1
6.589875000E2,-5.355471784E1
6.590939545E2,-5.463039857E1
6.591978168E2,-5.010800414E1
6.593041527E2,-5.449296898E1
6.594086308E2,-5.575198085E1
6.595144863E2,-5.367613487E1
6.596171724E2,-5.344851284E1
6.597234660E2,-5.569586805E1
6.598254744E2,-5.437504223E1
6.599311518E2,-5.443059968E1
6.600319475E2,-5.578060133E1
6.601379104E2,-5.542904032E1
6.602422337E2,-5.394565258E1
6.603478842E2,-5.555850773E1
6.604503459E2,-5.580233281E1
6.605564426E2,-5.435870529E1
6.606620552E2,-4.998912246E1
6.607645489E2,-5.214173005E1
6.608707315E2,-4.972978016E1
6.609764434E2,-5.031586571E1
6.610812798E2,-5.304645767E1
6.611842579E2,-5.292910378E1
6.612853423E2,-5.271323379E1
6.613917056E2,-5.496131313E1
6.614979406E2,-5.214345912E1
6.616042423E2,-3.964852742E1
6.617064775E2,-3.759423799E1
6.618128379E2,-5.044553185E1
6.619145278E2,-4.150847411E1
6.620200732E2,-3.436255365E1
6.621264861E2,-4.351887014E1
6.622313652E2,-4.850052365E1
6.623376780E2,-4.883589373E1
6.624438773E2,-4.880966161E1
6.625480319E2,-4.951821104E1
6.626542832E2,-4.353958915E1
6.627605396E2,-4.822196258E1
6.628646698E2,-4.692947722E1
6.629655647E2,-3.659424227E1
6.630719789E2,-5.013749576E1
6.631783252E2,-5.443689194E1
6.632814054E2,-4.564504150E1
6.633874392E2,-5.543605827E1
6.634908955E2,-5.486983169E1
6.635927062E2,-5.395574616E1
6.636981301E2,-5.545828315E1
6.638045227E2,-4.692790448E1
6.639064216E2,-3.701364691E1
6.640125913E2,-4.622841029E1
6.641148488E2,-5.032362648E1
6.642169401E2,-3.473911225E1
6.643232571E2,-3.641305059E1
6.644297120E2,-3.650642850E1
6.645313843E2,-3.614136789E1
6.646322769E2,-3.742213574E1
6.647385940E2,-4.107055389E1
6.648401445E2,-4.315597464E1
6.649459819E2,-4.558602306E1
6.650482165E2,-5.213389884E1
6.651530273E2,-5.463434840E1
6.652569185E2,-5.513889877E1
6.653631693E2,-5.670257401E1
6.654649183E2,-5.468884355E1
6.655712595E2,-5.642563129E1
6.656770163E2,-5.528049844E1
6.657814840E2,-5.567705720E1
6.658869555E2,-5.460752359E1
6.659933377E2,-5.530836445E1
6.660983018E2,-5.406307781E1
6.662008905E2,-5.493510370E1
6.663070852E2,-5.487986822E1
6.664130363E2,-5.502572845E1
6.665148829E2,-5.146240493E1
6.666157822E2,-5.429486879E1
6.667219957E2,-4.914892337E1
6.668274724E2,-4.337356961E1
6.669316806E2,-5.326702743E1
6.670324610E2,-5.128439887E1
6.671348476E2,-4.706449770E1
6.672405582E2,-5.164698086E1
6.673468877E2,-4.890575750E1
6.674483734E2,-5.228725865E1
6.675506647E2,-5.385371634E1
6.676532580E2,-5.333683395E1
6.677588277E2,-4.978747745E1
6.678646003E2,-4.923980700E1
6.679659559E2,-5.227678992E1
6.680723903E2,-5.043692270E1
6.681759249E2,-4.924490394E1
6.682818362E2,-4.511451823E1
6.683880205E2,-4.167719847E1
6.684908781E2,-3.972459953E1
6.685971825E2,-4.573490209E1
6.687006140E2,-5.448474805E1
6.688014219E2,-5.366467500E1
6.689077798E2,-4.892889220E1
6.690129204E2,-4.003243405E1
6.691152240E2,-5.258778099E1
6.692215625E2,-5.074033003E1
6.693228639E2,-5.355635777E1
6.694288387E2,-5.583244415E1
6.695318852E2,-5.566416482E1
6.696353040E2,-5.553063433E1
6.697416474E2,-5.550132160E1
6.698479278E2,-5.646346795E1
6.699518081E2,-5.470666784E1
6.700581845E2,-5.225333338E1
6.701648389E2,-5.590315551E1
6.702711021E2,-5.506570763E1
6.703774515E2,-5.578142711E1
6.704819572E2,-5.695184628E1
6.705838308E2,-5.098918867E1
6.706894588E2,-5.276693824E1
6.707958155E2,-5.112522118E1
6.708986295E2,-5.331499432E1
6.710047434E2,-5.482242624E1
6.711093416E2,-5.612582099E1
6.712154226E2,-5.462386075E1
6.713217612E2,-5.523381595E1
6.714279446E2,-5.504072365E1
6.715320409E2,-5.412841472E1
6.716328196E2,-5.649181924E1
6.717390295E2,-5.679206889E1
6.718448329E2,-5.382545078E1
6.719487820E2,-5.428171221E1
6.720514893E2,-5.408938409E1
6.721575606E2,-4.903010851E1
6.722627953E2,-4.596758308E1
6.723653038E2,-4.600093425E1
6.724704285E2,-5.196354457E1
6.725761170E2,-4.392878137E1
6.726820149E2,-4.010701811E1
6.727863126E2,-4.860863834E1
6.728926494E2,-3.914744093E1
6.729987003E2,-4.104456678E1
6.730995969E2,-4.060735305E1
6.732047344E2,-3.902280087E1
6.733110233E2,-4.054643433E1
6.734155670E2,-4.628260522E1
6.735218432E2,-4.488927865E1
6.736280895E2,-4.712059823E1
6.737320937E2,-4.693919264E1
6.738344329E2,-4.836114041E1
6.739407307E2,-4.775950405E1
6.740468805E2,-4.985252619E1
6.741488970E2,-5.383452611E1
6.742552173E2,-4.813689934E1
6.743614285E2,-4.405599693E1
6.744656030E2,-4.564101567E1
6.745718671E2,-4.448022956E1
6.746780462E2,-4.437879021E1
6.747823144E2,-4.532947849E1
6.748886598E2,-4.839401540E1
6.749902602E2,-4.939202998E1
6.750955811E2,-5.196444588E1
6.751990269E2,-5.315828815E1
6.753023121E2,-5.405758350E1
6.754085813E2,-5.534996486E1
6.755125900E2,-5.475262647E1
6.756157216E2,-5.634495914E1
6.757220295E2,-5.548369851E1
6.758234939E2,-5.421403881E1
6.759292292E2,-5.567465816E1
6.760323940E2,-5.498986303E1
6.761331030E2,-5.602714626E1
6.762351407E2,-5.680454990E1
6.763403861E2,-5.480636061E1
6.764438641E2,-5.520298838E1
6.765490264E2,-5.624746600E1
6.766498587E2,-5.446883061E1
6.767561430E2,-5.473304222E1
6.768577312E2,-5.288223859E1
6.769637625E2,-5.231934601E1
6.770658143E2,-5.117866966E1
6.771711423E2,-5.119548943E1
6.772736707E2,-5.082798338E1
6.773799805E2,-5.040823372E1
6.774824916E2,-5.195608276E1
6.775887586E2,-5.062057365E1
6.776950242E2,-5.302671223E1
6.777999769E2,-5.073696700E1
6.779036580E2,-5.399078391E1
6.780100548E2,-4.838177074E1
6.781158971E2,-4.959600037E1
6.782221873E2,-4.989871866E1
6.783236226E2,-4.795310694E1
6.784280855E2,-4.962117237E1
6.785325883E2,-4.937681368E1
6.786333282E2,-5.077275473E1
6.787359913E2,-5.129762007E1
6.788421389E2,-5.159775658E1
6.789478254E2,-5.448340468E1
6.790493310E2,-5.456485905E1
6.791522729E2,-4.942755816E1
6.792578899E2,-5.311972478E1
6.793642250E2,-5.336344715E1
6.794697597E2,-5.181529352E1
6.795754452E2,-4.889587039E1
6.796817142E2,-5.007294656E1
6.797840511E2,-5.417754356E1
6.798899223E2,-5.643521736E1
6.799939181E2,-5.376245714E1
6.800993335E2,-5.076805917E1
6.802003657E2,-5.049122312E1
6.803028255E2,-4.992076357E1
6.804091242E2,-4.904305883E1
6.805129519E2,-5.041198908E1
6.806160954E2,-5.209537605E1
6.807223185E2,-4.975275933E1
6.808283633E2,-5.198128768E1
6.809327743E2,-5.452153676E1
6.810335625E2,-5.241304544E1
6.811392200E2,-5.056022511E1
6.812454918E2,-5.471292298E1
6.813494941E2,-5.469515339E1
6.814557653E2,-5.202620643E1
6.815619708E2,-5.259960076E1
6.816661600E2,-5.536496047E1
6.817725004E2,-5.239142465E1
6.818769212E2,-5.192286640E1
6.819828588E2,-5.140365854E1
6.820891972E2,-5.575001335E1
6.821932835E2,-5.074276473E1
6.822995548E2,-5.406256844E1
6.824058697E2,-5.138010413E1
6.825122117E2,-5.134997020E1
6.826162194E2,-5.382430769E1
6.827225558E2,-5.352964420E1
6.828287610E2,-5.319939407E1
6.829329563E2,-5.371383151E1
6.830368810E2,-5.405604191E1
6.831424312E2,-5.469880755E1
6.832487061E2,-5.604336001E1
6.833503818E2,-4.825639215E1
6.834564505E2,-4.916116788E1
6.835599725E2,-4.972560691E1
6.836658565E2,-4.946165965E1
6.837721710E2,-3.773137822E1
6.838769664E2,-4.119755641E1
6.839829875E2,-3.513634736E1
6.840879652E2,-4.708580718E1
6.841943313E2,-5.338019027E1
6.842997400E2,-5.155037110E1
6.844032467E2,-5.111972178E1
6.845095221E2,-5.117363685E1
6.846130148E2,-5.289501684E1
6.847164180E2,-5.100009785E1
6.848228543E2,-5.192819972E1
6.849292115E2,-4.982400202E1
6.850330430E2,-4.973266486E1
6.851390120E2,-5.266800646E1
6.852453018E2,-5.024223457E1
6.853497082E2,-5.178738578E1
6.854557025E2,-5.477823745E1
6.855619512E2,-5.492422828E1
6.856664085E2,-5.213678793E1
6.857724760E2,-5.259307353E1
6.858776833E2,-5.351246630E1
6.859830243E2,-5.024224791E1
6.860839404E2,-5.232026915E1
6.861903372E2,-5.062697076E1
6.862966485E2,-5.081248044E1
6.863998472E2,-5.587571927E1
6.865062048E2,-5.212694492E1
6.866125476E2,-5.285365762E1
6.867165128E2,-5.260856354E1
6.868172965E2,-5.531472183E1
6.869236587E2,-5.209299888E1
6.870293273E2,-5.135426505E1
6.871332265E2,-5.230341424E1
6.872395155E2,-5.222036400E1
6.873436465E2,-5.171295839E1
6.874498982E2,-5.390483587E1
6.875562225E2,-5.450774750E1
6.876625446E2,-5.386793689E1
6.877665865E2,-5.117148612E1
6.878729016E2,-5.154859643E1
6.879787106E2,-5.382384057E1
6.880833172E2,-5.207051532E1
6.881858732E2,-5.492432633E1
6.882903619E2,-5.618280783E1
6.883964324E2,-5.276488319E1
6.885000128E2,-5.419329993E1
6.886063537E2,-5.554397215E1
6.887126307E2,-5.470988510E1
6.888167047E2,-5.369548491E1
6.889230742E2,-5.534989237E1
6.890293273E2,-5.502826569E1
6.891333860E2,-5.223635075E1
6.892397058E2,-5.232140163E1
6.893459594E2,-5.423596836E1
6.894500598E2,-5.190961623E1
6.895563768E2,-5.371583412E1
6.896614716E2,-5.183832650E1
6.897667587E2,-5.145604718E1
6.898731429E2,-5.085014996E1
6.899796461E2,-4.572636995E1
6.900835065E2,-4.522717813E1
6.901898022E2,-4.576121283E1
6.902936650E2,-4.805069131E1
6.903997260E2,-5.225114916E1
6.905015463E2,-5.224047995E1
6.906075733E2,-5.321296170E1
6.907129684E2,-5.158685281E1
6.908168757E2,-5.139948601E1
6.909196364E2,-5.175102171E1
6.910255460E2,-5.428142407E1
6.911273489E2,-5.229896741E1
6.912328670E2,-5.156770389E1
6.913335939E2,-5.004742722E1
6.914394757E2,-5.290005173E1
6.915456578E2,-5.494634764E1
6.916502559E2,-5.466133787E1
6.917565960E2,-5.221347352E1
6.918629669E2,-5.404644373E1
6.919669286E2,-5.332118193E1
6.920734721E2,-5.476511196E1
6.921794792E2,-5.476013366E1
6.922836411E2,-5.360341573E1
6.923901446E2,-5.490266551E1
6.924940350E2,-5.405769332E1
6.925998918E2,-5.490230308E1
6.927055007E2,-5.536754620E1
6.928102951E2,-5.518373414E1
6.929129738E2,-5.583996147E1
6.930170278E2,-5.679889605E1
6.931233694E2,-5.477995477E1
6.932247720E2,-3.425263911E1
6.933266700E2,-3.568125683E1
6.934324417E2,-4.019448170E1
6.935337318E2,-4.590430137E1
6.936344804E2,-4.888918428E1
6.937407947E2,-4.529756327E1
6.938469912E2,-5.117625563E1
6.939504118E2,-4.677027320E1
6.940567571E2,-4.699224481E1
6.941630914E2,-4.609082134E1
6.942689998E2,-4.732327414E1
6.943748315E2,-5.298400580E1
6.944810908E2,-5.335929198E1
6.945837971E2,-5.387567452E1
6.946900943E2,-5.018911843E1
6.947923201E2,-4.528339604E1
6.948986666E2,-4.963711489E1
6.950004989E2,-4.295413619E1
6.951068662E2,-4.526443473E1
6.952129887E2,-4.307635399E1
6.953171794E2,-4.580305480E1
6.954235275E2,-4.995183327E1
6.955297797E2,-5.164242630E1
6.956338489E2,-5.225816104E1
6.957346969E2,-5.504772394E1
6.958410280E2,-5.351450048E1
6.959473721E2,-5.423096807E1
6.960530860E2,-5.491153457E1
6.961594200E2,-5.380995277E1
6.962623540E2,-5.410349818E1
6.963673562E2,-5.014713061E1
6.964735650E2,-4.871037660E1
6.965797974E2,-5.593066347E1
6.966839817E2,-5.033848274E1
6.967857574E2,-5.147272756E1
6.968921078E2,-4.657824643E1
6.969983910E2,-4.905949210E1
6.971007221E2,-5.213959691E1
6.972069594E2,-4.876616146E1
6.973129678E2,-5.370448298E1
6.974174180E2,-5.559243083E1
6.975237862E2,-5.596085490E1
6.976298160E2,-5.492679066E1
6.977340207E2,-5.358602289E1
6.978348927E2,-5.295704301E1
6.979378334E2,-5.347491608E1
6.980436030E2,-5.359108433E1
6.981498689E2,-5.464701698E1
6.982514903E2,-5.590293483E1
6.983577882E2,-5.649168276E1
6.984598299E2,-5.428004113E1
6.985655666E2,-5.520809181E1
6.986674715E2,-5.458386039E1
6.987702867E2,-5.388951457E1
6.988766393E2,-5.128973608E1
6.989829285E2,-4.865543640E1
6.990849021E2,-4.897092796E1
6.991912822E2,-4.900627730E1
6.992976622E2,-5.306680213E1
6.994008350E2,-5.158783217E1
6.995071806E2,-4.611815481E1
6.996128544E2,-4.993313196E1
6.997175219E2,-4.980664688E1
6.998239527E2,-5.104450627E1
6.999302555E2,-5.413622497E1
7.000342679E2,-4.563967146E1
7.001405253E2,-5.115589345E1
7.002427353E2,-5.630769354E1
7.003485376E2,-5.406856896E1
7.004508947E2,-5.476174193E1
7.005535849E2,-5.613060796E1
7.006594212E2,-5.570509331E1
7.007655040E2,-5.400680156E1
7.008675200E2,-5.442850299E1
7.009683934E2,-5.489139708E1
7.010746649E2,-5.427165191E1
7.011791417E2,-5.362161441E1
7.012843408E2,-5.393250548E1
7.013907054E2,-5.451837834E1
7.014939392E2,-5.664808302E1
7.016000189E2,-5.465986108E1
7.017018074E2,-5.654845596E1
7.018081562E2,-5.514009622E1
7.019130037E2,-5.414973464E1
7.020177309E2,-5.518068327E1
7.021225080E2,-4.170362989E1
7.022288669E2,-4.335171046E1
7.023343847E2,-4.825374160E1
7.024369802E2,-5.243112893E1
7.025390493E2,-4.432392469E1
7.026452907E2,-4.525861623E1
7.027509772E2,-5.043327839E1
7.028519522E2,-5.467208546E1
7.029583165E2,-5.539563373E1
7.030645972E2,-5.321340606E1
7.031677430E2,-5.329071416E1
7.032738153E2,-5.094151147E1
7.033802183E2,-4.986400723E1
7.034845136E2,-4.967989878E1
7.035905775E2,-5.089415649E1
7.036969134E2,-4.847084925E1
7.038012386E2,-4.399627791E1
7.039076463E2,-4.056083891E1
7.040129870E2,-4.051445556E1
7.041178522E2,-4.049448641E1
7.042200773E2,-4.409739446E1
7.043250232E2,-4.453721535E1
7.044312561E2,-5.193738533E1
7.045345463E2,-5.424569583E1
7.046408810E2,-5.338659736E1
7.047427592E2,-4.944299233E1
7.048490728E2,-4.553298114E1
7.049512480E2,-4.574866254E1
7.050574464E2,-5.037040138E1
7.051632006E2,-4.564892410E1
7.052679355E2,-5.281818456E1
7.053734623E2,-4.784283275E1
7.054791519E2,-3.861499624E1
7.055845061E2,-3.620004429E1
7.056901709E2,-3.734035802E1
7.057966322E2,-4.091525094E1
7.059012250E2,-4.815341954E1
7.060021208E2,-5.158056708E1
7.061084307E2,-5.349663884E1
7.062144965E2,-5.497279984E1
7.063180192E2,-5.475419661E1
7.064243243E2,-5.478057381E1
7.065256204E2,-5.520695550E1
7.066310237E2,-5.466886876E1
7.067346867E2,-5.369113477E1
7.068394288E2,-5.419802334E1
7.069452838E2,-5.355077203E1
7.070514880E2,-5.345122446E1
7.071551799E2,-5.512256973E1
7.072594218E2,-5.406831645E1
7.073626949E2,-5.529463077E1
7.074681086E2,-5.610907001E1
7.075744718E2,-5.720503484E1
7.076807332E2,-5.516824535E1
7.077856400E2,-5.444650302E1
7.078870316E2,-5.472944194E1
7.079933509E2,-5.560794476E1
7.080950896E2,-5.610082427E1
7.082010367E2,-5.541182087E1
7.083070360E2,-5.325333801E1
7.084129491E2,-5.402168483E1
7.085181867E2,-5.375663623E1
7.086244883E2,-5.291724670E1
7.087269211E2,-4.821323164E1
7.088331963E2,-4.744319390E1
7.089348924E2,-4.906009984E1
7.090356816E2,-5.324548862E1
7.091390835E2,-5.430797998E1
7.092454948E2,-5.057740777E1
7.093515669E2,-4.303020491E1
7.094564439E2,-4.960329890E1
7.095626955E2,-4.434067569E1
7.096682566E2,-4.751653562E1
7.097745450E2,-4.568374532E1
7.098806700E2,-5.006594672E1
7.099849776E2,-5.151114602E1
7.100912809E2,-5.276955502E1
7.101969883E2,-5.398811902E1
7.103016578E2,-5.426444359E1
7.104078487E2,-5.352849785E1
7.105129640E2,-5.392282879E1
7.106183378E2,-5.437542500E1
7.107243508E2,-5.492296815E1
7.108270544E2,-5.447706435E1
7.109333836E2,-5.467916661E1
7.110349785E2,-5.552819818E1
7.111358078E2,-5.545916857E1
7.112420317E2,-5.483334106E1
7.113482017E2,-5.488134217E1
7.114517190E2,-5.426746861E1
7.115579880E2,-5.473494847E1
7.116641495E2,-5.509998537E1
7.117684746E2,-5.587048508E1
7.118748886E2,-5.517017769E1
7.119798893E2,-5.508020903E1
7.120851262E2,-5.298020516E1
7.121914767E2,-5.742232064E1
7.122969974E2,-5.503161271E1
7.124018476E2,-5.504879193E1
7.125080967E2,-5.412453362E1
7.126130254E2,-5.358604590E1
7.127185260E2,-5.447472119E1
7.128249140E2,-5.534940765E1
7.129306053E2,-5.553287831E1
7.130352038E2,-5.362382301E1
7.131395345E2,-4.931718034E1
7.132458058E2,-4.988614786E1
7.133518519E2,-5.174812801E1
7.134564840E2,-5.341770725E1
7.135627662E2,-5.392875323E1
7.136686092E2,-5.434369780E1
7.137713524E2,-5.505643946E1
7.138774982E2,-5.361620425E1
7.139837798E2,-5.317370121E1
7.140853227E2,-4.923359025E1
7.141915843E2,-5.097704138E1
7.142975843E2,-5.279931106E1
7.144020052E2,-5.012284555E1
7.145083527E2,-4.937618588E1
7.146128822E2,-4.955133010E1
7.147182363E2,-5.025962975E1
7.148199322E2,-5.000955846E1
7.149262533E2,-4.995935277E1
7.150280659E2,-5.426777802E1
7.151337522E2,-5.111114993E1
7.152353846E2,-5.137004042E1
7.153361428E2,-5.107109494E1
7.154423837E2,-5.121859663E1
7.155486486E2,-5.168939246E1
7.156520584E2,-5.055351353E1
7.157547969E2,-5.176658657E1
7.158606460E2,-5.043827262E1
7.159667540E2,-4.995926876E1
7.160686968E2,-5.099600918E1
7.161712380E2,-4.787381165E1
7.162775686E2,-5.032783970E1
7.163838097E2,-5.030447824E1
7.164854486E2,-5.101660158E1
7.165902632E2,-4.913833767E1
7.166918381E2,-4.908223102E1
7.167981395E2,-4.744448283E1
7.169021360E2,-4.912060682E1
7.170085117E2,-5.162719932E1
7.171128943E2,-5.613885349E1
7.172189057E2,-5.337733575E1
7.173252524E2,-5.429239915E1
7.174315233E2,-5.472944219E1
7.175355176E2,-5.557837446E1
7.176402024E2,-5.480042284E1
7.177460145E2,-5.290992616E1
7.178522066E2,-5.445333789E1
7.179585503E2,-5.552008779E1
7.180618765E2,-5.436823480E1
7.181681597E2,-5.488396310E1
7.182697069E2,-5.570495323E1
7.183761068E2,-5.412379092E1
7.184802832E2,-5.403128255E1
7.185855220E2,-5.381572076E1
7.186902892E2,-5.296651003E1
7.187937908E2,-5.547878047E1
7.188959364E2,-5.603653732E1
7.189976836E2,-5.519580959E1
7.191023375E2,-5.352749988E1
7.192086448E2,-5.488696149E1
7.193128995E2,-5.487871403E1
7.194186162E2,-5.512225788E1
7.195249666E2,-5.553853143E1
7.196263537E2,-5.450761134E1
7.197321213E2,-5.570952538E1
7.198357302E2,-5.487319330E1
7.199383519E2,-5.456941423E1
7.200435635E2,-5.553277496E1
7.201496548E2,-5.640533839E1
7.202523306E2,-5.667696440E1
7.203532109E2,-5.496513842E1
7.204564762E2,-5.431570102E1
7.205617696E2,-5.475237279E1
7.206630428E2,-5.648770391E1
7.207691750E2,-5.618507395E1
7.208732981E2,-5.589525399E1
7.209778316E2,-5.514931851E1
7.210836099E2,-5.579321857E1
7.211858470E2,-5.598197983E1
7.212920867E2,-5.548712875E1
7.213983653E2,-5.415004696E1
7.215025260E2,-5.331664644E1
7.216069900E2,-5.510764591E1
7.217130712E2,-5.513176631E1
7.218191000E2,-5.443898930E1
7.219247323E2,-5.663789394E1
7.220303742E2,-5.491831976E1
7.221357711E2,-5.816174965E1
7.222366342E2,-5.405443157E1
7.223423045E2,-5.574763827E1
7.224453001E2,-5.647286322E1
7.225513154E2,-5.329021059E1
7.226568629E2,-5.675723366E1
7.227620265E2,-5.383368025E1
7.228668647E2,-5.699822095E1
7.229692134E2,-5.529694194E1
7.230700573E2,-5.497386264E1
7.231763810E2,-5.675117453E1
7.232813861E2,-5.590763194E1
7.233859610E2,-5.383521145E1
7.234908855E2,-4.761639178E1
7.235971618E2,-5.134509536E1
7.237026842E2,-4.950985403E1
7.238089770E2,-4.881468168E1
7.239150310E2,-5.444108289E1
7.240193850E2,-4.893791564E1
7.241257345E2,-4.703771156E1
7.242320155E2,-4.667052765E1
7.243360645E2,-4.632456050E1
7.244368402E2,-5.202519815E1
7.245431654E2,-5.099449222E1
7.246494984E2,-5.037491861E1
7.247528168E2,-4.809189723E1
7.248546344E2,-5.188807581E1
7.249602624E2,-5.014955956E1
7.250665250E2,-5.202441616E1
7.251694564E2,-4.950899766E1
7.252756993E2,-4.902476989E1
7.253813975E2,-5.192897716E1
7.254861280E2,-5.213557323E1
7.255923912E2,-4.809932401E1
7.256962580E2,-4.860731768E1
7.258021171E2,-5.183633683E1
7.259036353E2,-5.638050670E1
7.260096935E2,-5.419186859E1
7.261129793E2,-5.695679757E1
7.262191195E2,-5.593797380E1
7.263252096E2,-5.467579283E1
7.264303550E2,-5.532147073E1
7.265357837E2,-5.451210803E1
7.266420181E2,-5.740202262E1
7.267442772E2,-5.484713344E1
7.268507357E2,-5.506399451E1
7.269529044E2,-5.505297624E1
7.270566411E2,-4.685637338E1
7.271628948E2,-4.862913671E1
7.272691869E2,-4.561527263E1
7.273754971E2,-5.223942690E1
7.274812333E2,-5.009271518E1
7.275862792E2,-5.530311231E1
7.276925729E2,-5.619778447E1
7.277940448E2,-5.436352460E1
7.278999047E2,-4.435201033E1
7.280029895E2,-4.666793713E1
7.281092411E2,-4.685342094E1
7.282130215E2,-4.135352904E1
7.283192851E2,-3.364877601E1
7.284255530E2,-3.305316115E1
7.285268907E2,-3.195087669E1
7.286323135E2,-5.226746936E1
7.287364508E2,-4.967938015E1
7.288402898E2,-4.258749944E1
7.289432300E2,-3.659000847E1
7.290489876E2,-5.281205969E1
7.291530839E2,-4.572805022E1
7.292555879E2,-3.496442432E1
7.293605437E2,-3.081627421E1
7.294667874E2,-4.854617759E1
7.295697364E2,-4.018637181E1
7.296757908E2,-3.493395038E1
7.297820864E2,-4.082097701E1
7.298865518E2,-3.054831909E1
7.299884580E2,-3.027863524E1
7.300912211E2,-3.710138167E1
7.301936635E2,-3.851630383E1
7.302995263E2,-4.187975794E1
7.304031154E2,-4.273766099E1
7.305086927E2,-5.202319846E1
7.306130019E2,-5.002924781E1
7.307194330E2,-5.262491537E1
7.308206787E2,-5.150135695E1
7.309269712E2,-5.298358165E1
7.310296667E2,-5.339311684E1
7.311350863E2,-5.371847298E1
7.312366268E2,-5.290915856E1
7.313428036E2,-5.382800944E1
7.314485032E2,-5.463950318E1
7.315532609E2,-5.497739128E1
7.316595768E2,-5.147881621E1
7.317658570E2,-5.455239849E1
7.318699855E2,-4.977582431E1
7.319763536E2,-5.142653420E1
7.320802723E2,-5.333113841E1
7.321861972E2,-5.175607281E1
7.322924721E2,-5.292282121E1
7.323988530E2,-5.338365049E1
7.325033378E2,-5.207194258E1
7.326096752E2,-5.244482779E1
7.327129627E2,-5.349309731E1
7.328157093E2,-5.615580672E1
7.329199734E2,-5.370311755E1
7.330250635E2,-5.324643666E1
7.331277515E2,-5.433735730E1
7.332334198E2,-5.220590630E1
7.333367678E2,-5.573412519E1
7.334430575E2,-5.116711282E1
7.335453810E2,-5.285356340E1
7.336469844E2,-5.264924620E1
7.337530005E2,-5.307442681E1
7.338568260E2,-5.066869935E1
7.339631936E2,-5.097988172E1
7.340694323E2,-5.148227782E1
7.341708368E2,-5.370185288E1
7.342765357E2,-5.386469514E1
7.343829610E2,-5.112586813E1
7.344868305E2,-5.327840452E1
7.345930509E2,-5.341603299E1
7.346989371E2,-5.237459802E1
7.348036139E2,-5.322361015E1
7.349068682E2,-5.430733214E1
7.350129232E2,-5.478394196E1
7.351185307E2,-5.501857360E1
7.352202780E2,-5.187125994E1
7.353216013E2,-5.305574222E1
7.354275625E2,-5.164256941E1
7.355338039E2,-5.316784150E1
7.356369896E2,-4.372474172E1
7.357433916E2,-4.566417874E1
7.358498271E2,-4.964454658E1
7.359535030E2,-5.186263025E1
7.360544153E2,-5.151635333E1
7.361605848E2,-5.260910742E1
7.362662734E2,-5.320748890E1
7.363703203E2,-4.991680893E1
7.364739133E2,-5.181524255E1
7.365802576E2,-5.382484656E1
7.366866519E2,-5.360095644E1
7.367910876E2,-5.128009647E1
7.368968389E2,-5.209348800E1
7.370032299E2,-5.262683022E1
7.371095093E2,-5.447881381E1
7.372128447E2,-5.463636164E1
7.373184280E2,-5.126048433E1
7.374203131E2,-5.030931370E1
7.375242269E2,-5.167147726E1
7.376297137E2,-5.376779816E1
7.377313632E2,-5.482406061E1
7.378370251E2,-5.421376510E1
7.379379012E2,-5.417638037E1
7.380443645E2,-5.262219747E1
7.381506080E2,-5.380337643E1
7.382537982E2,-5.473202295E1
7.383576340E2,-5.262307865E1
7.384632360E2,-5.298382725E1
7.385695197E2,-5.138014616E1
7.386713161E2,-5.260019426E1
7.387754350E2,-5.380105134E1
7.388808706E2,-5.452043542E1
7.389866930E2,-5.530068168E1
7.390930376E2,-5.003749354E1
7.391994067E2,-4.958002701E1
7.393037426E2,-5.198389698E1
7.394094909E2,-4.979462087E1
7.395129845E2,-5.384483270E1
7.396186380E2,-4.568363515E1
7.397205257E2,-4.795684607E1
7.398227878E2,-5.086340699E1
7.399290691E2,-5.397780670E1
7.400353286E2,-5.536182486E1
7.401372081E2,-5.356902259E1
7.402432566E2,-5.670922585E1
7.403495526E2,-5.309735579E1
7.404538332E2,-5.340369405E1
7.405547591E2,-5.399676639E1
7.406610802E2,-4.895940970E1
7.407674503E2,-5.302421686E1
7.408706572E2,-4.966488131E1
7.409757978E2,-5.189827770E1
7.410821043E2,-5.459529777E1
7.411873590E2,-5.460341600E1
7.412936454E2,-5.276901541E1
7.413999564E2,-5.191165370E1
7.415040398E2,-5.265873253E1
7.416103804E2,-5.369105688E1
7.417129279E2,-5.201899057E1
7.418193202E2,-5.463577540E1
7.419206120E2,-5.406409093E1
7.420252883E2,-5.421637791E1
7.421309282E2,-5.227541124E1
7.422369552E2,-4.944284260E1
7.423394760E2,-5.407820716E1
7.424410002E2,-5.627953776E1
7.425421326E2,-5.350349426E1
7.426485384E2,-5.249480594E1
7.427541616E2,-5.421032285E1
7.428605103E2,-5.324793988E1
7.429669194E2,-5.466692368E1
7.430706868E2,-5.642184928E1
7.431736212E2,-5.464708042E1
7.432792857E2,-5.004830240E1
7.433861900E2,-5.305172541E1
7.434909289E2,-4.847384649E1
7.435972813E2,-4.769853596E1
7.437036648E2,-4.818055086E1
7.438099645E2,-5.159039270E1
7.439125202E2,-5.002246787E1
7.440179918E2,-4.998238580E1
7.441207665E2,-4.741655315E1
7.442263380E2,-5.138187567E1
7.443315610E2,-5.469197743E1
7.444371167E2,-5.243915360E1
7.445394299E2,-5.112333315E1
7.446417180E2,-5.283797568E1
7.447473942E2,-5.120821810E1
7.448537441E2,-5.067628948E1
7.449601198E2,-5.086392534E1
7.450646473E2,-5.534113519E1
7.451705353E2,-5.398022688E1
7.452770090E2,-5.430772144E1
7.453833962E2,-5.376878482E1
7.454876318E2,-5.620827965E1
7.455938889E2,-5.554796941E1
7.457002650E2,-5.435598725E1
7.458043766E2,-5.424171736E1
7.459085529E2,-5.178984360E1
7.460129846E2,-5.139078422E1
7.461194517E2,-5.310218223E1
7.462211619E2,-5.166533359E1
7.463225252E2,-5.144174703E1
7.464288461E2,-5.169775249E1
7.465344070E2,-5.397696349E1
7.466378103E2,-5.437449940E1
7.467408231E2,-5.480078622E1
7.468467760E2,-5.516663889E1
7.469524627E2,-5.348399554E1
7.470544537E2,-5.611764055E1
7.471569615E2,-5.391190664E1
7.472623420E2,-5.344926921E1
7.473680864E2,-5.212604466E1
7.474711783E2,-5.207073766E1
7.475745012E2,-5.085843796E1
7.476804014E2,-5.174952145E1
7.477863185E2,-5.287749765E1
7.478878012E2,-4.988482747E1
7.479886482E2,-5.166607029E1
7.480918770E2,-5.164954980E1
7.481980443E2,-5.084289330E1
7.482996011E2,-5.351651313E1
7.484045532E2,-5.348852986E1
7.485070466E2,-5.342727464E1
7.486128704E2,-5.315087014E1
7.487192680E2,-5.247357786E1
7.488211349E2,-5.123408006E1
7.489220408E2,-5.533455328E1
7.490282720E2,-5.403804025E1
7.491345722E2,-5.546446698E1
7.492378279E2,-5.525160561E1
7.493387233E2,-5.342121703E1
7.494434929E2,-5.021804209E1
7.495452367E2,-5.484446432E1
7.496515332E2,-5.328393039E1
7.497547027E2,-5.171607600E1
7.498609584E2,-5.477271234E1
7.499671208E2,-5.473644222E1
7.500713311E2,-5.188092789E1
7.501776847E2,-5.294248007E1
7.502812018E2,-4.973238122E1
7.503871847E2,-5.155693748E1
7.504888087E2,-5.597962702E1
7.505952572E2,-5.364452489E1
7.506967914E2,-5.436205152E1
7.508014529E2,-5.294918256E1
7.509047324E2,-5.277625460E1
7.510110832E2,-5.261059619E1
7.511129733E2,-5.283770343E1
7.512178244E2,-5.608320552E1
7.513214355E2,-5.650813019E1
7.514268334E2,-5.594222000E1
7.515331123E2,-5.451023383E1
7.516382002E2,-5.547700299E1
7.517446221E2,-5.660859066E1
7.518508910E2,-5.465163197E1
7.519547722E2,-5.543637232E1
7.520568422E2,-5.414833347E1
7.521631583E2,-5.688094094E1
7.522668477E2,-5.568826304E1
7.523715132E2,-5.013397132E1
7.524768394E2,-5.352242871E1
7.525831762E2,-5.461810755E1
7.526882271E2,-5.365839622E1
7.527920361E2,-5.535269677E1
7.528968908E2,-5.354866723E1
7.530019328E2,-5.386344920E1
7.531049375E2,-5.445138634E1
7.532112745E2,-5.416952376E1
7.533153045E2,-5.340144608E1
7.534211362E2,-5.525684022E1
7.535269270E2,-5.300656378E1
7.536314151E2,-5.534934352E1
7.537369508E2,-5.522287868E1
7.538382916E2,-5.575310459E1
7.539446222E2,-5.537939580E1
7.540472917E2,-5.486318686E1
7.541536012E2,-5.328224199E1
7.542549909E2,-5.442963450E1
7.543573459E2,-5.559217069E1
7.544630208E2,-5.438159231E1
7.545693639E2,-5.527614489E1
7.546716794E2,-5.714175046E1
7.547780800E2,-5.434601974E1
7.548842584E2,-5.334673662E1
7.549883860E2,-5.550321873E1
7.550947052E2,-5.098321572E1
7.551999208E2,-4.809939810E1
7.553050615E2,-4.796330685E1
7.554114390E2,-5.019589597E1
7.555129958E2,-5.059798199E1
7.556194297E2,-4.921154964E1
7.557217512E2,-5.385854497E1
7.558257541E2,-5.538632207E1
7.559309669E2,-5.379991555E1
7.560366107E2,-5.348472086E1
7.561384894E2,-5.491724745E1
7.562448055E2,-5.460795824E1
7.563495796E2,-5.536419627E1
7.564551573E2,-5.571575730E1
7.565614623E2,-5.396463165E1
7.566677860E2,-5.571419521E1
7.567718598E2,-5.548954540E1
7.568782250E2,-5.210280963E1
7.569844632E2,-5.180559285E1
7.570885284E2,-5.313041279E1
7.571902965E2,-5.419578659E1
7.572966444E2,-5.009902729E1
7.574029218E2,-5.294139001E1
7.575080733E2,-5.347931759E1
7.576130875E2,-5.137486433E1
7.577195051E2,-5.319694955E1
7.578219253E2,-5.518999211E1
7.579233726E2,-5.588253955E1
7.580288096E2,-5.499028046E1
7.581350542E2,-5.641269830E1
7.582385078E2,-5.494400759E1
7.583401520E2,-5.407747682E1
7.584464070E2,-5.462512584E1
7.585527389E2,-5.497955697E1
7.586581216E2,-5.467551655E1
7.587638568E2,-5.517494795E1
7.588701671E2,-5.562107974E1
7.589719217E2,-5.430207288E1
7.590728085E2,-5.560006573E1
7.591786970E2,-5.596085837E1
7.592850045E2,-5.486461515E1
7.593885842E2,-5.366887336E1
7.594895072E2,-5.483097634E1
7.595937057E2,-5.420462540E1
7.597000282E2,-5.496242106E1
7.598054865E2,-5.436026881E1
7.599118430E2,-5.485247186E1
7.600181639E2,-5.538496292E1
7.601221535E2,-5.425517844E1
7.602284428E2,-5.580509607E1
7.603347304E2,-5.376115479E1
7.604387771E2,-5.562446897E1
7.605418592E2,-5.434641976E1
7.606434906E2,-5.565402680E1
7.607497775E2,-5.472639524E1
7.608555158E2,-5.719618418E1
7.609608655E2,-5.470715473E1
7.610626292E2,-5.403957240E1
7.611642305E2,-5.333190365E1
7.612704949E2,-5.349971654E1
7.613729365E2,-5.452129790E1
7.614787012E2,-5.538637910E1
7.615850094E2,-5.340783282E1
7.616888885E2,-5.677201938E1
7.617939472E2,-5.529460316E1
7.619003794E2,-5.410106949E1
7.620056329E2,-4.726384890E1
7.621119945E2,-4.442031159E1
7.622182776E2,-4.490433602E1
7.623222955E2,-5.180968801E1
7.624285760E2,-3.973087016E1
7.625336078E2,-4.141241565E1
7.626389577E2,-4.540895802E1
7.627430709E2,-4.688050929E1
7.628486657E2,-4.676097114E1
7.629534965E2,-4.899253913E1
7.630555633E2,-4.792812779E1
7.631564508E2,-5.046106524E1
7.632627693E2,-4.464052279E1
7.633648557E2,-5.069233692E1
7.634705039E2,-5.453037298E1
7.635724332E2,-5.430284472E1
7.636787720E2,-5.270379255E1
7.637850787E2,-5.253019879E1
7.638891467E2,-5.150424752E1
7.639911773E2,-4.997216585E1
7.640969177E2,-5.070609616E1
7.642011265E2,-5.263722114E1
7.643057653E2,-5.105989224E1
7.644121784E2,-5.063464061E1
7.645169337E2,-5.304202327E1
7.646224879E2,-5.178445859E1
7.647269782E2,-4.917769058E1
7.648332338E2,-5.132633137E1
7.649390829E2,-5.246133005E1
7.650451366E2,-4.713713274E1
7.651513729E2,-5.167700620E1
7.652558338E2,-5.088139186E1
7.653622065E2,-4.705370696E1
7.654684791E2,-4.946212764E1
7.655725730E2,-5.295689811E1
7.656789130E2,-5.163310427E1
7.657810657E2,-5.119338100E1
7.658873469E2,-5.159202414E1
7.659892880E2,-5.042350839E1
7.660955889E2,-4.783474590E1
7.662018180E2,-4.675094068E1
7.663070754E2,-4.925987245E1
7.664130220E2,-5.172184240E1
7.665193152E2,-5.244775098E1
7.666226145E2,-5.295721874E1
7.667290788E2,-5.332105377E1
7.668314178E2,-5.154591487E1
7.669376222E2,-5.021401706E1
7.670391705E2,-5.147313419E1
7.671400652E2,-5.097230559E1
7.672440248E2,-5.236779676E1
7.673503103E2,-5.191772963E1
7.674559625E2,-5.309675557E1
7.675578918E2,-5.224556466E1
7.676636389E2,-5.437426630E1
7.677699364E2,-5.001184698E1
7.678727197E2,-5.208913743E1
7.679778015E2,-5.337793300E1
7.680834454E2,-5.159338225E1
7.681894000E2,-5.307006054E1
7.682933976E2,-5.309877783E1
7.683990130E2,-5.165561519E1
7.685039050E2,-5.005257905E1
7.686061207E2,-5.054795428E1
7.687125206E2,-5.160405250E1
7.688164975E2,-5.022981190E1
7.689227943E2,-5.289149482E1
7.690241960E2,-5.235142648E1
7.691299835E2,-5.195263498E1
7.692355654E2,-4.925902065E1
7.693394653E2,-5.214606135E1
7.694412225E2,-4.951216073E1
7.695473028E2,-5.006466716E1
7.696536510E2,-4.588122118E1
7.697561614E2,-4.808970193E1
7.698601358E2,-4.727613873E1
7.699664503E2,-4.728707706E1
7.700724592E2,-4.937091684E1
7.701765231E2,-4.824998707E1
7.702822602E2,-5.051905360E1
7.703885836E2,-5.095347282E1
7.704904189E2,-5.292550968E1
7.705967300E2,-5.126225753E1
7.707002252E2,-5.075327118E1
7.708062594E2,-5.070599254E1
7.709126179E2,-5.409470226E1
7.710189015E2,-5.130143044E1
7.711229208E2,-5.349473555E1
7.712292310E2,-5.427068144E1
7.713333637E2,-5.381163099E1
7.714394872E2,-5.014290855E1
7.715404696E2,-5.227418728E1
7.716467961E2,-5.566007940E1
7.717530398E2,-5.298273905E1
7.718561855E2,-5.240711199E1
7.719602257E2,-5.153644759E1
7.720664664E2,-4.883899388E1
7.721725496E2,-5.276410573E1
7.722787600E2,-5.038332584E1
7.723844145E2,-5.030930576E1
7.724895768E2,-5.202005007E1
7.725960225E2,-5.005351464E1
7.726986223E2,-4.963356995E1
7.728044096E2,-4.727712030E1
7.729063985E2,-4.749761800E1
7.730127422E2,-5.196450382E1
7.731177958E2,-4.983653467E1
7.732231569E2,-5.177278943E1
7.733270518E2,-5.098064052E1
7.734302910E2,-5.099092267E1
7.735359604E2,-5.371495473E1
7.736397989E2,-5.300089299E1
7.737461560E2,-4.966460188E1
7.738501265E2,-5.189440674E1
7.739565423E2,-5.118167172E1
7.740628633E2,-4.806460415E1
7.741691708E2,-4.847256142E1
7.742732217E2,-5.144393351E1
7.743750161E2,-5.191809820E1
7.744813436E2,-5.500596494E1
7.745876585E2,-5.353142228E1
7.746898934E2,-5.183246420E1
7.747961108E2,-5.168367319E1
7.749007721E2,-5.416851855E1
7.750066715E2,-5.164731739E1
7.751128943E2,-5.131485894E1
7.752185753E2,-5.283487421E1
7.753232415E2,-5.609693609E1
7.754287660E2,-5.399012685E1
7.755302258E2,-5.428355517E1
7.756366550E2,-5.414202383E1
7.757398443E2,-5.208424573E1
7.758407446E2,-5.125294515E1
7.759470214E2,-5.387912289E1
7.760532182E2,-5.201925262E1
7.761566444E2,-5.239472026E1
7.762629662E2,-5.599912413E1
7.763692625E2,-5.433160676E1
7.764732173E2,-5.409423228E1
7.765789447E2,-5.441224136E1
7.766808827E2,-5.455377702E1
7.767871880E2,-5.450319740E1
7.768900175E2,-5.408608578E1
7.769908417E2,-4.994410684E1
7.770935530E2,-4.831463239E1
7.771998392E2,-5.004072302E1
7.773034029E2,-4.880835943E1
7.774067473E2,-5.000242661E1
7.775130261E2,-5.027548963E1
7.776196351E2,-5.386690510E1
7.777233359E2,-5.374939126E1
7.778242031E2,-5.367583284E1
7.779304738E2,-5.459864173E1
7.780360902E2,-5.346651058E1
7.781400715E2,-5.579997467E1
7.782461169E2,-5.343949365E1
7.783523873E2,-5.330771224E1
7.784568105E2,-5.267550089E1
7.785630303E2,-5.047267086E1
7.786688328E2,-4.887753724E1
7.787735627E2,-4.790888893E1
7.788756708E2,-5.218604822E1
7.789776012E2,-5.282555935E1
7.790835967E2,-5.199133730E1
7.791898403E2,-5.310152909E1
7.792929792E2,-5.330733079E1
7.793989897E2,-5.218903709E1
7.795053549E2,-5.141947921E1
7.796069428E2,-5.160000562E1
7.797129870E2,-5.543572033E1
7.798192612E2,-5.048281157E1
7.799236078E2,-5.359554047E1
7.800298527E2,-5.355854930E1
7.801312949E2,-5.169050725E1
7.802338608E2,-5.304075478E1
7.803367700E2,-5.481117896E1
7.804404498E2,-5.400303566E1
7.805467835E2,-5.472304160E1
7.806480331E2,-5.340676183E1
7.807507635E2,-5.305115475E1
7.808570249E2,-5.416632326E1
7.809632522E2,-5.416140527E1
7.810689502E2,-5.402654004E1
7.811737136E2,-5.248380709E1
7.812791388E2,-5.040903246E1
7.813810413E2,-4.901946719E1
7.814856759E2,-4.921887562E1
7.815902913E2,-5.079867127E1
7.816911840E2,-5.192684824E1
7.817972996E2,-5.084682970E1
7.819001712E2,-5.024086747E1
7.820053607E2,-5.348676232E1
7.821071289E2,-5.666062540E1
7.822130065E2,-5.623720885E1
7.823174957E2,-5.528044216E1
7.824233940E2,-5.191659614E1
7.825299269E2,-5.529195262E1
7.826329957E2,-5.328171369E1
7.827392185E2,-4.864306071E1
7.828405202E2,-5.230813671E1
7.829468765E2,-5.432253762E1
7.830530697E2,-4.942162831E1
7.831571989E2,-5.312301487E1
7.832634730E2,-4.998024001E1
7.833661315E2,-4.981596515E1
7.834699227E2,-5.043668816E1
7.835739085E2,-5.272478216E1
7.836803406E2,-5.293330131E1
7.837865795E2,-5.409537316E1
7.838906168E2,-5.110719671E1
7.839969202E2,-5.324491681E1
7.841033960E2,-5.178682722E1
7.842073255E2,-5.269503730E1
7.843129895E2,-5.110393289E1
7.844193300E2,-5.449277729E1
7.845241078E2,-5.340433303E1
7.846259912E2,-5.299816539E1
7.847318081E2,-5.399468226E1
7.848380736E2,-5.311083301E1
7.849405967E2,-5.536637560E1
7.850415125E2,-5.520256129E1
7.851434439E2,-5.482394264E1
7.852473179E2,-5.365925228E1
7.853487493E2,-5.355482193E1
7.854551076E2,-5.571746834E1
7.855573962E2,-5.340496324E1
7.856637518E2,-5.417128906E1
7.857697993E2,-5.432455097E1
7.858741226E2,-5.463720453E1
7.859803605E2,-5.502370569E1
7.860863642E2,-5.506236025E1
7.861907805E2,-5.392635408E1
7.862955155E2,-5.344929765E1
7.863972514E2,-5.540317642E1
7.865037440E2,-5.634646035E1
7.866074830E2,-5.181608022E1
7.867120179E2,-5.379773154E1
7.868184182E2,-5.262061006E1
7.869241560E2,-5.284615664E1
7.870303646E2,-4.967555762E1
7.871358176E2,-5.075521062E1
7.872408780E2,-5.601559879E1
7.873430089E2,-5.296701560E1
7.874490300E2,-4.960209831E1
7.875554708E2,-4.974229644E1
7.876575743E2,-5.145569253E1
7.877632373E2,-5.224652589E1
7.878696038E2,-5.001563627E1
7.879742236E2,-5.132149709E1
7.880794951E2,-5.430880860E1
7.881853429E2,-5.397036152E1
7.882909009E2,-5.419183426E1
7.883957083E2,-5.462876997E1
7.885021487E2,-5.613053703E1
7.886076264E2,-5.514221246E1
7.887127540E2,-5.433726974E1
7.888190617E2,-5.511422245E1
7.889243320E2,-5.043605200E1
7.890306175E2,-4.970248529E1
7.891351806E2,-5.287418910E1
7.892409865E2,-5.042517161E1
7.893437455E2,-5.142532664E1
7.894495932E2,-5.059090161E1
7.895560169E2,-5.334243137E1
7.896575623E2,-4.934623335E1
7.897584831E2,-5.087649045E1
7.898647960E2,-5.139213523E1
7.899660536E2,-5.217375337E1
7.900717591E2,-5.483487519E1
7.901744561E2,-5.337601961E1
7.902807640E2,-5.183239031E1
7.903825754E2,-5.471791881E1
7.904883177E2,-5.394482651E1
7.905912107E2,-5.413783344E1
7.906954270E2,-5.308049170E1
7.908012618E2,-5.368677414E1
7.909073114E2,-5.294628154E1
7.910129599E2,-5.476537932E1
7.911191614E2,-5.059976995E1
7.912245309E2,-4.980799672E1
7.913252912E2,-5.364217602E1
7.914316327E2,-5.371815505E1
7.915356061E2,-5.371739321E1
7.916407630E2,-5.358481163E1
7.917468192E2,-5.508276929E1
7.918485500E2,-5.498375446E1
7.919548127E2,-5.396667136E1
7.920579226E2,-5.507361562E1
7.921642452E2,-5.301014500E1
7.922706048E2,-5.299538000E1
7.923746134E2,-5.402379042E1
7.924787075E2,-5.322653415E1
7.925848276E2,-5.287255880E1
7.926908534E2,-5.280620972E1
7.927967626E2,-5.290513952E1
7.929028025E2,-5.328657240E1
7.930079664E2,-5.283856189E1
7.931132635E2,-5.446947429E1
7.932190934E2,-5.371840574E1
7.933253124E2,-5.366415525E1
7.934309329E2,-5.306292808E1
7.935352375E2,-5.465704269E1
7.936412125E2,-5.482719697E1
7.937420902E2,-5.453218863E1
7.938451098E2,-5.463294222E1
7.939496748E2,-5.367907420E1
7.940559798E2,-5.171205707E1
7.941580027E2,-5.108263860E1
7.942621331E2,-5.102566968E1
7.943671832E2,-5.096660288E1
7.944736117E2,-5.094299149E1
7.945756865E2,-5.156575390E1
7.946815098E2,-5.169693850E1
7.947851441E2,-5.312239636E1
7.948913798E2,-5.195797512E1
7.949928897E2,-5.220935330E1
7.950963358E2,-5.331780217E1
7.952025467E2,-5.217097238E1
7.953080180E2,-5.366788124E1
7.954130237E2,-5.240918413E1
7.955193870E2,-5.131944074E1
7.956248234E2,-5.142858726E1
7.957310910E2,-5.353401089E1
7.958366712E2,-5.223180770E1
7.959415644E2,-5.342031818E1
7.960446385E2,-5.418715108E1
7.961508925E2,-5.130817244E1
7.962571564E2,-5.350931037E1
7.963596894E2,-5.293519721E1
7.964655902E2,-5.243139384E1
7.965720175E2,-5.343687862E1
7.966748070E2,-5.296030972E1
7.967756986E2,-5.352029329E1
7.968815044E2,-5.332254367E1
7.969825968E2,-5.192523932E1
7.970882631E2,-5.077408400E1
7.971917080E2,-5.030564633E1
7.972964175E2,-5.160397368E1
7.974020848E2,-5.399251129E1
7.975083301E2,-5.031059119E1
7.976129562E2,-5.206655434E1
7.977185670E2,-5.171713274E1
7.978246015E2,-5.153270458E1
7.979309227E2,-5.214686403E1
7.980368946E2,-5.251633262E1
7.981417038E2,-5.313827749E1
7.982481802E2,-5.557554813E1
7.983501975E2,-5.473990206E1
7.984556843E2,-5.595410177E1
7.985583420E2,-5.378078112E1
7.986646762E2,-5.345837149E1
7.987671351E2,-5.326771670E1
7.988732075E2,-5.353856847E1
7.989750834E2,-5.385440750E1
7.990814738E2,-5.391191572E1
7.991843537E2,-5.350939513E1
7.992862949E2,-5.414825513E1
7.993918642E2,-5.373461556E1
7.994982353E2,-5.498456246E1
7.995998717E2,-5.475428535E1
7.997059583E2,-5.185126379E1
7.998085265E2,-5.086594159E1
7.999142406E2,-5.203364630E1
8.000203464E2,-5.013485427E1
8.001251130E2,-5.243472609E1
8.002277230E2,-5.276490473E1
8.003314386E2,-5.370038892E1
8.004336210E2,-5.353361031E1
8.005383687E2,-5.081165023E1
8.006418636E2,-5.405695460E1
8.007435967E2,-5.271142635E1
8.008499086E2,-4.924830742E1
8.009564210E2,-5.423157461E1
8.010585411E2,-5.444552758E1
8.011606047E2,-5.369445791E1
8.012667554E2,-5.527189513E1
8.013689372E2,-5.566444321E1
8.014747881E2,-5.485569478E1
8.015811421E2,-5.509203846E1
8.016827686E2,-5.412184995E1
8.017884887E2,-5.379959898E1
8.018939730E2,-5.188760066E1
8.019966785E2,-4.984689443E1
8.021024749E2,-4.992066824E1
8.022086970E2,-5.240622411E1
8.023129730E2,-5.434526325E1
8.024193150E2,-5.068152576E1
8.025243731E2,-5.084372431E1
8.026261147E2,-5.503106868E1
8.027324168E2,-4.894012376E1
8.028380498E2,-4.964040337E1
8.029420066E2,-5.056633439E1
8.030441475E2,-5.423933222E1
8.031505991E2,-5.486323620E1
8.032541995E2,-5.414070128E1
8.033587835E2,-5.449522725E1
8.034651237E2,-5.505968473E1
8.035715428E2,-5.600756517E1
8.036754357E2,-5.293205771E1
8.037818046E2,-5.443039346E1
8.038857464E2,-5.390611266E1
8.039916353E2,-5.492953687E1
8.040930932E2,-5.543403392E1
8.041989479E2,-5.454660331E1
8.043038668E2,-5.393213866E1
8.044088090E2,-5.516736798E1
8.045131016E2,-5.453229482E1
8.046187310E2,-5.520867977E1
8.047226865E2,-5.478472940E1
8.048255179E2,-5.458000255E1
8.049305265E2,-5.372673641E1
8.050364048E2,-5.490931355E1
8.051417175E2,-5.249365067E1
8.052438252E2,-5.432582151E1
8.053500657E2,-5.445073428E1
8.054559719E2,-5.314072360E1
8.055588977E2,-5.374294887E1
8.056651771E2,-5.526286743E1
8.057713954E2,-5.345002608E1
8.058755890E2,-5.383362409E1
8.059819421E2,-5.403950696E1
8.060882523E2,-5.390316821E1
8.061923087E2,-5.278251069E1
8.062986597E2,-5.355397955E1
8.064046869E2,-5.408757787E1
8.065089739E2,-5.455758245E1
8.066127923E2,-5.370013856E1
8.067183590E2,-5.296178600E1
8.068245976E2,-5.341773910E1
8.069257094E2,-5.529103358E1
8.070313507E2,-5.326582425E1
8.071330601E2,-5.373191893E1
8.072362020E2,-5.225183030E1
8.073424749E2,-5.356817185E1
8.074447219E2,-5.342381292E1
8.075465472E2,-5.501636354E1
8.076528850E2,-5.313191861E1
8.077591112E2,-5.228867923E1
8.078646466E2,-5.567849517E1
8.079704905E2,-5.398680638E1
8.080758163E2,-5.365061528E1
8.081821822E2,-5.369123212E1
8.082884794E2,-5.504774869E1
8.083925145E2,-5.537678045E1
8.084990184E2,-5.435836821E1
8.086053700E2,-5.316679698E1
8.087090990E2,-5.455946746E1
8.088129724E2,-5.376017754E1
8.089192476E2,-5.308628551E1
8.090252697E2,-5.447684974E1
8.091266341E2,-5.327951443E1
8.092329716E2,-5.110031718E1
8.093391630E2,-5.452360985E1
8.094425627E2,-5.416802638E1
8.095485654E2,-5.518726775E1
8.096503012E2,-5.489677315E1
8.097558596E2,-5.200347259E1
8.098592216E2,-5.389001365E1
8.099655575E2,-5.435280192E1
8.100718368E2,-5.334542330E1
8.101758158E2,-5.499487909E1
8.102799340E2,-5.497154482E1
8.103863174E2,-5.461014934E1
8.104924955E2,-5.484527558E1
8.105971305E2,-5.314219976E1
8.107034155E2,-5.513955680E1
8.108092664E2,-5.482203773E1
8.109128869E2,-5.346224221E1
8.110188797E2,-5.303260210E1
8.111252210E2,-5.339334128E1
8.112315152E2,-5.455699382E1
8.113378878E2,-5.419477948E1
8.114428213E2,-5.466047134E1
8.115491613E2,-5.403468244E1
8.116555102E2,-5.309082436E1
8.117593176E2,-5.431576979E1
8.118656444E2,-5.421686318E1
8.119719104E2,-5.370702839E1
8.120760767E2,-5.476389415E1
8.121823611E2,-5.337210538E1
8.122886856E2,-5.405100052E1
8.123928608E2,-5.428568243E1
8.124992351E2,-5.302034781E1
8.126054097E2,-5.220150841E1
8.127094816E2,-5.372768755E1
8.128129649E2,-5.337596722E1
8.129147790E2,-5.335504527E1
8.130181686E2,-5.342758522E1
8.131244765E2,-5.213923252E1
8.132262521E2,-5.530706582E1
8.133319170E2,-5.263173781E1
8.134382662E2,-5.350173336E1
8.135428669E2,-5.385202592E1
8.136491419E2,-5.217390747E1
8.137554622E2,-5.403981969E1
8.138595480E2,-5.276784500E1
8.139658284E2,-5.366989963E1
8.140720280E2,-5.348494464E1
8.141762332E2,-5.275918321E1
8.142825654E2,-5.267640428E1
8.143889191E2,-5.343667172E1
8.144928047E2,-5.066831527E1
8.145983865E2,-5.544172840E1
8.147047380E2,-5.538382632E1
8.148096250E2,-5.272109952E1
8.149129285E2,-4.941745270E1
8.150190855E2,-4.926847602E1
8.151253815E2,-5.158602977E1
8.152283262E2,-5.313346822E1
8.153347430E2,-4.964696446E1
8.154404695E2,-5.094685201E1
8.155430084E2,-5.225746431E1
8.156480064E2,-5.227718307E1
8.157544923E2,-5.187598087E1
8.158596800E2,-5.243184045E1
8.159660656E2,-5.040691245E1
8.160724622E2,-5.343599541E1
8.161764022E2,-5.257283718E1
8.162828900E2,-5.590596480E1
8.163893330E2,-5.296295590E1
8.164929516E2,-5.434320347E1
8.165957597E2,-5.428996264E1
8.167010682E2,-5.430264920E1
8.168074007E2,-5.489282353E1
8.169128563E2,-5.441713084E1
8.170185128E2,-5.362457355E1
8.171248452E2,-5.575462424E1
8.172304673E2,-5.341192195E1
8.173359539E2,-5.575059507E1
8.174423425E2,-5.227756918E1
8.175439105E2,-5.211665601E1
8.176501877E2,-5.500852032E1
8.177518210E2,-5.263390957E1
8.178535633E2,-5.282330756E1
8.179594403E2,-5.203998609E1
8.180657420E2,-5.329335074E1
8.181716000E2,-5.277361128E1
8.182766490E2,-5.309952767E1
8.183830377E2,-5.225030892E1
8.184894151E2,-5.249416679E1
8.185932599E2,-5.353269374E1
8.186995457E2,-5.441362000E1
8.188046196E2,-5.172957016E1
8.189099635E2,-5.295114087E1
8.190129733E2,-5.190638868E1
8.191193278E2,-5.165998010E1
8.192250301E2,-5.314918316E1
8.193266803E2,-5.389273726E1
8.194330995E2,-5.242773123E1
8.195395044E2,-5.191062607E1
8.196433251E2,-5.281185537E1
8.197496496E2,-5.399727839E1
8.198560180E2,-5.278153389E1
8.199600053E2,-5.417616120E1
8.200650759E2,-5.252567398E1
8.201714182E2,-5.383566099E1
8.202767060E2,-5.143319371E1
8.203786267E2,-4.725950935E1
8.204845038E2,-4.275318754E1
8.205908814E2,-4.275735599E1
8.206933988E2,-4.441044133E1
8.207966647E2,-4.589538377E1
8.209024006E2,-4.535621262E1
8.210053744E2,-4.624878370E1
8.211100567E2,-4.625777930E1
8.212149046E2,-4.302880046E1
8.213206391E2,-4.524857856E1
8.214268585E2,-4.739363233E1
8.215334591E2,-4.777268907E1
8.216362277E2,-4.760477430E1
8.217417231E2,-4.953797392E1
8.218435198E2,-4.944802521E1
8.219463500E2,-4.742105981E1
8.220487654E2,-4.629172483E1
8.221544734E2,-4.519932812E1
8.222602399E2,-4.835422979E1
8.223625473E2,-4.776542335E1
8.224649493E2,-4.663194602E1
8.225714450E2,-4.791414395E1
8.226768747E2,-4.900022293E1
8.227800935E2,-5.182077100E1
8.228822447E2,-5.286374390E1
8.229886082E2,-5.281482055E1
8.230934187E2,-5.291719824E1
8.231990866E2,-5.262355704E1
8.233055993E2,-5.031962515E1
8.234102471E2,-4.846007102E1
8.235129249E2,-5.016751780E1
8.236177809E2,-5.033024010E1
8.237241583E2,-4.950621851E1
8.238269738E2,-5.025581076E1
8.239332744E2,-5.041612475E1
8.240373412E2,-5.321870742E1
8.241431554E2,-5.313785070E1
8.242495362E2,-5.306166308E1
8.243517002E2,-5.288356307E1
8.244579945E2,-5.269249782E1
8.245604192E2,-5.366598045E1
8.246667430E2,-5.424205189E1
8.247730758E2,-5.288481674E1
8.248770200E2,-5.443539300E1
8.249833195E2,-5.478049963E1
8.250883297E2,-5.525838602E1
8.251936356E2,-5.463332928E1
8.252951105E2,-5.344244577E1
8.254015019E2,-5.601225674E1
8.255078811E2,-5.432104170E1
8.256129608E2,-5.379019730E1
8.257192528E2,-5.464892917E1
8.258227862E2,-5.750832641E1
8.259270163E2,-5.520620690E1
8.260279200E2,-5.129543126E1
8.261342292E2,-4.292743997E1
8.262396448E2,-4.578390906E1
8.263438400E2,-4.250637209E1
8.264501772E2,-4.529784616E1
8.265564654E2,-4.412125148E1
8.266603817E2,-4.622633905E1
8.267658224E2,-4.850859732E1
8.268721845E2,-4.887828224E1
8.269771938E2,-4.682405595E1
8.270792437E2,-4.761231673E1
8.271850238E2,-5.146612145E1
8.272914469E2,-5.510929785E1
8.273939261E2,-4.751551541E1
8.274957360E2,-4.609720129E1
8.276011404E2,-4.872552898E1
8.277075196E2,-5.395747368E1
8.278121651E2,-5.153147287E1
8.279129940E2,-4.903738127E1
8.280193593E2,-4.969697250E1
8.281257001E2,-5.227638811E1
8.282272873E2,-4.877311579E1
8.283332014E2,-5.172152749E1
8.284389042E2,-5.433616333E1
8.285446660E2,-5.479092016E1
8.286459041E2,-5.450015060E1
8.287521732E2,-5.582052169E1
8.288584803E2,-5.616916952E1
8.289607206E2,-5.485499725E1
8.290670747E2,-5.497964901E1
8.291733671E2,-5.078542373E1
8.292774564E2,-4.576833628E1
8.293838860E2,-4.547284330E1
8.294897950E2,-4.511661592E1
8.295941576E2,-4.519298172E1
8.297004538E2,-4.410350218E1
8.298020950E2,-4.782033862E1
8.299084535E2,-4.971593881E1
8.300129752E2,-4.868675791E1
8.301179045E2,-4.849751686E1
8.302211883E2,-4.822407664E1
8.303275170E2,-5.142159036E1
8.304290664E2,-5.154888323E1
8.305296154E2,-5.042323133E1
8.306358933E2,-5.429135175E1
8.307378482E2,-5.139978343E1
8.308440392E2,-5.080377405E1
8.309449176E2,-4.944599406E1
8.310511915E2,-5.273132924E1
8.311567296E2,-5.119207356E1
8.312607718E2,-5.252296981E1
8.313616915E2,-5.264692409E1
8.314680163E2,-5.339247013E1
8.315743345E2,-5.216246252E1
8.316774634E2,-5.388245543E1
8.317783362E2,-5.636186716E1
8.318810707E2,-5.448371675E1
8.319875106E2,-5.571456345E1
8.320937389E2,-5.591010062E1
8.321995285E2,-5.437958357E1
8.323060033E2,-4.796474349E1
8.324109747E2,-4.384885438E1
8.325166900E2,-4.407775165E1
8.326228257E2,-4.307089666E1
8.327276271E2,-4.709905343E1
8.328339073E2,-4.718539856E1
8.329395439E2,-4.615333031E1
8.330443737E2,-4.789862239E1
8.331506987E2,-5.113701230E1
8.332567985E2,-4.796712298E1
8.333610121E2,-4.944224032E1
8.334672905E2,-5.029277329E1
8.335704525E2,-5.556122218E1
8.336768396E2,-5.372557220E1
8.337784852E2,-5.460590318E1
8.338847725E2,-5.184405182E1
8.339910569E2,-5.270737846E1
8.340943682E2,-5.156936861E1
8.342006532E2,-5.717006767E1
8.343041675E2,-4.985344240E1
8.344104987E2,-5.184377283E1
8.345129733E2,-5.199227932E1
8.346192279E2,-5.410358377E1
8.347202169E2,-5.606852420E1
8.348265387E2,-5.477479626E1
8.349285660E2,-5.376960487E1
8.350342246E2,-5.465490328E1
8.351390515E2,-5.398617703E1
8.352444883E2,-5.415468983E1
8.353508411E2,-5.573467849E1
8.354571116E2,-5.417016794E1
8.355611950E2,-5.508732559E1
8.356631331E2,-5.539144514E1
8.357689418E2,-5.421783184E1
8.358752199E2,-5.413713533E1
8.359778942E2,-5.463699460E1
8.360842367E2,-5.268779878E1
8.361905569E2,-5.541115599E1
8.362946515E2,-5.420852545E1
8.363969022E2,-5.384601194E1
8.365026618E2,-5.376414203E1
8.366090515E2,-5.532601364E1
8.367120874E2,-5.343117416E1
8.368184553E2,-5.570130228E1
8.369216770E2,-5.554591509E1
8.370279241E2,-5.638415117E1
8.371286495E2,-5.533092630E1
8.372344351E2,-5.615743113E1
8.373400039E2,-5.536295377E1
8.374446891E2,-5.628063367E1
8.375509725E2,-5.450436955E1
8.376527753E2,-5.509826903E1
8.377588996E2,-5.669304299E1
8.378613232E2,-5.471473088E1
8.379676475E2,-5.385391265E1
8.380739875E2,-5.331252932E1
8.381780063E2,-5.551661293E1
8.382841518E2,-5.685426183E1
8.383906707E2,-5.497309245E1
8.384947132E2,-5.462842606E1
8.386009556E2,-5.487207247E1
8.387043020E2,-3.830788983E1
8.388106685E2,-4.451117628E1
8.389138313E2,-4.430272518E1
8.390198835E2,-5.286868998E1
8.391256978E2,-5.487931416E1
8.392281410E2,-5.441329583E1
8.393344594E2,-5.598500623E1
8.394368565E2,-3.657441507E1
8.395424222E2,-5.216045016E1
8.396447788E2,-5.523447676E1
8.397511747E2,-5.431403401E1
8.398569319E2,-5.469849215E1
8.399615810E2,-5.499037611E1
8.400679142E2,-5.552285669E1
8.401742351E2,-4.425622905E1
8.402782905E2,-4.015842089E1
8.403842397E2,-4.452041446E1
8.404906203E2,-4.015269348E1
8.405970147E2,-3.968761727E1
8.407026495E2,-3.936567274E1
8.408084749E2,-4.187932167E1
8.409124276E2,-4.150544259E1
8.410157101E2,-4.437949678E1
8.411188310E2,-4.223320835E1
8.412249955E2,-4.441011365E1
8.413282972E2,-4.451615099E1
8.414346714E2,-4.564450365E1
8.415376793E2,-3.935060597E1
8.416436939E2,-4.519646687E1
8.417457331E2,-3.851919214E1
8.418519992E2,-4.248738618E1
8.419582870E2,-4.955758414E1
8.420616866E2,-4.966570520E1
8.421652017E2,-4.682844530E1
8.422715593E2,-5.270266367E1
8.423778911E2,-5.080046511E1
8.424827972E2,-5.105041887E1
8.425887584E2,-5.337089889E1
8.426950658E2,-4.951859767E1
8.428000994E2,-5.236808837E1
8.429065183E2,-5.291651056E1
8.430118819E2,-5.265500165E1
8.431182245E2,-5.164719624E1
8.432245677E2,-5.320512844E1
8.433282868E2,-5.329597548E1
8.434292180E2,-5.416940887E1
8.435356856E2,-5.413411248E1
8.436419748E2,-5.059442651E1
8.437449836E2,-5.393245961E1
8.438459217E2,-5.061969827E1
8.439522032E2,-5.114596781E1
8.440585606E2,-5.181589990E1
8.441641378E2,-5.422050469E1
8.442698821E2,-5.106956030E1
8.443763821E2,-4.997798615E1
8.444785340E2,-5.062453265E1
8.445810382E2,-5.317760579E1
8.446868557E2,-4.881615717E1
8.447932768E2,-5.436459935E1
8.448972927E2,-5.016944726E1
8.450036417E2,-5.326374856E1
8.451056122E2,-5.489620457E1
8.452065130E2,-5.386682398E1
8.453129145E2,-5.226724356E1
8.454190537E2,-5.171215386E1
8.455244508E2,-5.333952304E1
8.456287495E2,-5.088067942E1
8.457351141E2,-4.095113771E1
8.458413790E2,-3.670992545E1
8.459453603E2,-4.632297819E1
8.460516549E2,-5.327054139E1
8.461535002E2,-5.486914295E1
8.462586122E2,-5.168694037E1
8.463621245E2,-5.078961817E1
8.464684520E2,-5.212009888E1
8.465747596E2,-5.098850764E1
8.466787253E2,-4.791232909E1
8.467850005E2,-4.529911914E1
8.468913134E2,-5.296952338E1
8.469954778E2,-4.408743711E1
8.471019126E2,-4.683255743E1
8.472084141E2,-4.380215749E1
8.473121417E2,-4.380577709E1
8.474159108E2,-4.714472929E1
8.475217650E2,-5.083084727E1
8.476280938E2,-5.161060551E1
8.477306565E2,-4.506244892E1
8.478366663E2,-4.528480473E1
8.479428998E2,-4.581753256E1
8.480453198E2,-4.829196063E1
8.481462485E2,-5.304609035E1
8.482525694E2,-4.734843830E1
8.483557315E2,-5.162429633E1
8.484613942E2,-5.430865982E1
8.485629407E2,-5.398626121E1
8.486693780E2,-5.136806658E1
8.487736608E2,-5.227346521E1
8.488788365E2,-5.406860466E1
8.489851244E2,-5.267925163E1
8.490914184E2,-5.384515671E1
8.491954912E2,-5.094692601E1
8.492963314E2,-4.823892744E1
8.494027667E2,-5.276786816E1
8.495064027E2,-4.630602830E1
8.496122699E2,-4.707477958E1
8.497139148E2,-4.396117836E1
8.498189414E2,-4.665855412E1
8.499252230E2,-4.744649359E1
8.500289732E2,-5.051561823E1
8.501308470E2,-4.602422070E1
8.502366833E2,-4.731632665E1
8.503430822E2,-4.893499693E1
8.504456269E2,-4.985490316E1
8.505478672E2,-5.065782895E1
8.506539360E2,-4.594106388E1
8.507602703E2,-4.480659875E1
8.508623645E2,-3.967385912E1
8.509667095E2,-4.308763209E1
8.510730460E2,-4.185077253E1
8.511791131E2,-4.249529337E1
8.512853980E2,-4.378210573E1
8.513917069E2,-4.828586440E1
8.514957043E2,-4.538278567E1
8.515999323E2,-4.293857924E1
8.517062301E2,-4.520066871E1
8.518124427E2,-4.795720089E1
8.519166652E2,-3.741167470E1
8.520226436E2,-5.260605391E1
8.521286250E2,-5.288014364E1
8.522299520E2,-5.318769981E1
8.523362973E2,-5.107329056E1
8.524426707E2,-5.271844875E1
8.525458031E2,-5.023305350E1
8.526521048E2,-5.354138099E1
8.527582420E2,-5.555540834E1
8.528625452E2,-5.070778789E1
8.529688193E2,-4.896466259E1
8.530751617E2,-5.120437181E1
8.531792289E2,-4.888560551E1
8.532856365E2,-5.306156446E1
8.533919286E2,-5.272626883E1
8.534959127E2,-5.305622936E1
8.536021387E2,-5.059834595E1
8.537034309E2,-4.852309388E1
8.538097494E2,-5.023618341E1
8.539126177E2,-5.057117440E1
8.540189681E2,-5.239833970E1
8.541252447E2,-4.789047703E1
8.542304851E2,-5.462965959E1
8.543361791E2,-5.274884474E1
8.544424515E2,-5.069258960E1
8.545459381E2,-5.430316360E1
8.546485841E2,-5.259855379E1
8.547543443E2,-5.460118140E1
8.548606537E2,-5.008137822E1
8.549627037E2,-4.993859234E1
8.550643964E2,-5.421362421E1
8.551704365E2,-5.071596464E1
8.552760171E2,-5.319803348E1
8.553794991E2,-5.368529056E1
8.554822888E2,-4.906835015E1
8.555886268E2,-5.289725836E1
8.556950242E2,-5.034413228E1
8.557979105E2,-5.304315906E1
8.559035759E2,-5.461111451E1
8.560099072E2,-4.829035663E1
8.561128119E2,-5.052813868E1
8.562191804E2,-5.223511567E1
8.563255338E2,-5.198055313E1
8.564293904E2,-5.196246659E1
8.565357007E2,-5.281496407E1
8.566377102E2,-5.528820820E1
8.567437583E2,-5.115114933E1
8.568461739E2,-5.102167732E1
8.569492653E2,-5.421926266E1
8.570555639E2,-5.117155225E1
8.571572264E2,-5.001314986E1
8.572629215E2,-5.359182343E1
8.573692178E2,-5.415965298E1
8.574755219E2,-4.977881489E1
8.575795331E2,-4.653700517E1
8.576858871E2,-4.725899742E1
8.577922415E2,-4.829068444E1
8.578962630E2,-4.011880704E1
8.580020035E2,-4.877965399E1
8.581083285E2,-5.116859328E1
8.582130804E2,-5.307593806E1
8.583150981E2,-5.049219427E1
8.584214008E2,-5.368580522E1
8.585267395E2,-5.294515027E1
8.586295636E2,-5.311781247E1
8.587359051E2,-5.290453492E1
8.588415201E2,-5.291995627E1
8.589463209E2,-5.419184356E1
8.590528043E2,-5.557273459E1
8.591548516E2,-5.144125166E1
8.592609674E2,-5.163679873E1
8.593630048E2,-4.885042148E1
8.594693038E2,-3.963999893E1
8.595756342E2,-4.274036573E1
8.596797502E2,-4.710393712E1
8.597849953E2,-4.889357957E1
8.598913044E2,-4.921285929E1
8.599963752E2,-5.404655676E1
8.601026742E2,-5.438650468E1
8.602067706E2,-5.394009687E1
8.603130734E2,-5.463149490E1
8.604167231E2,-5.493879827E1
8.605194433E2,-5.494896895E1
8.606257850E2,-5.077469303E1
8.607298011E2,-5.020812183E1
8.608364681E2,-5.203315008E1
8.609421288E2,-5.231322928E1
8.610464994E2,-5.179208557E1
8.611531086E2,-4.966582543E1
8.612567520E2,-5.217116505E1
8.613631367E2,-5.211270709E1
8.614666223E2,-5.287081151E1
8.615728548E2,-4.932392077E1
8.616767150E2,-4.982991619E1
8.617798494E2,-5.070987227E1
8.618861465E2,-4.256809789E1
8.619925679E2,-4.044317874E1
8.620965396E2,-4.735361314E1
8.622022940E2,-4.585397999E1
8.623066684E2,-4.321020391E1
8.624128207E2,-4.287888537E1
8.625166769E2,-4.059934128E1
8.626197477E2,-4.380735062E1
8.627256040E2,-5.062646420E1
8.628299537E2,-5.047877322E1
8.629361116E2,-3.988742675E1
8.630381367E2,-3.865747062E1
8.631444952E2,-4.028953643E1
8.632467381E2,-4.538179156E1
8.633485910E2,-3.786599110E1
8.634549840E2,-3.602529877E1
8.635613525E2,-4.518318770E1
8.636633643E2,-4.954976243E1
8.637672735E2,-5.042512603E1
8.638735318E2,-4.644926824E1
8.639756627E2,-4.304333620E1
8.640800327E2,-3.924621564E1
8.641864958E2,-4.479886559E1
8.642898535E2,-4.645089586E1
8.643955637E2,-4.600206394E1
8.644999648E2,-4.527834232E1
8.646062723E2,-4.892951021E1
8.647099817E2,-4.983421923E1
8.648134588E2,-5.201569680E1
8.649198073E2,-4.917934155E1
8.650261385E2,-5.177667736E1
8.651302898E2,-5.217922797E1
8.652336036E2,-5.461960695E1
8.653366383E2,-5.261586399E1
8.654429097E2,-5.151297900E1
8.655466337E2,-5.399170572E1
8.656475469E2,-5.120531995E1
8.657538333E2,-5.164582354E1
8.658601360E2,-5.180391553E1
8.659634838E2,-5.019311762E1
8.660697615E2,-5.108461349E1
8.661760558E2,-5.287200469E1
8.662801989E2,-5.082432896E1
8.663865275E2,-5.040448475E1
8.664929081E2,-4.921293933E1
8.665968646E2,-4.755646755E1
8.667031590E2,-5.020727414E1
8.668094424E2,-4.768412869E1
8.669135555E2,-4.093956902E1
8.670178501E2,-4.299781954E1
8.671236883E2,-4.367674970E1
8.672297045E2,-4.391049039E1
8.673321837E2,-4.374661698E1
8.674379691E2,-4.162344390E1
8.675443525E2,-4.259472577E1
8.676480472E2,-4.452029577E1
8.677536377E2,-4.479151983E1
8.678599265E2,-4.927925047E1
8.679636854E2,-5.274754962E1
8.680700169E2,-5.185862238E1
8.681763326E2,-5.372330443E1
8.682804367E2,-5.535024106E1
8.683867610E2,-5.173327679E1
8.684908890E2,-5.247123849E1
8.685970680E2,-5.042268367E1
8.687014045E2,-5.020337823E1
8.688076339E2,-5.121002244E1
8.689137432E2,-5.316538506E1
8.690165325E2,-5.350513141E1
8.691201470E2,-5.348185979E1
8.692265269E2,-5.612390388E1
8.693304286E2,-5.457430810E1
8.694367162E2,-5.290527628E1
8.695428827E2,-5.094729863E1
8.696471073E2,-5.178015790E1
8.697534202E2,-5.089307110E1
8.698597589E2,-5.075896567E1
8.699636704E2,-5.291573775E1
8.700646380E2,-5.226848804E1
8.701710773E2,-5.331486401E1
8.702775635E2,-5.387501565E1
8.703805211E2,-5.247438331E1
8.704820110E2,-4.954847311E1
8.705883422E2,-4.844157669E1
8.706904770E2,-4.139917639E1
8.707923986E2,-4.474920671E1
8.708972503E2,-3.832535053E1
8.709996916E2,-4.242388506E1
8.711030393E2,-4.014400935E1
8.712064723E2,-4.469675326E1
8.713128453E2,-4.405769121E1
8.714181148E2,-4.766049721E1
8.715204157E2,-5.090800288E1
8.716266818E2,-4.969678912E1
8.717304423E2,-5.279870752E1
8.718313567E2,-5.347744282E1
8.719376327E2,-5.137841972E1
8.720438413E2,-5.378106389E1
8.721473350E2,-5.352064926E1
8.722510312E2,-5.539975059E1
8.723567766E2,-5.292834050E1
8.724627941E2,-5.275352754E1
8.725647502E2,-4.933103028E1
8.726666628E2,-3.822255013E1
8.727728847E2,-3.964259050E1
8.728789021E2,-3.826438350E1
8.729806883E2,-4.489029643E1
8.730871065E2,-4.316207039E1
8.731890430E2,-4.612895685E1
8.732951431E2,-4.334041162E1
8.733974329E2,-4.144430456E1
8.735026333E2,-3.951460269E1
8.736077859E2,-4.381761304E1
8.737140936E2,-4.530693732E1
8.738204319E2,-3.919610736E1
8.739266633E2,-3.878398670E1
8.740307156E2,-3.882671649E1
8.741352182E2,-4.090904892E1
8.742409489E2,-3.596429544E1
8.743469215E2,-3.734960971E1
8.744482533E2,-3.822473518E1
8.745536870E2,-3.802475642E1
8.746599687E2,-3.838639590E1
8.747641814E2,-4.639651851E1
8.748701682E2,-4.892454773E1
8.749764426E2,-5.117186219E1
8.750807936E2,-4.996900057E1
8.751817064E2,-5.056652055E1
8.752838956E2,-5.109073157E1
8.753855868E2,-5.166500374E1
8.754899804E2,-5.029018751E1
8.755963975E2,-5.335211027E1
8.756984021E2,-5.112995777E1
8.758044799E2,-5.153746076E1
8.759108639E2,-5.369719439E1
8.760143108E2,-5.083221649E1
8.761201419E2,-5.246674889E1
8.762260333E2,-4.843424650E1
8.763309807E2,-5.341556278E1
8.764334270E2,-4.836317283E1
8.765394827E2,-4.746862734E1
8.766458656E2,-4.831146140E1
8.767475986E2,-4.856946947E1
8.768526697E2,-5.061295854E1
8.769589790E2,-5.389803289E1
8.770643093E2,-5.404884954E1
8.771686243E2,-5.332686499E1
8.772747778E2,-5.325909561E1
8.773810503E2,-5.435017870E1
8.774873313E2,-5.208223306E1
8.775900262E2,-5.157498877E1
8.776953669E2,-4.750454558E1
8.777977195E2,-5.358710005E1
8.779040551E2,-5.261348079E1
8.780104463E2,-5.119540985E1
8.781144288E2,-5.230175619E1
8.782196360E2,-5.252071271E1
8.783259910E2,-5.222665863E1
8.784311475E2,-5.146485266E1
8.785374135E2,-4.886159320E1
8.786436631E2,-4.793695200E1
8.787478384E2,-4.731399003E1
8.788500187E2,-4.841315714E1
8.789563445E2,-4.489745228E1
8.790609988E2,-4.979458750E1
8.791645546E2,-5.026737497E1
8.792669599E2,-4.905360367E1
8.793725988E2,-5.297814359E1
8.794739026E2,-5.245401532E1
8.795776293E2,-5.022613916E1
8.796812307E2,-5.385531458E1
8.797875137E2,-4.835195875E1
8.798937316E2,-5.507451316E1
8.799979250E2,-5.051086889E1
8.801043632E2,-5.167018745E1
8.802108593E2,-5.240953859E1
8.803146039E2,-5.104845087E1
8.804209252E2,-5.299890462E1
8.805272047E2,-5.086839494E1
8.806312412E2,-5.289750481E1
8.807375150E2,-5.355060140E1
8.808431792E2,-5.217612318E1
8.809479412E2,-5.192599337E1
8.810533275E2,-5.273689158E1
8.811596864E2,-5.292019516E1
8.812646524E2,-5.384829001E1
8.813709876E2,-5.253124850E1
8.814772716E2,-5.321319889E1
8.815813346E2,-5.433321709E1
8.816827150E2,-5.182327629E1
8.817853484E2,-5.323512195E1
8.818917084E2,-5.070909721E1
8.819979935E2,-5.215900711E1
8.821022195E2,-5.136091540E1
8.822064850E2,-5.249044836E1
8.823091884E2,-5.329324384E1
8.824146790E2,-5.222288556E1
8.825155583E2,-5.293764889E1
8.826218441E2,-5.193038087E1
8.827232995E2,-5.361087184E1
8.828296195E2,-5.309929728E1
8.829313957E2,-5.266223565E1
8.830322039E2,-5.405751913E1
8.831385279E2,-5.215565074E1
8.832443155E2,-5.201872804E1
8.833481081E2,-4.681401276E1
8.834495456E2,-4.750629892E1
8.835555378E2,-4.729027523E1
8.836618251E2,-4.145473195E1
8.837647630E2,-4.084236911E1
8.838656228E2,-4.181062665E1
8.839721196E2,-4.953358561E1
8.840766859E2,-4.743684436E1
8.841814214E2,-5.314821919E1
8.842855940E2,-4.520402678E1
8.843914032E2,-4.709994959E1
8.844978130E2,-4.695174553E1
8.846040960E2,-4.960030020E1
8.847065126E2,-5.327632390E1
8.848105999E2,-5.192042296E1
8.849149497E2,-5.365365298E1
8.850213621E2,-5.275275437E1
8.851266864E2,-5.142740528E1
8.852317242E2,-5.361947645E1
8.853365956E2,-5.041371174E1
8.854422356E2,-4.962836267E1
8.855481695E2,-5.217957615E1
8.856538057E2,-5.082782613E1
8.857566362E2,-5.369193380E1
8.858629375E2,-5.236644869E1
8.859667311E2,-5.395801856E1
8.860731477E2,-5.452718753E1
8.861766571E2,-5.428567375E1
8.862817246E2,-5.093029030E1
8.863880687E2,-5.165100711E1
8.864920979E2,-4.698249813E1
8.865982801E2,-4.470240752E1
8.866991928E2,-4.705336618E1
8.868050760E2,-5.097018767E1
8.869113550E2,-5.123933525E1
8.870151274E2,-5.236244141E1
8.871215308E2,-5.435359339E1
8.872279181E2,-5.572491311E1
8.873317493E2,-5.321801014E1
8.874345102E2,-5.037010865E1
8.875401278E2,-4.593326574E1
8.876463793E2,-4.642616284E1
8.877484975E2,-4.813263265E1
8.878548881E2,-5.190665631E1
8.879602840E2,-4.470297404E1
8.880652278E2,-4.415681129E1
8.881699284E2,-4.439283437E1
8.882763541E2,-5.194701597E1
8.883818627E2,-5.211491554E1
8.884882162E2,-5.091792382E1
8.885946057E2,-5.332896531E1
8.886985300E2,-5.466472478E1
8.888049580E2,-5.377190497E1
8.889059937E2,-4.875562617E1
8.890119806E2,-4.481117952E1
8.891153142E2,-4.817287433E1
8.892216549E2,-4.498601746E1
8.893279948E2,-4.973031097E1
8.894318791E2,-4.654356286E1
8.895381342E2,-4.841789298E1
8.896443878E2,-4.742809096E1
8.897486028E2,-4.432652140E1
8.898549437E2,-4.705685231E1
8.899612527E2,-5.265916165E1
8.900653880E2,-5.209623468E1
8.901718032E2,-5.090760343E1
8.902781100E2,-5.393786329E1
8.903820608E2,-5.314083951E1
8.904884035E2,-5.264977951E1
8.905947480E2,-4.893761878E1
8.906987002E2,-4.638115763E1
8.908014006E2,-4.635699428E1
8.909053116E2,-4.956845354E1
8.910116186E2,-5.083679893E1
8.911154203E2,-5.003886480E1
8.912217128E2,-4.712045455E1
8.913280172E2,-4.969619115E1
8.914320694E2,-5.531445224E1
8.915383321E2,-5.177844612E1
8.916424648E2,-5.356079113E1
8.917482780E2,-5.269181351E1
8.918496895E2,-5.160744465E1
8.919555369E2,-5.097433252E1
8.920618108E2,-4.674604943E1
8.921655382E2,-4.471231174E1
8.922718789E2,-4.192186796E1
8.923780492E2,-5.015273557E1
8.924821855E2,-5.400568565E1
8.925884874E2,-3.598281032E1
8.926948560E2,-3.628878623E1
8.927987254E2,-3.949272776E1
8.929009056E2,-5.140619835E1
8.930072307E2,-5.254252661E1
8.931129388E2,-5.231988414E1
8.932156443E2,-5.241762160E1
8.933218418E2,-5.463022898E1
8.934276527E2,-5.211315208E1
8.935322018E2,-4.113280645E1
8.936389930E2,-4.501129753E1
8.937453281E2,-4.988851173E1
8.938487732E2,-4.797559124E1
8.939497027E2,-3.588613588E1
8.940560530E2,-3.618403796E1
8.941624692E2,-3.838134478E1
8.942656809E2,-4.499692203E1
8.943720920E2,-4.456878021E1
8.944779312E2,-4.097877231E1
8.945823431E2,-4.389714787E1
8.946886664E2,-4.662761749E1
8.947950301E2,-5.221227576E1
8.948991071E2,-5.108716287E1
8.950055424E2,-5.451965004E1
8.951089733E2,-4.992418964E1
8.952152554E2,-5.149271066E1
8.953178689E2,-4.980493061E1
8.954236337E2,-5.269811756E1
8.955299345E2,-5.210363772E1
8.956324276E2,-5.019961919E1
8.957346440E2,-5.432274934E1
8.958365090E2,-5.153643605E1
8.959420677E2,-4.442485505E1
8.960484485E2,-4.341356326E1
8.961498849E2,-4.103827265E1
8.962520263E2,-3.966560739E1
8.963583384E2,-4.060520858E1
8.964646985E2,-3.556553396E1
8.965666330E2,-3.589935383E1
8.966681870E2,-4.691550366E1
8.967725397E2,-5.226979758E1
8.968778227E2,-5.432711745E1
8.969825217E2,-5.341242962E1
8.970888245E2,-5.426927811E1
8.971951435E2,-4.723930337E1
8.973007379E2,-5.073509837E1
8.974024320E2,-5.341400716E1
8.975080138E2,-4.244702569E1
8.976129756E2,-4.368427009E1
8.977159038E2,-4.546919297E1
8.978221800E2,-4.864931720E1
8.979284429E2,-4.470467198E1
8.980326494E2,-4.296968919E1
8.981390414E2,-4.677820924E1
8.982454134E2,-4.928114964E1
8.983492560E2,-4.599454647E1
8.984555032E2,-4.127628169E1
8.985618294E2,-4.245059681E1
8.986659465E2,-4.151459287E1
8.987684034E2,-4.564646460E1
8.988733891E2,-4.267951026E1
8.989796398E2,-4.732999786E1
8.990826597E2,-5.005026472E1
8.991880837E2,-5.141211387E1
8.992950680E2,-5.428637858E1
8.993993480E2,-5.079180235E1
8.995053824E2,-5.109752422E1
8.996116560E2,-5.066994451E1
8.997161102E2,-5.125169924E1
8.998223932E2,-5.211141544E1
8.999242207E2,-5.329795844E1
9.000263902E2,-5.420522517E1
9.001323310E2,-5.389190286E1
9.002384378E2,-5.509166525E1
9.003447260E2,-4.936513404E1
9.004494258E2,-5.316099281E1
9.005557443E2,-5.176214327E1
9.006619922E2,-5.184127560E1
9.007660950E2,-5.049820423E1
9.008722705E2,-5.303108067E1
9.009744571E2,-5.162692273E1
9.010808209E2,-5.103016641E1
9.011828315E2,-4.801162231E1
9.012871973E2,-5.280019322E1
9.013934998E2,-5.165427730E1
9.014995240E2,-5.464308365E1
9.016058624E2,-5.557246623E1
9.017122048E2,-5.259613443E1
9.018161958E2,-5.065278968E1
9.019180711E2,-5.221608669E1
9.020200221E2,-5.020178334E1
9.021265018E2,-5.428050143E1
9.022324453E2,-5.376754901E1
9.023387142E2,-5.486869061E1
9.024399433E2,-5.010951587E1
9.025416133E2,-5.401320670E1
9.026472614E2,-5.109835270E1
9.027495990E2,-5.525921384E1
9.028559280E2,-5.415812869E1
9.029622170E2,-5.275094573E1
9.030661920E2,-5.309466765E1
9.031670901E2,-5.240845689E1
9.032733809E2,-5.375969177E1
9.033796887E2,-5.461878058E1
9.034829780E2,-5.541320674E1
9.035852971E2,-5.401805449E1
9.036888789E2,-5.316138322E1
9.037951865E2,-5.447581634E1
9.038997436E2,-5.173590118E1
9.040032964E2,-5.486922892E1
9.041082438E2,-5.478631300E1
9.042130804E2,-5.371302387E1
9.043163885E2,-5.439831338E1
9.044227184E2,-5.547524866E1
9.045267871E2,-5.597686931E1
9.046325875E2,-5.327823640E1
9.047375651E2,-4.759888000E1
9.048438038E2,-4.965690139E1
9.049497502E2,-5.436957501E1
9.050560113E2,-5.178349340E1
9.051622508E2,-5.187094922E1
9.052665056E2,-5.010941316E1
9.053686115E2,-5.259251963E1
9.054748367E2,-5.244486990E1
9.055811380E2,-5.304191222E1
9.056831640E2,-5.301730569E1
9.057892950E2,-5.224479592E1
9.058916905E2,-5.274464952E1
9.059980756E2,-5.265550483E1
9.060998645E2,-5.108495416E1
9.062062211E2,-5.451995526E1
9.063125572E2,-5.433289653E1
9.064165919E2,-5.158333697E1
9.065220020E2,-5.217041401E1
9.066251809E2,-5.240378771E1
9.067315352E2,-5.178256772E1
9.068332502E2,-5.200253388E1
9.069349654E2,-5.346460271E1
9.070367284E2,-5.414012193E1
9.071422929E2,-5.392856480E1
9.072485402E2,-4.751920132E1
9.073499581E2,-5.032677755E1
9.074535959E2,-5.070886378E1
9.075592510E2,-5.037679628E1
9.076655032E2,-5.339766168E1
9.077674330E2,-5.424500205E1
9.078691709E2,-5.070173620E1
9.079700181E2,-5.294761413E1
9.080766054E2,-5.044681101E1
9.081828761E2,-5.072814095E1
9.082891502E2,-5.370971068E1
9.083954392E2,-5.215298918E1
9.084999149E2,-5.353122637E1
9.086055578E2,-5.431931449E1
9.087118835E2,-5.037165172E1
9.088167391E2,-5.079215835E1
9.089181007E2,-5.393992448E1
9.090241191E2,-5.346449355E1
9.091303992E2,-5.411018080E1
9.092333145E2,-5.388333336E1
9.093342221E2,-5.444888735E1
9.094405280E2,-5.313743670E1
9.095468111E2,-5.082228838E1
9.096501960E2,-4.994876265E1
9.097565128E2,-5.164427260E1
9.098602817E2,-5.135772111E1
9.099668617E2,-5.007179067E1
9.100733016E2,-5.069613343E1
9.101796033E2,-4.951218706E1
9.102855381E2,-4.935277803E1
9.103917951E2,-5.376597420E1
9.104981078E2,-5.383447869E1
9.106001955E2,-5.324990531E1
9.107064791E2,-5.132754984E1
9.108128008E2,-5.297030099E1
9.109168843E2,-4.977268840E1
9.110188145E2,-5.280485769E1
9.111251137E2,-5.250389239E1
9.112273184E2,-5.025938984E1
9.113329089E2,-5.049930877E1
9.114343481E2,-5.010614921E1
9.115392118E2,-5.347928731E1
9.116454562E2,-5.060320369E1
9.117503173E2,-5.051470249E1
9.118566142E2,-5.460460160E1
9.119630357E2,-5.146158672E1
9.120668316E2,-4.834631596E1
9.121699055E2,-5.394065744E1
9.122761387E2,-5.524054119E1
9.123809713E2,-5.577294971E1
9.124836724E2,-5.177395210E1
9.125899714E2,-4.940248284E1
9.126929513E2,-4.527758375E1
9.127977692E2,-4.681688531E1
9.129004394E2,-4.907609485E1
9.130068153E2,-4.785178685E1
9.131129924E2,-4.918596522E1
9.132171104E2,-4.942564203E1
9.133215160E2,-5.292660348E1
9.134278431E2,-5.420568751E1
9.135337469E2,-5.486563091E1
9.136392641E2,-4.918899840E1
9.137457167E2,-5.292182429E1
9.138505260E2,-5.158932228E1
9.139564931E2,-4.724125604E1
9.140598939E2,-5.333440994E1
9.141660979E2,-5.491989218E1
9.142679034E2,-5.253802013E1
9.143703606E2,-5.334360652E1
9.144766699E2,-5.014783223E1
9.145829488E2,-5.059848474E1
9.146846262E2,-5.268274947E1
9.147908781E2,-5.390357953E1
9.148954021E2,-5.436836218E1
9.150005510E2,-4.493360152E1
9.151068565E2,-3.404684473E1
9.152129948E2,-3.678265374E1
9.153172317E2,-3.980158521E1
9.154188092E2,-4.386322550E1
9.155250897E2,-4.250829987E1
9.156313877E2,-3.522442206E1
9.157339175E2,-3.993234525E1
9.158398337E2,-3.771374158E1
9.159412144E2,-3.469120745E1
9.160476305E2,-4.834497607E1
9.161506466E2,-5.418321945E1
9.162569586E2,-5.182413723E1
9.163589371E2,-4.048447000E1
9.164633881E2,-4.610427130E1
9.165672935E2,-4.240750278E1
9.166732553E2,-4.291447611E1
9.167795477E2,-4.122475604E1
9.168839872E2,-4.238621519E1
9.169902637E2,-4.282615888E1
9.170932905E2,-4.057561239E1
9.171996463E2,-4.415712256E1
9.173014811E2,-5.472336807E1
9.174077709E2,-3.802346894E1
9.175130400E2,-3.880825056E1
9.176173889E2,-4.304537724E1
9.177233522E2,-5.323050966E1
9.178274959E2,-4.878981191E1
9.179336323E2,-5.420217228E1
9.180400274E2,-5.356610892E1
9.181433226E2,-5.511613818E1
9.182493240E2,-5.507858241E1
9.183508084E2,-4.075371820E1
9.184564690E2,-4.408740270E1
9.185627617E2,-4.055442564E1
9.186674659E2,-4.912930945E1
9.187737181E2,-5.351666620E1
9.188796481E2,-5.297993444E1
9.189842120E2,-5.470473140E1
9.190906486E2,-4.977554349E1
9.191946806E2,-4.646388643E1
9.193008642E2,-4.616216602E1
9.194028885E2,-3.907446945E1
9.195072118E2,-4.383482167E1
9.196130989E2,-3.964874523E1
9.197176014E2,-4.591485665E1
9.198238488E2,-4.831724542E1
9.199300033E2,-3.980749011E1
9.200343065E2,-3.970123675E1
9.201406607E2,-4.375610281E1
9.202431884E2,-5.254737960E1
9.203494383E2,-4.591038954E1
9.204508045E2,-5.041494698E1
9.205517117E2,-4.560756358E1
9.206579668E2,-4.546075430E1
9.207642848E2,-4.503343124E1
9.208675862E2,-4.848651514E1
9.209736889E2,-3.894427832E1
9.210800872E2,-3.917343084E1
9.211843966E2,-4.129372462E1
9.212908784E2,-4.607031802E1
9.213971172E2,-5.161914074E1
9.215009037E2,-4.870864577E1
9.216018042E2,-4.970445499E1
9.217080709E2,-4.750522536E1
9.218129672E2,-5.135929203E1
9.219177838E2,-4.399786098E1
9.220241635E2,-4.846877156E1
9.221304733E2,-5.559601437E1
9.222343104E2,-4.942161916E1
9.223351745E2,-5.275742541E1
9.224370195E2,-5.560975444E1
9.225409671E2,-5.622123106E1
9.226465864E2,-5.543860796E1
9.227511190E2,-5.560346714E1
9.228565580E2,-5.309310250E1
9.229629336E2,-5.516591814E1
9.230678055E2,-5.498324363E1
9.231741327E2,-5.406707429E1
9.232804431E2,-5.503108587E1
9.233845059E2,-5.291945212E1
9.234908331E2,-5.428368959E1
9.235949255E2,-5.324411232E1
9.237007700E2,-3.915041440E1
9.238071114E2,-4.056957617E1
9.239130483E2,-4.111805146E1
9.240178340E2,-5.391997069E1
9.241235401E2,-3.924037453E1
9.242292880E2,-4.178558360E1
9.243345715E2,-4.140434969E1
9.244409016E2,-4.069413924E1
9.245471955E2,-4.317956592E1
9.246512556E2,-4.548131601E1
9.247562810E2,-4.416799692E1
9.248623137E2,-4.771079606E1
9.249679743E2,-4.992550494E1
9.250742354E2,-5.482389622E1
9.251803906E2,-5.495019954E1
9.252846772E2,-5.404107609E1
9.253910440E2,-5.573516281E1
9.254973511E2,-5.430693243E1
9.256013464E2,-5.407834956E1
9.257032955E2,-5.455144770E1
9.258095364E2,-5.378062813E1
9.259125647E2,-4.212265151E1
9.260180423E2,-4.213785863E1
9.261242945E2,-4.155112956E1
9.262309310E2,-4.891270472E1
9.263347064E2,-5.225506224E1
9.264412832E2,-4.919401880E1
9.265469610E2,-4.549873276E1
9.266513927E2,-4.418023987E1
9.267565148E2,-4.644849876E1
9.268627708E2,-5.104038924E1
9.269681050E2,-4.908364835E1
9.270720295E2,-4.224463599E1
9.271782941E2,-4.216043726E1
9.272843467E2,-4.184470368E1
9.273870615E2,-5.411782303E1
9.274928370E2,-4.657804481E1
9.275991827E2,-4.375349539E1
9.277014916E2,-4.409601389E1
9.278077725E2,-4.433588770E1
9.279129192E2,-5.130344377E1
9.280182018E2,-4.755828093E1
9.281245603E2,-4.594183909E1
9.282285986E2,-4.665997972E1
9.283348598E2,-4.616561763E1
9.284411615E2,-5.006343797E1
9.285464534E2,-4.926826374E1
9.286515385E2,-5.011761892E1
9.287578119E2,-5.154148466E1
9.288634955E2,-5.394317003E1
9.289682616E2,-5.156211246E1
9.290746044E2,-5.396633035E1
9.291808586E2,-5.405421828E1
9.292868596E2,-5.564947061E1
9.293899505E2,-5.435116519E1
9.294963633E2,-5.602557847E1
9.296016788E2,-5.560683870E1
9.297079425E2,-5.353474992E1
9.298129712E2,-5.434500591E1
9.299184219E2,-5.456544166E1
9.300201400E2,-5.466882840E1
9.301251423E2,-5.380811595E1
9.302314358E2,-5.644186509E1
9.303350220E2,-5.360276209E1
9.304395741E2,-5.316956357E1
9.305459434E2,-5.634328779E1
9.306517055E2,-5.527824605E1
9.307579662E2,-5.154631124E1
9.308609409E2,-5.299780102E1
9.309667675E2,-5.178459893E1
9.310684893E2,-5.297277633E1
9.311748387E2,-4.913939159E1
9.312810804E2,-4.719913635E1
9.313851082E2,-4.712732429E1
9.314914311E2,-4.722173377E1
9.315976790E2,-4.741425715E1
9.317018005E2,-4.792257073E1
9.318081620E2,-4.853600610E1
9.319129352E2,-4.846477363E1
9.320184948E2,-4.964397022E1
9.321241864E2,-5.110670325E1
9.322287155E2,-5.343930619E1
9.323306103E2,-5.184869117E1
9.324352305E2,-5.356391197E1
9.325363873E2,-5.447990791E1
9.326420325E2,-5.625809330E1
9.327440207E2,-5.551318473E1
9.328503776E2,-5.324189194E1
9.329519002E2,-4.805091012E1
9.330560043E2,-4.867241963E1
9.331622513E2,-4.896737364E1
9.332681717E2,-4.872212142E1
9.333745154E2,-5.057701538E1
9.334807555E2,-4.492695786E1
9.335852708E2,-4.694841502E1
9.336915061E2,-4.593371193E1
9.337973506E2,-5.084629912E1
9.339028222E2,-4.771829653E1
9.340092529E2,-4.788983553E1
9.341129813E2,-4.992742737E1
9.342185680E2,-5.475871082E1
9.343194403E2,-5.513883394E1
9.344257817E2,-5.318505286E1
9.345320812E2,-5.519783681E1
9.346353542E2,-5.396577279E1
9.347413605E2,-5.474224236E1
9.348476500E2,-5.189872719E1
9.349520545E2,-4.984790866E1
9.350581150E2,-5.332322604E1
9.351644059E2,-4.498592378E1
9.352687617E2,-4.492241261E1
9.353707010E2,-4.728314520E1
9.354757746E2,-4.737034017E1
9.355814572E2,-5.032381754E1
9.356854598E2,-4.700534856E1
9.357918187E2,-4.563695332E1
9.358982191E2,-4.769535464E1
9.360021290E2,-5.255020010E1
9.361084953E2,-4.940128909E1
9.362130365E2,-5.008483100E1
9.363189131E2,-5.263091310E1
9.364252683E2,-5.344853871E1
9.365284558E2,-5.264818268E1
9.366347088E2,-5.149334076E1
9.367362896E2,-5.315430329E1
9.368426244E2,-4.785276798E1
9.369462602E2,-5.395800689E1
9.370522143E2,-5.512969034E1
9.371585452E2,-5.650704920E1
9.372648629E2,-5.291026576E1
9.373689055E2,-5.654141757E1
9.374703655E2,-5.647052901E1
9.375761750E2,-5.626848420E1
9.376782286E2,-5.402193401E1
9.377845285E2,-5.475819302E1
9.378865065E2,-5.483858710E1
9.379899713E2,-5.433980739E1
9.380931548E2,-5.240721938E1
9.381989295E2,-5.226135902E1
9.383023137E2,-4.943895609E1
9.384086330E2,-5.084841442E1
9.385130764E2,-5.113107389E1
9.386189887E2,-5.297245818E1
9.387231339E2,-5.075646599E1
9.388289394E2,-4.959979904E1
9.389352418E2,-5.154703998E1
9.390415160E2,-5.608398417E1
9.391477926E2,-5.539241332E1
9.392523656E2,-5.617765423E1
9.393587157E2,-5.335704005E1
9.394650721E2,-5.418615891E1
9.395690477E2,-5.737457836E1
9.396753154E2,-5.521959468E1
9.397816285E2,-4.922938244E1
9.398858222E2,-4.723472162E1
9.399922666E2,-4.915116356E1
9.400984586E2,-5.267775202E1
9.402024779E2,-5.482095319E1
9.403088330E2,-4.669874870E1
9.404130004E2,-4.943603363E1
9.405192031E2,-5.184553370E1
9.406257430E2,-5.185218500E1
9.407284907E2,-5.459366470E1
9.408342755E2,-4.837466795E1
9.409358460E2,-5.149746535E1
9.410421207E2,-5.517385405E1
9.411484286E2,-4.877841565E1
9.412525498E2,-5.108229949E1
9.413586998E2,-4.731784274E1
9.414618829E2,-4.862863582E1
9.415682409E2,-5.036527538E1
9.416700201E2,-5.252541825E1
9.417742352E2,-5.029309360E1
9.418798977E2,-4.839287206E1
9.419858150E2,-4.970017252E1
9.420866947E2,-5.112564469E1
9.421930465E2,-5.138788594E1
9.422993491E2,-5.421493206E1
9.424026697E2,-5.400297284E1
9.425088152E2,-5.642592862E1
9.426129368E2,-5.556453833E1
9.427189384E2,-5.597197681E1
9.428253347E2,-5.425095537E1
9.429317195E2,-5.334230183E1
9.430359845E2,-5.012563418E1
9.431392396E2,-5.039384560E1
9.432455723E2,-5.050060591E1
9.433518445E2,-5.067923577E1
9.434534450E2,-5.173219750E1
9.435596763E2,-5.151469848E1
9.436660291E2,-5.307054907E1
9.437693690E2,-5.480223224E1
9.438757864E2,-5.291289489E1
9.439822805E2,-5.454021585E1
9.440860742E2,-5.372928668E1
9.441924227E2,-5.477952576E1
9.442987920E2,-5.405166887E1
9.444028087E2,-5.039641722E1
9.445091586E2,-3.948673340E1
9.446129926E2,-4.026544694E1
9.447188653E2,-3.829858425E1
9.448232680E2,-3.996132513E1
9.449297161E2,-3.907823777E1
9.450356872E2,-3.921158768E1
9.451419319E2,-4.033028908E1
9.452482479E2,-4.414495175E1
9.453528246E2,-4.309468371E1
9.454591326E2,-4.777648366E1
9.455653994E2,-5.168553006E1
9.456695679E2,-5.189192189E1
9.457758557E2,-4.837515393E1
9.458820744E2,-4.547076870E1
9.459862296E2,-5.295080180E1
9.460925771E2,-4.079485775E1
9.461988108E2,-4.180220072E1
9.463029167E2,-4.327400203E1
9.464090712E2,-4.559857094E1
9.465129554E2,-4.572274419E1
9.466192083E2,-4.047707341E1
9.467255779E2,-4.301631677E1
9.468314804E2,-4.560759011E1
9.469362858E2,-4.346109350E1
9.470400197E2,-4.720495280E1
9.471463823E2,-5.352982807E1
9.472525835E2,-4.949811292E1
9.473588644E2,-4.815268094E1
9.474615724E2,-4.674302732E1
9.475664995E2,-4.420296480E1
9.476696590E2,-4.515561345E1
9.477757265E2,-4.689699091E1
9.478825034E2,-5.415558459E1
9.479863984E2,-5.318596668E1
9.480927692E2,-5.422598330E1
9.481980147E2,-5.508290554E1
9.483030552E2,-5.240823138E1
9.484093704E2,-5.265074864E1
9.485129623E2,-5.179511138E1
9.486192804E2,-5.243671656E1
9.487255136E2,-5.294209229E1
9.488302223E2,-5.342868839E1
9.489363553E2,-5.012618937E1
9.490372808E2,-5.061649610E1
9.491436115E2,-4.769828190E1
9.492459920E2,-5.051164761E1
9.493478370E2,-4.866634373E1
9.494531278E2,-4.927830809E1
9.495594162E2,-5.041433902E1
9.496657174E2,-5.002647566E1
9.497698160E2,-5.065805592E1
9.498761239E2,-4.905596181E1
9.499794291E2,-4.785936780E1
9.500830021E2,-5.036678047E1
9.501865710E2,-5.183001170E1
9.502929140E2,-5.212574711E1
9.503980112E2,-5.152572311E1
9.505032219E2,-5.026982797E1
9.506095103E2,-5.409240019E1
9.507129809E2,-5.356669146E1
9.508193037E2,-5.549740857E1
9.509257487E2,-5.571153989E1
9.510324440E2,-5.413329136E1
9.511367231E2,-4.857955231E1
9.512430769E2,-4.789739206E1
9.513493973E2,-5.073548678E1
9.514531815E2,-4.945464055E1
9.515564850E2,-4.929699606E1
9.516627544E2,-4.969918849E1
9.517643148E2,-4.825378417E1
9.518698822E2,-4.983961622E1
9.519755224E2,-5.048312762E1
9.520818495E2,-4.456484254E1
9.521868072E2,-4.761692475E1
9.522916423E2,-4.767871277E1
9.523964602E2,-4.737930963E1
9.525021050E2,-4.928308454E1
9.526065775E2,-5.444391664E1
9.527129224E2,-5.177281359E1
9.528192550E2,-5.016348274E1
9.529208002E2,-5.527299421E1
9.530263817E2,-5.017856179E1
9.531315483E2,-5.127967889E1
9.532368463E2,-4.999261461E1
9.533431780E2,-5.351225393E1
9.534494476E2,-5.407483316E1
9.535533241E2,-5.393411183E1
9.536565331E2,-5.394243857E1
9.537629497E2,-5.382668706E1
9.538664751E2,-5.441498701E1
9.539701561E2,-5.293459153E1
9.540765380E2,-5.550520099E1
9.541828910E2,-5.435399405E1
9.542868616E2,-5.502635174E1
9.543932208E2,-5.424452824E1
9.544972638E2,-5.594432230E1
9.546035384E2,-5.454344199E1
9.547065457E2,-5.596951656E1
9.548100618E2,-5.499866383E1
9.549129685E2,-5.321795176E1
9.550192731E2,-4.414601428E1
9.551210257E2,-3.726259895E1
9.552273172E2,-4.054416456E1
9.553314561E2,-4.107638372E1
9.554369191E2,-4.240522249E1
9.555431818E2,-3.956579590E1
9.556494348E2,-4.038573708E1
9.557535956E2,-4.153736693E1
9.558589108E2,-4.204556231E1
9.559652211E2,-4.625972645E1
9.560702950E2,-4.131976904E1
9.561765516E2,-4.846452451E1
9.562826771E2,-4.997883284E1
9.563870878E2,-4.738199735E1
9.564934634E2,-4.628685776E1
9.565965225E2,-4.373765280E1
9.567028049E2,-4.813716570E1
9.568065640E2,-4.894570751E1
9.569129827E2,-5.082275954E1
9.570164981E2,-4.957946574E1
9.571204077E2,-5.136003243E1
9.572228691E2,-5.388996980E1
9.573290388E2,-5.511127706E1
9.574348439E2,-5.490232011E1
9.575370865E2,-5.459044586E1
9.576434017E2,-5.228454730E1
9.577497472E2,-5.444703066E1
9.578537298E2,-5.622415973E1
9.579564479E2,-5.467542351E1
9.580627952E2,-5.572981983E1
9.581690300E2,-5.465899619E1
9.582705123E2,-5.599054488E1
9.583756115E2,-5.483393434E1
9.584813709E2,-5.477274930E1
9.585871575E2,-5.353720957E1
9.586935090E2,-5.644241986E1
9.587998538E2,-5.599505136E1
9.589058065E2,-5.376676736E1
9.590123824E2,-5.574622790E1
9.591164665E2,-5.456676862E1
9.592206633E2,-5.528550933E1
9.593268400E2,-5.395432060E1
9.594328671E2,-5.273075713E1
9.595372275E2,-5.462566573E1
9.596435748E2,-5.500246956E1
9.597499492E2,-5.420688553E1
9.598537915E2,-5.542408085E1
9.599547030E2,-5.632818465E1
9.600610692E2,-5.474643555E1
9.601643582E2,-5.544784748E1
9.602701987E2,-5.435363264E1
9.603763901E2,-5.618858664E1
9.604793938E2,-5.530639480E1
9.605825329E2,-5.353786876E1
9.606873286E2,-5.774436707E1
9.607937122E2,-5.450078469E1
9.609000862E2,-5.480787455E1
9.610040368E2,-5.560657272E1
9.611099233E2,-5.691410009E1
9.612129851E2,-5.447483760E1
9.613192608E2,-5.640751649E1
9.614207485E2,-5.409088086E1
9.615269098E2,-5.464827368E1
9.616326431E2,-5.400746664E1
9.617374206E2,-5.406021010E1
9.618437683E2,-5.565062813E1
9.619501267E2,-5.392019494E1
9.620548139E2,-5.261390111E1
9.621606695E2,-5.249694982E1
9.622669718E2,-5.423562272E1
9.623707938E2,-5.275049359E1
9.624765680E2,-5.314542323E1
9.625803715E2,-5.282888914E1
9.626864606E2,-5.263667302E1
9.627883347E2,-5.135758383E1
9.628948036E2,-5.386594758E1
9.630011893E2,-5.309984189E1
9.631042001E2,-5.340634553E1
9.632103198E2,-5.473978922E1
9.633151240E2,-5.470244218E1
9.634208765E2,-5.407064523E1
9.635268227E2,-5.652198763E1
9.636331507E2,-5.361638587E1
9.637375610E2,-5.519158803E1
9.638391972E2,-5.611761209E1
9.639455410E2,-5.509542133E1
9.640519956E2,-5.307466811E1
9.641542125E2,-5.328367415E1
9.642550850E2,-5.421938755E1
9.643599370E2,-5.219278865E1
9.644662532E2,-5.328916068E1
9.645709566E2,-5.513032970E1
9.646770795E2,-5.505183655E1
9.647827228E2,-5.249766940E1
9.648876780E2,-5.443899038E1
9.649940566E2,-5.490662001E1
9.651003129E2,-5.404185257E1
9.652043728E2,-5.370269277E1
9.653107663E2,-5.633927941E1
9.654130214E2,-5.474131032E1
9.655194049E2,-5.524016989E1
9.656210519E2,-5.671092194E1
9.657261818E2,-5.540747262E1
9.658314422E2,-5.520962317E1
9.659335310E2,-5.532355051E1
9.660377100E2,-5.508344950E1
9.661398162E2,-5.470397157E1
9.662461218E2,-5.560306691E1
9.663481064E2,-5.737284294E1
9.664537478E2,-5.524988648E1
9.665551870E2,-5.417310475E1
9.666614527E2,-5.423078747E1
9.667678658E2,-5.325275345E1
9.668710271E2,-5.669644065E1
9.669719036E2,-5.466674090E1
9.670782111E2,-5.576357554E1
9.671845825E2,-5.450113215E1
9.672878618E2,-5.599880751E1
9.673941996E2,-5.511481357E1
9.674985830E2,-5.462751778E1
9.676040772E2,-5.606951002E1
9.677104421E2,-5.574425649E1
9.678129693E2,-5.505566668E1
9.679193549E2,-5.458202940E1
9.680213042E2,-5.516211953E1
9.681276397E2,-5.337244947E1
9.682339239E2,-5.377335751E1
9.683379428E2,-5.649474440E1
9.684442185E2,-5.489567826E1
9.685504602E2,-5.597277304E1
9.686547978E2,-5.572367484E1
9.687573347E2,-5.446386702E1
9.688611976E2,-5.411332262E1
9.689631511E2,-5.508790656E1
9.690694835E2,-5.492716537E1
9.691713167E2,-5.530695018E1
9.692743867E2,-5.372693700E1
9.693780142E2,-5.651456774E1
9.694801157E2,-5.492054969E1
9.695814641E2,-5.551462080E1
9.696875816E2,-5.483284415E1
9.697937591E2,-5.500217172E1
9.698995267E2,-5.396679365E1
9.700047165E2,-5.348962578E1
9.701110357E2,-5.531677348E1
9.702129954E2,-5.259356436E1
9.703192450E2,-5.417353986E1
9.704213914E2,-5.565592860E1
9.705221242E2,-5.749235851E1
9.706277450E2,-5.535268386E1
9.707340912E2,-5.382044720E1
9.708381014E2,-5.533534126E1
9.709443893E2,-5.495856047E1
9.710506996E2,-5.422400884E1
9.711547890E2,-5.550780479E1
9.712611132E2,-5.385234938E1
9.713663082E2,-5.427360265E1
9.714715042E2,-5.541747913E1
9.715765133E2,-5.446551031E1
9.716829157E2,-5.488817528E1
9.717882409E2,-5.606499247E1
9.718944351E2,-5.479851687E1
9.720007447E2,-5.449852141E1
9.721048565E2,-5.474001556E1
9.722111335E2,-5.554875815E1
9.723129606E2,-5.629661042E1
9.724166178E2,-5.551987055E1
9.725214612E2,-5.372462087E1
9.726223435E2,-5.556519738E1
9.727287070E2,-5.542409463E1
9.728314656E2,-5.462264991E1
9.729371022E2,-5.484827080E1
9.730390350E2,-5.564429622E1
9.731453051E2,-5.593173909E1
9.732515997E2,-5.542768582E1
9.733549431E2,-5.307305221E1
9.734612595E2,-5.220498483E1
9.735653552E2,-5.138904668E1
9.736717424E2,-5.351229342E1
9.737780974E2,-5.351648478E1
9.738797506E2,-5.147016774E1
9.739861143E2,-5.285217417E1
9.740882381E2,-5.302991368E1
9.741926099E2,-5.386287127E1
9.742989702E2,-5.225583497E1
9.744050524E2,-5.140952925E1
9.745112086E2,-5.187896011E1
9.746130220E2,-5.361463021E1
9.747192310E2,-5.458945997E1
9.748217518E2,-5.423656668E1
9.749280760E2,-5.636755399E1
9.750289045E2,-5.588476968E1
9.751311648E2,-5.339686519E1
9.752359598E2,-5.525447720E1
9.753384380E2,-5.536543363E1
9.754447585E2,-5.428113387E1
9.755510427E2,-5.533886810E1
9.756551228E2,-5.596048456E1
9.757587326E2,-5.515796054E1
9.758603555E2,-5.470037036E1
9.759666919E2,-5.490376328E1
9.760718249E2,-5.565195086E1
9.761781470E2,-5.456690783E1
9.762844416E2,-5.551099870E1
9.763885432E2,-5.622232790E1
9.764948410E2,-5.638743300E1
9.766011529E2,-5.271472013E1
9.767052596E2,-5.549052735E1
9.768071521E2,-5.464356816E1
9.769129715E2,-5.619985768E1
9.770186628E2,-5.650064709E1
9.771219065E2,-5.462622083E1
9.772281630E2,-5.556073660E1
9.773344287E2,-5.477127630E1
9.774385786E2,-5.555168906E1
9.775447934E2,-5.538464575E1
9.776508366E2,-5.506891311E1
9.777552811E2,-5.491099409E1
9.778615343E2,-5.362131417E1
9.779678490E2,-5.574093203E1
9.780720266E2,-5.493673078E1
9.781783784E2,-5.439016261E1
9.782846683E2,-5.533484861E1
9.783886609E2,-5.347858143E1
9.784907325E2,-5.424920761E1
9.785964463E2,-5.541846140E1
9.787024808E2,-5.469348041E1
9.788053724E2,-5.399304313E1
9.789089232E2,-5.483876042E1
9.790129599E2,-5.620100958E1
9.791192546E2,-5.516496627E1
9.792221715E2,-5.656663180E1
9.793285184E2,-5.538375079E1
9.794346988E2,-5.322626180E1
9.795387652E2,-5.472710199E1
9.796449767E2,-5.362420528E1
9.797491981E2,-5.340580306E1
9.798554512E2,-5.479563637E1
9.799617631E2,-5.464736270E1
9.800681137E2,-5.543801150E1
9.801721343E2,-5.585330593E1
9.802784067E2,-5.478425291E1
9.803841837E2,-5.403045261E1
9.804889609E2,-5.400696692E1
9.805953653E2,-5.348013501E1
9.807016757E2,-5.366765442E1
9.808055434E2,-5.664690731E1
9.809098442E2,-5.542760187E1
9.810129690E2,-5.482863577E1
9.811192750E2,-5.538240552E1
9.812223030E2,-5.365208939E1
9.813286422E2,-5.465548797E1
9.814350262E2,-5.548328781E1
9.815389040E2,-5.551264873E1
9.816452855E2,-5.439568203E1
9.817515815E2,-5.354995562E1
9.818556216E2,-5.460626028E1
9.819597681E2,-5.478224645E1
9.820661226E2,-5.384111564E1
9.821718278E2,-5.385336723E1
9.822781982E2,-5.674304115E1
9.823844709E2,-5.356532047E1
9.824889814E2,-5.308425306E1
9.825914329E2,-5.391321452E1
9.826940577E2,-5.531017053E1
9.827998177E2,-5.480358826E1
9.829056810E2,-5.362701105E1
9.830120075E2,-5.349369288E1
9.831183419E2,-5.482047393E1
9.832224201E2,-5.526505287E1
9.833287566E2,-5.501517783E1
9.834331148E2,-5.631234779E1
9.835390823E2,-5.485551270E1
9.836454206E2,-5.570041435E1
9.837509694E2,-5.332007910E1
9.838557793E2,-5.416886712E1
9.839597789E2,-5.458691075E1
9.840661192E2,-5.478087753E1
9.841720307E2,-5.500114597E1
9.842751373E2,-5.672876156E1
9.843814264E2,-5.513496597E1
9.844874443E2,-5.585435061E1
9.845891673E2,-5.483776839E1
9.846955143E2,-5.484680514E1
9.848019704E2,-5.482058549E1
9.849058656E2,-5.453642664E1
9.850122320E2,-5.362955771E1
9.851185550E2,-5.615008505E1
9.852226225E2,-5.282227956E1
9.853289405E2,-5.404863358E1
9.854351933E2,-5.526323465E1
9.855391221E2,-5.521555547E1
9.856400111E2,-5.262977165E1
9.857463445E2,-5.053608122E1
9.858526858E2,-5.109315679E1
9.859559025E2,-4.607651321E1
9.860619825E2,-4.738815839E1
9.861683514E2,-4.613269628E1
9.862726074E2,-4.381415691E1
9.863789420E2,-4.494210748E1
9.864837571E2,-4.669117632E1
9.865893114E2,-4.516621603E1
9.866956635E2,-5.251552770E1
9.867992298E2,-5.590096021E1
9.869055668E2,-4.273266265E1
9.870119101E2,-4.292334907E1
9.871129637E2,-4.852354285E1
9.872192211E2,-5.047928070E1
9.873226890E2,-4.934061238E1
9.874288930E2,-4.847397960E1
9.875324505E2,-5.385122475E1
9.876380448E2,-5.645351644E1
9.877393821E2,-5.523118074E1
9.878456535E2,-5.487560383E1
9.879508907E2,-4.607844996E1
9.880561184E2,-4.979019859E1
9.881568492E2,-4.909506578E1
9.882597532E2,-5.071602394E1
9.883660546E2,-5.040475108E1
9.884721965E2,-4.333410592E1
9.885791015E2,-3.801027591E1
9.886846172E2,-4.084003644E1
9.887893306E2,-4.614269727E1
9.888903135E2,-4.345563835E1
9.889942222E2,-4.402235050E1
9.890998053E2,-4.573052673E1
9.892056232E2,-5.359292163E1
9.893070018E2,-5.391625317E1
9.894130461E2,-5.538861147E1
9.895193663E2,-5.564887041E1
9.896227622E2,-5.616214298E1
9.897236455E2,-5.743829666E1
9.898300199E2,-5.623937002E1
9.899315227E2,-5.378158250E1
9.900331586E2,-5.555119162E1
9.901386905E2,-5.304564384E1
9.902431262E2,-5.581027250E1
9.903446128E2,-5.439655964E1
9.904509977E2,-5.526342856E1
9.905562574E2,-5.522960483E1
9.906605619E2,-5.577695298E1
9.907621681E2,-5.462684933E1
9.908685066E2,-5.077806612E1
9.909729852E2,-4.368237527E1
9.910756150E2,-4.153117700E1
9.911799909E2,-4.893094370E1
9.912863161E2,-4.344501964E1
9.913896687E2,-4.759884401E1
9.914959382E2,-5.349841731E1
9.915999897E2,-5.498074499E1
9.917058177E2,-5.529862337E1
9.918084225E2,-5.673989616E1
9.919129730E2,-5.518656396E1
9.920164557E2,-5.397947021E1
9.921226520E2,-5.669710884E1
9.922238967E2,-5.706353426E1
9.923294226E2,-5.454351950E1
9.924357356E2,-5.745347430E1
9.925397318E2,-5.467391734E1
9.926460517E2,-5.181233383E1
9.927524054E2,-3.892591680E1
9.928565303E2,-3.262077121E1
9.929629050E2,-3.480199633E1
9.930665347E2,-3.515708329E1
9.931727163E2,-3.498603801E1
9.932763283E2,-3.745201477E1
9.933773603E2,-5.036125855E1
9.934836540E2,-5.298002137E1
9.935898093E2,-5.497160744E1
9.936961514E2,-5.500644697E1
9.938026493E2,-5.530466836E1
9.939064365E2,-5.606332905E1
9.940072930E2,-5.005178897E1
9.941129668E2,-3.859030090E1
9.942192824E2,-3.941396365E1
9.943232256E2,-2.963807277E1
9.944295376E2,-3.129811409E1
9.945343908E2,-3.517665019E1
9.946399189E2,-5.198539522E1
9.947462682E2,-5.522365324E1
9.948527262E2,-5.567928325E1
9.949565959E2,-5.385557396E1
9.950629063E2,-5.122250078E1
9.951664938E2,-5.157298267E1
9.952685410E2,-4.826900234E1
9.953732745E2,-5.396457641E1
9.954774037E2,-5.316240636E1
9.955815174E2,-5.487798943E1
9.956866025E2,-5.469909150E1
9.957899268E2,-5.203878918E1
9.958923132E2,-4.631493876E1
9.959984984E2,-4.711748803E1
9.960997231E2,-4.539130505E1
9.962044847E2,-5.105960670E1
9.963067680E2,-4.703955215E1
9.964129982E2,-4.713364044E1
9.965192964E2,-5.047526678E1
9.966234552E2,-4.828383269E1
9.967293458E2,-4.927911845E1
9.968309679E2,-4.820613345E1
9.969316285E2,-5.165089439E1
9.970379502E2,-5.510374184E1
9.971400880E2,-5.501688346E1
9.972452757E2,-5.466930753E1
9.973511693E2,-5.425705775E1
9.974567969E2,-5.616244890E1
9.975589399E2,-5.502631172E1
9.976596807E2,-5.458374804E1
9.977627692E2,-5.487214596E1
9.978691006E2,-5.398341009E1
9.979734754E2,-5.435311839E1
9.980795922E2,-5.325794936E1
9.981816391E2,-5.243832797E1
9.982879369E2,-4.140753359E1
9.983902075E2,-4.174185601E1
9.984965411E2,-4.242684992E1
9.986027948E2,-4.203686445E1
9.987069139E2,-4.531694427E1
9.988129935E2,-4.812072731E1
9.989192800E2,-5.238790110E1
9.990235841E2,-5.607450483E1
9.991262248E2,-5.399990959E1
9.992317087E2,-5.394228208E1
9.993339891E2,-5.618784580E1
9.994402500E2,-5.526773410E1
9.995463753E2,-4.934294306E1
9.996509472E2,-4.934199682E1
9.997564203E2,-4.905274842E1
9.998623220E2,-4.997145631E1
9.999664812E2,-4.951533864E1
1.000068447E3,-4.915981518E1
1.000173675E3,-5.403184625E1
1.000280150E3,-5.429394137E1
1.000384667E3,-5.540760734E1
1.000490265E3,-5.596998916E1
1.000596070E3,-5.735971874E1
1.000697599E3,-5.427003063E1
1.000799518E3,-5.517142220E1
1.000901920E3,-5.514801510E1
1.001006929E3,-5.451945080E1
1.001108531E3,-5.362771504E1
1.001212706E3,-5.627148750E1
1.001314933E3,-5.511648451E1
1.001416395E3,-5.379850998E1
1.001518559E3,-5.307557394E1
1.001623683E3,-5.415276783E1
1.001724719E3,-5.301169829E1
1.001825639E3,-5.408030115E1
1.001931163E3,-5.578597844E1
1.002036408E3,-5.426421401E1
1.002140383E3,-3.908180757E1
1.002242203E3,-4.555910979E1
1.002347799E3,-3.941230899E1
1.002453449E3,-4.259367734E1
1.002557145E3,-4.296037932E1
1.002660291E3,-4.492819448E1
1.002765857E3,-4.645583520E1
1.002871481E3,-4.711792456E1
1.002973798E3,-4.549559382E1
1.003078538E3,-4.231910402E1
1.003184224E3,-4.712081118E1
1.003285138E3,-4.938232130E1
1.003390553E3,-5.165311258E1
1.003491316E3,-5.352528639E1
1.003592800E3,-5.262823577E1
1.003695800E3,-5.223130210E1
1.003801451E3,-5.098716647E1
1.003907210E3,-5.100830464E1
1.004012968E3,-4.570552570E1
1.004114383E3,-4.331740284E1
1.004218321E3,-4.481814634E1
1.004323872E3,-4.531385006E1
1.004425223E3,-4.928281765E1
1.004531205E3,-4.599545298E1
1.004632721E3,-4.721378734E1
1.004738949E3,-5.157311373E1
1.004840723E3,-4.955573312E1
1.004943006E3,-5.052550320E1
1.005045380E3,-5.100530920E1
1.005148349E3,-4.855479371E1
1.005254747E3,-4.351319405E1
1.005357635E3,-5.278353494E1
1.005462501E3,-3.998724645E1
1.005564061E3,-4.884305303E1
1.005665280E3,-5.376786459E1
1.005771680E3,-4.873585314E1
1.005874099E3,-5.011639594E1
1.005976300E3,-5.444424222E1
1.006078556E3,-5.359047229E1
1.006185204E3,-5.426553524E1
1.006290815E3,-5.580601926E1
1.006393161E3,-5.667844594E1
1.006499051E3,-5.458268434E1
1.006605342E3,-5.565088792E1
1.006707544E3,-5.510239268E1
1.006812907E3,-5.471343803E1
1.006917581E3,-4.488131310E1
1.007022968E3,-4.662485966E1
1.007128575E3,-4.488211558E1
1.007230699E3,-5.157272302E1
1.007336039E3,-4.325026453E1
1.007440849E3,-5.120483092E1
1.007543059E3,-4.679882718E1
1.007644444E3,-5.138522059E1
1.007750341E3,-4.651872933E1
1.007856489E3,-4.528180423E1
1.007962412E3,-4.494537111E1
1.008065887E3,-4.678444829E1
1.008171883E3,-4.667885554E1
1.008274327E3,-5.015307265E1
1.008380654E3,-5.390854800E1
1.008482580E3,-5.532094997E1
1.008588936E3,-5.475841920E1
1.008690873E3,-4.431946063E1
1.008793115E3,-4.234189794E1
1.008899220E3,-4.114597532E1
1.009005339E3,-4.876354766E1
1.009107606E3,-4.723985748E1
1.009212831E3,-4.898235572E1
1.009317617E3,-4.495499831E1
1.009421998E3,-4.826036916E1
1.009528149E3,-4.683207272E1
1.009632562E3,-5.045606940E1
1.009733860E3,-5.072530737E1
1.009839621E3,-4.998311093E1
1.009941039E3,-4.545340348E1
1.010045820E3,-4.401018487E1
1.010151674E3,-4.996122805E1
1.010257824E3,-5.367014372E1
1.010364119E3,-5.397757995E1
1.010465909E3,-5.531710298E1
1.010572260E3,-5.344312333E1
1.010674457E3,-4.678301916E1
1.010780845E3,-4.554253819E1
1.010884031E3,-3.972485253E1
1.010986112E3,-4.257860497E1
1.011091164E3,-3.930588395E1
1.011193506E3,-4.544674934E1
1.011299140E3,-5.238165679E1
1.011405032E3,-5.116630734E1
1.011507727E3,-4.718261179E1
1.011612991E3,-3.965049117E1
1.011718259E3,-4.010739458E1
1.011824586E3,-4.832359728E1
1.011930370E3,-5.576712146E1
1.012035162E3,-5.319002118E1
1.012140728E3,-5.517609661E1
1.012246804E3,-4.579219619E1
1.012348790E3,-4.297040540E1
1.012455161E3,-4.310118697E1
1.012557885E3,-4.390022665E1
1.012658768E3,-4.451507662E1
1.012763235E3,-4.807644572E1
1.012869604E3,-4.926561489E1
1.012974653E3,-4.924968075E1
1.013076417E3,-4.783772966E1
1.013177630E3,-4.658419388E1
1.013281999E3,-4.579842525E1
1.013388371E3,-4.618554316E1
1.013491362E3,-4.362590674E1
1.013597690E3,-4.481994352E1
1.013702190E3,-4.368967980E1
1.013807620E3,-4.192771072E1
1.013912891E3,-3.995095879E1
1.014018952E3,-3.721996231E1
1.014124756E3,-3.602630447E1
1.014230728E3,-3.559114102E1
1.014335982E3,-3.449661158E1
1.014441452E3,-3.590978811E1
1.014547855E3,-4.082890583E1
1.014654248E3,-4.217925960E1
1.014758125E3,-4.143518788E1
1.014864536E3,-4.488457449E1
1.014970708E3,-4.612787548E1
1.015074816E3,-3.887596005E1
1.015180710E3,-5.094278478E1
1.015286917E3,-5.462046763E1
1.015391398E3,-5.022078279E1
1.015497279E3,-4.818371421E1
1.015603662E3,-4.641076922E1
1.015708152E3,-5.507963450E1
1.015812853E3,-4.511284373E1
1.015918586E3,-4.015035161E1
1.016024903E3,-4.070087254E1
1.016131306E3,-3.919466934E1
1.016237655E3,-3.994970021E1
1.016341474E3,-4.024818072E1
1.016446797E3,-4.158485097E1
1.016553239E3,-4.665743251E1
1.016658199E3,-5.100528561E1
1.016764332E3,-4.831844123E1
1.016868644E3,-4.283778871E1
1.016974925E3,-3.945475882E1
1.017077715E3,-4.034797942E1
1.017183439E3,-3.889536937E1
1.017286688E3,-4.963089008E1
1.017391583E3,-4.421406987E1
1.017492693E3,-4.586670731E1
1.017599102E3,-4.907731040E1
1.017702325E3,-4.798564650E1
1.017807965E3,-5.167523478E1
1.017912283E3,-4.746227149E1
1.018016799E3,-5.203900514E1
1.018119550E3,-5.479880491E1
1.018224936E3,-5.234904172E1
1.018325724E3,-4.996122210E1
1.018427767E3,-5.058282520E1
1.018528292E3,-5.190709689E1
1.018633855E3,-5.496160568E1
1.018735244E3,-4.766347310E1
1.018840784E3,-4.418526956E1
1.018941781E3,-4.369246614E1
1.019044388E3,-5.196150177E1
1.019145572E3,-4.355219424E1
1.019246984E3,-4.730916903E1
1.019353687E3,-5.180069333E1
1.019458489E3,-4.705016396E1
1.019564853E3,-5.110331629E1
1.019671284E3,-5.452214506E1
1.019776325E3,-4.863721646E1
1.019882653E3,-3.996250971E1
1.019985556E3,-3.851855763E1
1.020091452E3,-4.316773271E1
1.020192761E3,-4.581793913E1
1.020297941E3,-4.717123988E1
1.020404307E3,-4.733543745E1
1.020508573E3,-4.654933032E1
1.020612942E3,-4.465557356E1
1.020717880E3,-4.831306721E1
1.020823605E3,-5.170018020E1
1.020925266E3,-5.068200963E1
1.021027562E3,-5.118384382E1
1.021132832E3,-5.450966738E1
1.021236863E3,-5.352698003E1
1.021341956E3,-5.068666704E1
1.021447472E3,-4.543785759E1
1.021552360E3,-4.195857726E1
1.021658644E3,-4.217874866E1
1.021764914E3,-4.458029359E1
1.021871014E3,-4.414496276E1
1.021975338E3,-4.702921243E1
1.022080208E3,-5.116416950E1
1.022185127E3,-4.785634647E1
1.022290853E3,-5.072205908E1
1.022392968E3,-5.228994584E1
1.022498530E3,-5.133107025E1
1.022604882E3,-5.092766769E1
1.022708698E3,-5.085058163E1
1.022812935E3,-5.429916112E1
1.022919275E3,-5.264180759E1
1.023024968E3,-5.152935249E1
1.023131301E3,-4.873370972E1
1.023235747E3,-5.145836604E1
1.023341405E3,-5.171259746E1
1.023442828E3,-4.933619596E1
1.023548640E3,-5.197202581E1
1.023654952E3,-5.273122587E1
1.023758798E3,-5.521190908E1
1.023863616E3,-5.332488102E1
1.023967830E3,-5.381606264E1
1.024072590E3,-5.593379072E1
1.024175452E3,-5.643842350E1
1.024281471E3,-5.518330961E1
1.024387793E3,-5.468655965E1
1.024492068E3,-5.586673746E1
1.024596504E3,-5.519457936E1
1.024700000E3,-5.371703584E1
1.024802920E3,-5.549480717E1
1.024908886E3,-5.497562596E1
1.025012869E3,-5.458556280E1
1.025116130E3,-5.507863674E1
1.025219800E3,-5.509005012E1
1.025325588E3,-5.503185978E1
1.025429714E3,-5.437169807E1
1.025536021E3,-5.454612613E1
1.025642290E3,-5.506394150E1
1.025748599E3,-5.451833522E1
1.025854696E3,-5.425827896E1
1.025958977E3,-5.474314882E1
1.026060665E3,-5.529843339E1
1.026161653E3,-5.529055894E1
1.026268034E3,-5.607187388E1
1.026374348E3,-5.322529733E1
1.026475695E3,-5.439523044E1
1.026582058E3,-4.980561097E1
1.026688108E3,-5.091272566E1
1.026792364E3,-5.275005237E1
1.026898674E3,-5.320511071E1
1.027004095E3,-5.328820686E1
1.027108925E3,-5.356445947E1
1.027212810E3,-5.342682804E1
1.027315568E3,-5.349487627E1
1.027421387E3,-5.627252510E1
1.027524435E3,-5.590543314E1
1.027626727E3,-5.620492276E1
1.027728241E3,-5.513128251E1
1.027829554E3,-5.595419240E1
1.027935095E3,-5.702080102E1
1.028038578E3,-5.526873776E1
1.028142467E3,-5.526990046E1
1.028244971E3,-5.466002198E1
1.028351175E3,-5.530958862E1
1.028454129E3,-5.509798359E1
1.028558988E3,-5.445776179E1
1.028663486E3,-5.365511685E1
1.028766356E3,-5.511246707E1
1.028872668E3,-4.462763623E1
1.028975853E3,-4.375644304E1
1.029080555E3,-4.730015970E1
1.029186058E3,-4.583395058E1
1.029292016E3,-5.089532299E1
1.029393298E3,-5.399641707E1
1.029494806E3,-4.593823341E1
1.029598360E3,-5.017920072E1
1.029699745E3,-5.436025939E1
1.029802916E3,-5.152213535E1
1.029908857E3,-4.961635581E1
1.030012955E3,-5.409175948E1
1.030119315E3,-5.443709944E1
1.030225567E3,-5.610784628E1
1.030327071E3,-5.548533168E1
1.030433412E3,-5.640259683E1
1.030539679E3,-5.515512154E1
1.030642796E3,-5.569233156E1
1.030744405E3,-5.422526839E1
1.030846063E3,-5.434782335E1
1.030952452E3,-5.458417175E1
1.031058752E3,-5.543467680E1
1.031161586E3,-5.495842306E1
1.031267295E3,-5.503714777E1
1.031371108E3,-5.533563858E1
1.031475999E3,-5.366699618E1
1.031581609E3,-5.455745125E1
1.031685177E3,-5.529915955E1
1.031790717E3,-5.674684423E1
1.031892723E3,-5.403154079E1
1.031998907E3,-5.692741075E1
1.032103041E3,-5.393046532E1
1.032208981E3,-5.538737699E1
1.032313006E3,-5.502890191E1
1.032416230E3,-5.710847151E1
1.032518623E3,-5.521739774E1
1.032622716E3,-5.527669556E1
1.032726826E3,-5.617866393E1
1.032832101E3,-5.493633329E1
1.032937778E3,-5.346018789E1
1.033042708E3,-4.329714330E1
1.033148207E3,-4.920074537E1
1.033250121E3,-3.990704725E1
1.033355749E3,-4.696670852E1
1.033459563E3,-3.960044117E1
1.033561696E3,-4.454603327E1
1.033665830E3,-3.437806979E1
1.033772192E3,-3.201053296E1
1.033876216E3,-4.231130084E1
1.033983585E3,-4.261973089E1
1.034089921E3,-4.326215472E1
1.034192826E3,-4.663227616E1
1.034298732E3,-5.345637110E1
1.034400381E3,-5.420146931E1
1.034504636E3,-5.458406998E1
1.034609664E3,-5.522182792E1
1.034712996E3,-5.379835459E1
1.034819301E3,-5.575202956E1
1.034921465E3,-5.511139569E1
1.035026511E3,-5.516928973E1
1.035131486E3,-5.551171072E1
1.035237116E3,-4.414647300E1
1.035343042E3,-4.668302121E1
1.035445177E3,-4.435740696E1
1.035547771E3,-4.177255465E1
1.035653364E3,-4.267038985E1
1.035759272E3,-4.503102442E1
1.035865339E3,-4.638552990E1
1.035966705E3,-5.309227992E1
1.036069558E3,-4.969751619E1
1.036175186E3,-5.077714088E1
1.036281529E3,-5.523589068E1
1.036387744E3,-5.258750494E1
1.036493100E3,-5.464537711E1
1.036599429E3,-5.327774542E1
1.036705768E3,-5.380780867E1
1.036809809E3,-5.242063748E1
1.036915963E3,-5.434922193E1
1.037020164E3,-5.328890954E1
1.037126555E3,-5.527522320E1
1.037229677E3,-5.457403642E1
1.037335289E3,-5.462659707E1
1.037441640E3,-5.441025386E1
1.037543191E3,-5.331333668E1
1.037645376E3,-5.321689248E1
1.037751492E3,-5.438751610E1
1.037857819E3,-5.459008189E1
1.037959890E3,-5.412565176E1
1.038066245E3,-5.544426545E1
1.038172552E3,-5.464545105E1
1.038276619E3,-5.433684382E1
1.038381680E3,-5.371868187E1
1.038488019E3,-5.404962782E1
1.038593270E3,-5.478839362E1
1.038699583E3,-5.408256111E1
1.038804152E3,-5.371716542E1
1.038909895E3,-5.425824603E1
1.039012946E3,-5.434972420E1
1.039119261E3,-5.194782414E1
1.039225529E3,-5.394732576E1
1.039331823E3,-5.516681003E1
1.039437384E3,-5.424068053E1
1.039542880E3,-5.367204467E1
1.039649146E3,-5.346059708E1
1.039754724E3,-5.415729563E1
1.039859893E3,-5.422813909E1
1.039965720E3,-5.418546081E1
1.040072237E3,-5.615860612E1
1.040176582E3,-5.576382059E1
1.040282170E3,-5.425646418E1
1.040386403E3,-4.316229730E1
1.040492636E3,-4.110607681E1
1.040596952E3,-3.692111629E1
1.040703357E3,-3.685013362E1
1.040809654E3,-5.095098501E1
1.040912831E3,-3.996092810E1
1.041018690E3,-3.853352961E1
1.041124998E3,-4.700133867E1
1.041226793E3,-5.372169138E1
1.041330978E3,-5.070257650E1
1.041434752E3,-4.788760019E1
1.041535714E3,-4.845640083E1
1.041642065E3,-4.507317554E1
1.041743448E3,-4.796036416E1
1.041849494E3,-5.283454913E1
1.041954421E3,-4.543129337E1
1.042060220E3,-4.113972191E1
1.042166602E3,-4.184993923E1
1.042272929E3,-4.301374080E1
1.042376828E3,-4.474967295E1
1.042482937E3,-4.905892104E1
1.042585059E3,-5.228763599E1
1.042687271E3,-5.246410748E1
1.042793144E3,-4.871012059E1
1.042899417E3,-4.949258448E1
1.043001784E3,-5.218505820E1
1.043105113E3,-5.299420298E1
1.043210305E3,-5.630775099E1
1.043315088E3,-5.478914263E1
1.043419711E3,-5.531222906E1
1.043526091E3,-5.568759134E1
1.043632159E3,-5.414539072E1
1.043738487E3,-5.434584839E1
1.043843660E3,-5.470962484E1
1.043950029E3,-5.424494380E1
1.044056234E3,-5.464959825E1
1.044160363E3,-5.611400232E1
1.044266700E3,-5.509059535E1
1.044371812E3,-5.405258811E1
1.044477058E3,-5.558092249E1
1.044581465E3,-5.433918933E1
1.044684264E3,-5.513183897E1
1.044790562E3,-5.496077932E1
1.044893628E3,-5.308602864E1
1.044999376E3,-5.462863665E1
1.045102338E3,-5.532550464E1
1.045208016E3,-5.452292304E1
1.045312825E3,-5.474596393E1
1.045418596E3,-5.511737279E1
1.045524964E3,-5.435762003E1
1.045627154E3,-5.409430778E1
1.045732721E3,-5.416085003E1
1.045835566E3,-5.579146559E1
1.045941868E3,-5.471394991E1
1.046043715E3,-5.467524065E1
1.046145060E3,-5.460883378E1
1.046251395E3,-5.670273916E1
1.046357826E3,-5.584724580E1
1.046460664E3,-5.482538942E1
1.046567420E3,-5.322297996E1
1.046673188E3,-5.375513556E1
1.046777239E3,-5.526049498E1
1.046881358E3,-5.364017534E1
1.046987774E3,-5.271616760E1
1.047093899E3,-5.478786770E1
1.047197261E3,-5.601498756E1
1.047298623E3,-5.522976027E1
1.047405053E3,-5.446509509E1
1.047510609E3,-5.736927757E1
1.047612996E3,-5.534180457E1
1.047719317E3,-5.501527663E1
1.047825490E3,-5.564986883E1
1.047927293E3,-5.609650494E1
1.048031615E3,-5.385426709E1
1.048134758E3,-5.576128190E1
1.048241201E3,-5.472025806E1
1.048344045E3,-5.602302385E1
1.048450477E3,-5.537901209E1
1.048553035E3,-5.310816426E1
1.048659322E3,-5.405552441E1
1.048761489E3,-5.412374726E1
1.048867798E3,-5.396456413E1
1.048974128E3,-5.354633916E1
1.049077471E3,-5.529285644E1
1.049183805E3,-5.388082980E1
1.049290111E3,-5.380772709E1
1.049394169E3,-5.512455791E1
1.049500642E3,-5.515950800E1
1.049603083E3,-5.550629194E1
1.049709360E3,-5.223433430E1
1.049812986E3,-5.442319682E1
1.049918489E3,-5.353271687E1
1.050024221E3,-5.310538980E1
1.050127518E3,-5.485657856E1
1.050233835E3,-5.479508078E1
1.050340145E3,-5.422913702E1
1.050444230E3,-5.540251918E1
1.050550605E3,-5.618277504E1
1.050656955E3,-5.541745902E1
1.050760824E3,-5.549750717E1
1.050867134E3,-5.334481697E1
1.050973472E3,-5.585643081E1
1.051077586E3,-5.440767624E1
1.051183883E3,-3.979496496E1
1.051290202E3,-4.047668303E1
1.051394239E3,-5.005333569E1
1.051500488E3,-3.916460082E1
1.051604143E3,-3.369853999E1
1.051709983E3,-3.692920873E1
1.051812940E3,-3.494319876E1
1.051919303E3,-3.784021067E1
1.052025746E3,-4.099244348E1
1.052127645E3,-4.490882550E1
1.052233931E3,-4.589361536E1
1.052340341E3,-4.763941977E1
1.052444327E3,-4.912417955E1
1.052550578E3,-4.829761925E1
1.052656994E3,-5.220118918E1
1.052761101E3,-5.441582661E1
1.052867410E3,-5.526739559E1
1.052973759E3,-5.543614492E1
1.053077706E3,-5.347789382E1
1.053184070E3,-5.399407545E1
1.053289697E3,-5.418253328E1
1.053394506E3,-5.381903056E1
1.053500960E3,-4.934100687E1
1.053607344E3,-5.045640674E1
1.053713054E3,-5.681507455E1
1.053819489E3,-4.861376761E1
1.053925888E3,-4.956678494E1
1.054027806E3,-4.594789003E1
1.054133451E3,-4.491515396E1
1.054239687E3,-5.001100356E1
1.054344455E3,-5.475119267E1
1.054448224E3,-4.572449976E1
1.054554534E3,-4.832891618E1
1.054660664E3,-5.191986512E1
1.054767000E3,-5.150901302E1
1.054873334E3,-4.297647269E1
1.054977834E3,-3.982505589E1
1.055081494E3,-4.042863287E1
1.055187833E3,-4.269813249E1
1.055294064E3,-4.432180931E1
1.055400449E3,-5.270893670E1
1.055506388E3,-5.364110058E1
1.055611258E3,-5.387869898E1
1.055712903E3,-5.144475374E1
1.055819344E3,-4.270508563E1
1.055925619E3,-4.176052799E1
1.056027877E3,-4.460384704E1
1.056134219E3,-4.697969806E1
1.056239854E3,-4.095941209E1
1.056344689E3,-4.808885042E1
1.056451062E3,-5.151742926E1
1.056557330E3,-5.122920253E1
1.056661349E3,-5.354335290E1
1.056763617E3,-5.506264141E1
1.056869946E3,-5.275503221E1
1.056976224E3,-5.260393200E1
1.057078013E3,-5.216857071E1
1.057184290E3,-4.760748586E1
1.057290608E3,-5.182852966E1
1.057394775E3,-4.604542295E1
1.057501177E3,-5.359291660E1
1.057606391E3,-4.790471029E1
1.057711397E3,-5.126056660E1
1.057812804E3,-5.313689449E1
1.057918422E3,-5.374968048E1
1.058024772E3,-5.324873259E1
1.058128120E3,-4.251499001E1
1.058234321E3,-4.330173577E1
1.058339923E3,-3.881223487E1
1.058444796E3,-4.588799522E1
1.058551163E3,-5.317791988E1
1.058655227E3,-5.582028337E1
1.058761484E3,-4.955627031E1
1.058867956E3,-4.920966730E1
1.058974345E3,-4.899772736E1
1.059078225E3,-4.744901058E1
1.059184147E3,-5.356811274E1
1.059286394E3,-5.472076780E1
1.059392714E3,-5.227530568E1
1.059494949E3,-5.338978323E1
1.059598377E3,-5.421554712E1
1.059704725E3,-5.362938965E1
1.059811045E3,-5.411514327E1
1.059914401E3,-5.455370319E1
1.060020238E3,-4.933910821E1
1.060122043E3,-4.646998680E1
1.060228209E3,-4.574288748E1
1.060334577E3,-4.418174421E1
1.060440239E3,-4.838999324E1
1.060544957E3,-4.907855430E1
1.060651477E3,-5.339200291E1
1.060757879E3,-5.029157803E1
1.060861613E3,-4.861241669E1
1.060966443E3,-4.931049384E1
1.061072878E3,-5.256561705E1
1.061178312E3,-5.384544423E1
1.061284677E3,-5.461979652E1
1.061391039E3,-5.477937726E1
1.061495003E3,-5.476393373E1
1.061601362E3,-5.328381955E1
1.061707699E3,-5.269001601E1
1.061812489E3,-5.576205985E1
1.061918714E3,-5.376829336E1
1.062023472E3,-5.262924247E1
1.062128342E3,-5.546641069E1
1.062234124E3,-5.251523176E1
1.062340396E3,-5.497790087E1
1.062445158E3,-5.418505426E1
1.062551490E3,-5.297226924E1
1.062657900E3,-5.270097458E1
1.062761740E3,-5.230577397E1
1.062865487E3,-5.132794885E1
1.062971796E3,-5.086425112E1
1.063078078E3,-5.292039086E1
1.063182374E3,-5.523192573E1
1.063288807E3,-5.546642422E1
1.063395258E3,-5.511750415E1
1.063501695E3,-5.486025292E1
1.063608107E3,-5.589781837E1
1.063712621E3,-5.620705414E1
1.063814102E3,-5.547653047E1
1.063919162E3,-5.024295829E1
1.064024916E3,-4.588538327E1
1.064128590E3,-5.195783729E1
1.064232924E3,-4.627224242E1
1.064338688E3,-4.635569947E1
1.064443065E3,-4.692586988E1
1.064545229E3,-4.952133018E1
1.064651585E3,-5.614412592E1
1.064757826E3,-4.731613178E1
1.064861925E3,-5.033023543E1
1.064968335E3,-4.507717553E1
1.065074669E3,-5.278963528E1
1.065178612E3,-3.734863800E1
1.065284937E3,-4.312530142E1
1.065391181E3,-4.411078997E1
1.065495266E3,-4.463211064E1
1.065597047E3,-5.175470931E1
1.065703053E3,-5.524766885E1
1.065809390E3,-5.401260975E1
1.065911982E3,-5.469694189E1
1.066018472E3,-5.116515878E1
1.066122999E3,-4.717525948E1
1.066228773E3,-5.166346559E1
1.066335131E3,-4.225097242E1
1.066441539E3,-4.516500627E1
1.066545351E3,-4.969538689E1
1.066651833E3,-4.052972413E1
1.066758144E3,-4.316619089E1
1.066862031E3,-4.285851745E1
1.066968319E3,-4.152052709E1
1.067074695E3,-5.356483154E1
1.067178754E3,-5.552229606E1
1.067285109E3,-5.686537682E1
1.067391530E3,-5.446508309E1
1.067495485E3,-5.481779779E1
1.067601773E3,-5.454312817E1
1.067706485E3,-5.363929755E1
1.067812193E3,-5.534201114E1
1.067918359E3,-5.397934121E1
1.068024255E3,-5.399176019E1
1.068128855E3,-5.415154909E1
1.068235415E3,-5.406412930E1
1.068341791E3,-5.407790228E1
1.068445540E3,-5.399682507E1
1.068549628E3,-4.616322945E1
1.068655913E3,-3.668231347E1
1.068761793E3,-3.613180718E1
1.068863624E3,-3.789476563E1
1.068969619E3,-3.993746631E1
1.069076019E3,-4.084632987E1
1.069178925E3,-4.342079715E1
1.069281319E3,-3.752600060E1
1.069387756E3,-4.619376110E1
1.069494060E3,-4.540859620E1
1.069598438E3,-5.224737828E1
1.069704803E3,-5.318796730E1
1.069811089E3,-5.527504171E1
1.069913028E3,-5.337944211E1
1.070019037E3,-5.073552263E1
1.070120799E3,-5.100629727E1
1.070227120E3,-5.471141326E1
1.070329036E3,-5.480818972E1
1.070435403E3,-5.186792021E1
1.070538899E3,-5.378297699E1
1.070645209E3,-4.704848203E1
1.070751493E3,-4.382177098E1
1.070857779E3,-4.257658739E1
1.070962417E3,-5.386889018E1
1.071068828E3,-5.316562580E1
1.071175289E3,-5.438041537E1
1.071279146E3,-5.559837508E1
1.071385500E3,-5.482813408E1
1.071488593E3,-5.393915576E1
1.071594898E3,-5.387363316E1
1.071699640E3,-5.195396099E1
1.071805591E3,-5.078256314E1
1.071911948E3,-4.958758901E1
1.072013234E3,-5.213790673E1
1.072119520E3,-5.284896165E1
1.072225922E3,-5.138269198E1
1.072331110E3,-5.261755203E1
1.072436959E3,-5.079673558E1
1.072543276E3,-5.273915096E1
1.072645892E3,-5.029282309E1
1.072749698E3,-5.314202889E1
1.072856145E3,-5.309120377E1
1.072962058E3,-5.188997446E1
1.073068363E3,-5.378957665E1
1.073174679E3,-5.451050757E1
1.073279280E3,-5.144578719E1
1.073385765E3,-4.996878158E1
1.073490813E3,-4.810060968E1
1.073596049E3,-4.685128843E1
1.073702424E3,-4.549016200E1
1.073808692E3,-5.090734798E1
1.073912642E3,-4.923640021E1
1.074019192E3,-4.997674513E1
1.074125487E3,-4.505983496E1
1.074229332E3,-4.299626266E1
1.074334947E3,-4.736103432E1
1.074440682E3,-5.136526724E1
1.074546064E3,-4.477185974E1
1.074652381E3,-4.093968777E1
1.074758610E3,-4.072718619E1
1.074862702E3,-4.429442917E1
1.074969053E3,-4.411198539E1
1.075075361E3,-4.677439679E1
1.075179361E3,-4.429957503E1
1.075285738E3,-3.575782579E1
1.075392079E3,-4.745045364E1
1.075495979E3,-4.159089218E1
1.075596903E3,-4.043189276E1
1.075698479E3,-3.605818544E1
1.075804774E3,-3.728564832E1
1.075906643E3,-3.878385327E1
1.076012771E3,-4.255382418E1
1.076119068E3,-4.430631645E1
1.076223184E3,-4.349752015E1
1.076329484E3,-4.729262164E1
1.076431420E3,-4.935851648E1
1.076537054E3,-4.408040597E1
1.076643347E3,-4.529072864E1
1.076746177E3,-4.720552302E1
1.076852456E3,-4.753919863E1
1.076958788E3,-4.767067622E1
1.077063058E3,-4.721322417E1
1.077169314E3,-5.117292364E1
1.077275613E3,-5.200820658E1
1.077379537E3,-5.174046377E1
1.077485841E3,-5.188025307E1
1.077592165E3,-5.327389008E1
1.077696220E3,-5.318410792E1
1.077802528E3,-5.178696276E1
1.077907822E3,-5.137669293E1
1.078012893E3,-4.856152979E1
1.078119135E3,-4.802652718E1
1.078225396E3,-4.742086246E1
1.078329613E3,-4.985670886E1
1.078433516E3,-5.065977252E1
1.078539881E3,-5.141552646E1
1.078645806E3,-5.224381676E1
1.078752087E3,-4.563618612E1
1.078856178E3,-4.695567556E1
1.078962460E3,-4.450343489E1
1.079068802E3,-4.392332728E1
1.079175068E3,-5.143609035E1
1.079279737E3,-5.633098147E1
1.079386060E3,-5.655236941E1
1.079490144E3,-5.488135912E1
1.079596389E3,-5.324729394E1
1.079702742E3,-5.311927254E1
1.079809065E3,-5.428154144E1
1.079912962E3,-5.377475914E1
1.080013848E3,-5.590994575E1
1.080120113E3,-5.540227447E1
1.080226360E3,-5.505679407E1
1.080329796E3,-5.616395795E1
1.080430527E3,-5.477969727E1
1.080536818E3,-5.553433710E1
1.080643116E3,-5.461806418E1
1.080746455E3,-5.598904687E1
1.080852794E3,-5.207863757E1
1.080956490E3,-5.121983344E1
1.081062663E3,-5.252354508E1
1.081168957E3,-5.450833704E1
1.081275259E3,-5.387653558E1
1.081379846E3,-5.327917491E1
1.081486293E3,-5.172633874E1
1.081592648E3,-5.259932841E1
1.081696562E3,-5.192843518E1
1.081799239E3,-5.421724661E1
1.081905577E3,-5.328525659E1
1.082011726E3,-4.870527177E1
1.082113259E3,-5.272490660E1
1.082219618E3,-5.376335815E1
1.082325999E3,-5.345515455E1
1.082429919E3,-5.343405046E1
1.082535582E3,-5.253669261E1
1.082642000E3,-4.925016716E1
1.082746662E3,-5.251083046E1
1.082853006E3,-5.206623832E1
1.082956513E3,-4.941106169E1
1.083062888E3,-4.766817129E1
1.083169355E3,-5.020922144E1
1.083275707E3,-5.320027161E1
1.083380043E3,-5.448550103E1
1.083483006E3,-5.592083607E1
1.083589439E3,-5.404562426E1
1.083693017E3,-5.611914924E1
1.083796679E3,-5.479464696E1
1.083903008E3,-5.493715314E1
1.084009132E3,-5.475952269E1
1.084113439E3,-5.325500311E1
1.084219836E3,-5.306359099E1
1.084322890E3,-5.284506942E1
1.084429366E3,-5.327316499E1
1.084532948E3,-5.518361874E1
1.084636725E3,-5.533489442E1
1.084743097E3,-5.457947426E1
1.084846772E3,-5.459346102E1
1.084948163E3,-5.550871903E1
1.085054292E3,-5.522680540E1
1.085160664E3,-5.653080467E1
1.085263529E3,-5.435829952E1
1.085369990E3,-5.398202084E1
1.085474386E3,-5.434096557E1
1.085580201E3,-5.583312174E1
1.085686467E3,-5.560781643E1
1.085792741E3,-5.501713984E1
1.085896876E3,-5.284100229E1
1.086003185E3,-5.494811112E1
1.086107380E3,-5.400806917E1
1.086212924E3,-5.506880413E1
1.086314374E3,-5.435648918E1
1.086420726E3,-5.338503824E1
1.086527003E3,-5.604093592E1
1.086630195E3,-5.389400887E1
1.086730988E3,-5.160530197E1
1.086837247E3,-5.297514779E1
1.086943610E3,-5.293267388E1
1.087046938E3,-5.554363814E1
1.087150485E3,-5.487449803E1
1.087256806E3,-5.454660358E1
1.087363225E3,-5.308723354E1
1.087467989E3,-5.173198800E1
1.087571929E3,-5.197754561E1
1.087678303E3,-5.213842792E1
1.087780282E3,-5.371912773E1
1.087881677E3,-5.469283171E1
1.087988012E3,-5.351315978E1
1.088094401E3,-5.490168327E1
1.088197102E3,-5.763652868E1
1.088301420E3,-5.486103226E1
1.088408097E3,-5.429617226E1
1.088513691E3,-5.310046015E1
1.088620025E3,-5.386763330E1
1.088726318E3,-5.655681141E1
1.088830365E3,-5.297957197E1
1.088936666E3,-5.406043384E1
1.089042998E3,-5.501601360E1
1.089147149E3,-5.369007561E1
1.089253536E3,-5.395336254E1
1.089359942E3,-5.388685427E1
1.089463745E3,-5.540762511E1
1.089569980E3,-5.502200094E1
1.089676439E3,-5.071075457E1
1.089780412E3,-5.405439195E1
1.089881257E3,-5.396713099E1
1.089987597E3,-4.738623435E1
1.090093977E3,-5.069830652E1
1.090197267E3,-5.130740098E1
1.090303680E3,-5.109143984E1
1.090410027E3,-5.202477787E1
1.090513876E3,-5.145917320E1
1.090620252E3,-5.177463290E1
1.090724314E3,-4.768009947E1
1.090830559E3,-4.985051558E1
1.090936176E3,-5.177129693E1
1.091038143E3,-5.092131587E1
1.091144180E3,-4.595364471E1
1.091247365E3,-4.707577540E1
1.091353674E3,-5.001669960E1
1.091456492E3,-5.369847046E1
1.091562885E3,-5.493378136E1
1.091667494E3,-5.327830700E1
1.091773007E3,-5.411629749E1
1.091878532E3,-5.660181648E1
1.091980525E3,-5.415450766E1
1.092086061E3,-5.547055421E1
1.092191594E3,-5.652427396E1
1.092296795E3,-5.477901507E1
1.092399286E3,-5.337503769E1
1.092502600E3,-5.465437408E1
1.092606234E3,-5.388181478E1
1.092712583E3,-5.293371074E1
1.092814015E3,-5.530158020E1
1.092915877E3,-5.534863829E1
1.093021578E3,-5.423653644E1
1.093127564E3,-5.532487184E1
1.093230796E3,-5.588786601E1
1.093336481E3,-5.627807076E1
1.093442861E3,-5.463746887E1
1.093547421E3,-5.622262568E1
1.093653744E3,-5.461191798E1
1.093760065E3,-5.401668478E1
1.093863976E3,-5.663376908E1
1.093968404E3,-5.343949555E1
1.094074789E3,-5.152509435E1
1.094180814E3,-5.481918737E1
1.094287182E3,-5.375314342E1
1.094393549E3,-5.449812386E1
1.094497555E3,-5.593954815E1
1.094601082E3,-5.602765426E1
1.094706261E3,-5.322010691E1
1.094812588E3,-5.722800228E1
1.094914087E3,-5.497877669E1
1.095019971E3,-5.647106908E1
1.095126311E3,-5.378886683E1
1.095230948E3,-5.410752080E1
1.095333346E3,-5.422453407E1
1.095438950E3,-5.501281213E1
1.095545205E3,-5.525395189E1
1.095647612E3,-5.614577567E1
1.095750197E3,-5.621473576E1
1.095852178E3,-5.499677901E1
1.095957709E3,-5.544579885E1
1.096063218E3,-5.244445768E1
1.096164212E3,-5.177823159E1
1.096269722E3,-5.353687554E1
1.096375213E3,-5.240673242E1
1.096480555E3,-5.169120809E1
1.096586866E3,-5.257623729E1
1.096693205E3,-5.371599902E1
1.096799038E3,-5.599480227E1
1.096904213E3,-5.239231160E1
1.097010612E3,-5.425410783E1
1.097115076E3,-5.117824485E1
1.097221023E3,-4.921835892E1
1.097327396E3,-5.109572712E1
1.097431032E3,-5.307861861E1
1.097535423E3,-5.290217472E1
1.097641879E3,-5.371418918E1
1.097747758E3,-5.489813359E1
1.097852116E3,-5.416998754E1
1.097956453E3,-5.556455844E1
1.098060081E3,-5.596554699E1
1.098164457E3,-5.549391931E1
1.098268169E3,-5.576562301E1
1.098374715E3,-5.566095994E1
1.098480758E3,-5.370696092E1
1.098585390E3,-5.171269474E1
1.098691978E3,-5.394954030E1
1.098797874E3,-5.470623234E1
1.098902002E3,-5.573652321E1
1.099008877E3,-5.597965466E1
1.099114577E3,-5.394924129E1
1.099218767E3,-5.441709768E1
1.099325409E3,-5.379103037E1
1.099431316E3,-5.635717357E1
1.099535372E3,-5.450252373E1
1.099636321E3,-5.706277316E1
1.099742818E3,-5.615536390E1
1.099847974E3,-5.450703936E1
1.099952075E3,-5.530426675E1
1.100058627E3,-5.433964090E1
1.100164682E3,-5.468651570E1
1.100268722E3,-5.666428633E1
1.100375376E3,-5.639118764E1
1.100481397E3,-5.408268156E1
1.100585443E3,-5.622685520E1
1.100691948E3,-5.541113435E1
1.100797928E3,-5.391702653E1
1.100902089E3,-5.314335623E1
1.101008558E3,-5.332106023E1
1.101114708E3,-5.570667800E1
1.101218842E3,-4.836690756E1
1.101325333E3,-4.713307052E1
1.101430889E3,-5.022147792E1
1.101534821E3,-5.273142070E1
1.101640928E3,-5.440719421E1
1.101746131E3,-5.541765341E1
1.101851912E3,-5.430085923E1
1.101952884E3,-5.570490219E1
1.102059330E3,-5.592378032E1
1.102164710E3,-5.396465850E1
1.102268812E3,-5.530050222E1
1.102370289E3,-5.499802801E1
1.102474092E3,-5.584635735E1
1.102581115E3,-4.501333844E1
1.102685267E3,-4.465670809E1
1.102786610E3,-5.408828920E1
1.102892981E3,-5.515042334E1
1.102998208E3,-5.495248994E1
1.103101998E3,-5.542338878E1
1.103208109E3,-5.607725936E1
1.103314385E3,-5.551209398E1
1.103418683E3,-5.454746543E1
1.103519547E3,-5.407041365E1
1.103625201E3,-5.427988201E1
1.103731048E3,-5.463262738E1
1.103835058E3,-5.342617382E1
1.103941225E3,-5.436586028E1
1.104045879E3,-5.509590172E1
1.104151736E3,-5.426494095E1
1.104258043E3,-5.535409618E1
1.104362518E3,-5.611177474E1
1.104468364E3,-5.399967057E1
1.104571379E3,-5.431046379E1
1.104677848E3,-5.350456903E1
1.104781676E3,-5.572879041E1
1.104885050E3,-5.642456514E1
1.104991268E3,-5.558826335E1
1.105095933E3,-5.517241468E1
1.105201905E3,-5.398980962E1
1.105308234E3,-5.467051467E1
1.105414464E3,-5.584034743E1
1.105518253E3,-5.599660564E1
1.105624027E3,-5.518290634E1
1.105729206E3,-5.567118640E1
1.105835008E3,-5.407279120E1
1.105937095E3,-5.456396481E1
1.106043413E3,-5.530806984E1
1.106148246E3,-5.486207145E1
1.106251697E3,""
1.106353420E3,""
1.106457509E3,""
1.106562507E3,""
1.106667739E3,""
1.106768353E3,""
1.106874681E3,""
1.106979216E3,""
1.107085032E3,""
1.107188875E3,""
1.107294978E3,""
1.107399212E3,""
1.107501391E3,""
1.107607660E3,""
1.107712450E3,""
1.107815260E3,""
1.107920721E3,""
1.108023440E3,""
1.108129221E3,""
1.108231901E3,""
1.108334304E3,""
1.108440495E3,""
1.108545631E3,""
1.108648576E3,""
1.108754966E3,""
1.108861302E3,""
1.108965313E3,""
1.109071704E3,""
1.109178134E3,""
1.109281982E3,""
1.109388336E3,""
1.109493759E3,""
1.109598611E3,""
1.109699423E3,""
1.109805755E3,""
1.109907675E3,""
1.110012763E3,""
1.110115399E3,""
1.110221717E3,""
1.110325742E3,""
1.110431587E3,""
1.110532807E3,""
1.110639051E3,""
1.110741447E3,""
1.110847658E3,""
1.110948751E3,""
1.111055038E3,""
1.111159781E3,""
1.111265527E3,""
1.111370852E3,""
1.111477093E3,""
1.111582157E3,""
1.111688495E3,""
1.111791680E3,""
1.111895956E3,""
1.111998842E3,""
1.112105223E3,""
1.112211572E3,""
1.112315537E3,""
1.112418585E3,""
1.112524303E3,""
1.112629943E3,""
1.112732106E3,""
1.112836200E3,""
1.112941722E3,""
1.113047276E3,""
1.113148803E3,""
1.113249691E3,""
1.113355076E3,""
1.113460700E3,""
1.113565527E3,""
1.113666391E3,""
1.113769832E3,""
1.113875708E3,""
1.113981794E3,""
1.114083088E3,""
1.114189565E3,""
1.114291149E3,""
1.114397188E3,""
1.114499755E3,""
1.114605601E3,""
1.114708375E3,""
1.114812948E3,""
1.114918068E3,""
1.115023890E3,""
1.115129118E3,""
1.115232248E3,""
1.115333183E3,""
1.115437787E3,""
1.115543377E3,""
1.115648964E3,""
1.115752545E3,""
1.115856775E3,""
1.115958858E3,""
1.116061524E3,""
1.116165866E3,""
1.116271924E3,""
1.116378241E3,""
1.116482518E3,""
1.116588856E3,""
1.116693797E3,""
1.116799239E3,""
1.116900574E3,""
1.117005417E3,""
1.117108792E3,""
1.117212954E3,""
1.117315753E3,""
1.117421437E3,""
1.117524153E3,""
1.117629682E3,""
1.117732471E3,""
1.117833386E3,""
1.117939623E3,""
1.118045322E3,""
1.118149244E3,""
1.118250108E3,""
1.118354379E3,""
1.118459924E3,""
1.118565866E3,""
1.118669581E3,""
1.118776030E3,""
1.118882150E3,""
1.118983541E3,""
1.119089514E3,""
1.119196074E3,""
1.119299412E3,""
1.119401315E3,""
1.119507106E3,""
1.119612967E3,""
1.119715956E3,""
1.119816855E3,""
1.119923206E3,""
1.120029015E3,""
1.120132784E3,""
1.120238092E3,""
1.120343752E3,""
1.120449311E3,""
1.120550234E3,""
1.120652891E3,""
1.120759252E3,""
1.120865522E3,""
1.120966927E3,""
1.121073230E3,""
1.121179615E3,""
1.121282891E3,""
1.121384310E3,""
1.121489921E3,""
1.121594237E3,""
1.121699558E3,""
1.121805039E3,""
1.121910692E3,""
1.122016111E3,""
1.122117062E3,""
1.122223089E3,""
1.122328696E3,""
1.122432797E3,""
1.122533696E3,""
1.122639020E3,""
1.122741424E3,""
1.122843959E3,""
1.122949133E3,""
1.123055329E3,""
1.123161195E3,""
1.123266287E3,""
1.123367126E3,""
1.123473263E3,""
1.123578622E3,""
1.123683066E3,""
1.123788088E3,""
1.123894100E3,""
1.123999756E3,""
1.124106327E3,""
1.124208923E3,""
1.124312396E3,""
1.124416495E3,""
1.124520526E3,""
1.124626601E3,""
1.124732583E3,""
1.124833130E3,""
1.124939390E3,""
1.125045415E3,""
1.125150623E3,""
1.125254532E3,""
1.125360867E3,""
1.125466396E3,""
1.125567294E3,""
1.125673578E3,""
1.125777094E3,""
1.125882779E3,""
1.125985905E3,""
1.126089596E3,""
1.126194730E3,""
1.126299904E3,""
1.126406276E3,""
1.126511187E3,""
1.126616611E3,""
1.126718420E3,""
1.126824127E3,""
1.126929979E3,""
1.127033280E3,""
1.127139400E3,""
1.127245052E3,""
1.127349947E3,""
1.127450749E3,""
1.127552242E3,""
1.127658290E3,""
1.127764424E3,""
1.127866694E3,""
1.127969031E3,""
1.128074861E3,""
1.128181078E3,""
1.128285347E3,""
1.128387780E3,""
1.128492504E3,""
1.128595364E3,""
1.128700083E3,""
1.128801809E3,""
1.128907376E3,""
1.129012656E3,""
1.129116935E3,""
1.129220987E3,""
1.129327014E3,""
1.129432723E3,""
1.129534252E3,""
1.129637875E3,""
1.129744197E3,""
1.129850404E3,""
1.129956177E3,""
1.130058886E3,""
1.130164844E3,""
1.130268973E3,""
1.130371210E3,""
1.130474208E3,""
1.130580263E3,""
1.130683452E3,""
1.130784419E3,""
1.130890662E3,""
1.130996154E3,""
1.131100136E3,""
1.131201080E3,""
1.131307373E3,""
1.131413038E3,""
1.131517057E3,""
1.131619448E3,""
1.131725234E3,""
1.131829604E3,""
1.131933581E3,""
1.132036203E3,""
1.132141011E3,""
1.132244423E3,""
1.132350385E3,""
1.132456770E3,""
1.132559819E3,""
1.132665594E3,""
1.132767112E3,""
1.132873472E3,""
1.132979746E3,""
1.133083673E3,""
1.133184557E3,""
1.133290884E3,""
1.133392879E3,""
1.133499292E3,""
1.133601189E3,""
1.133706839E3,""
1.133812922E3,""
1.133917258E3,""
1.134019696E3,""
1.134126010E3,""
1.134231712E3,""
1.134333879E3,""
1.134439860E3,""
1.134543824E3,""
1.134650090E3,""
1.134751622E3,""
1.134854183E3,""
1.134956293E3,""
1.135062701E3,""
1.135167219E3,""
1.135272753E3,""
1.135376577E3,""
1.135482143E3,""
1.135584097E3,""
1.135686152E3,""
1.135791823E3,""
1.135896075E3,""
1.136000704E3,""
1.136106650E3,""
1.136213009E3,""
1.136317395E3,""
1.136423651E3,""
1.136529436E3,""
1.136634003E3,""
1.136734798E3,""
1.136841113E3,""
1.136947433E3,""
1.137050648E3,""
1.137151690E3,""
1.137255590E3,""
1.137362014E3,""
1.137467409E3,""
1.137573707E3,""
1.137679866E3,""
1.137784174E3,""
1.137890479E3,""
1.137996769E3,""
1.138102734E3,""
1.138206448E3,""
1.138312819E3,""
1.138417546E3,""
1.138520991E3,""
1.138627011E3,""
1.138733264E3,""
1.138834171E3,""
1.138940329E3,""
1.139046102E3,""
1.139150814E3,""
1.139256810E3,""
1.139363088E3,""
1.139467570E3,""
1.139573937E3,""
1.139680175E3,""
1.139784263E3,""
1.139889075E3,""
1.139994677E3,""
1.140100828E3,""
1.140206217E3,""
1.140310760E3,""
1.140413044E3,""
1.140518326E3,""
1.140620998E3,""
1.140725642E3,""
1.140828843E3,""
1.140933765E3,""
1.141034235E3,""
1.141137272E3,""
1.141239004E3,""
1.141342102E3,""
1.141447672E3,""
1.141550997E3,""
1.141652724E3,""
1.141755700E3,""
1.141861263E3,""
1.141962962E3,""
1.142067715E3,""
1.142168443E3,""
1.142272391E3,""
1.142377880E3,""
1.142483120E3,""
1.142584342E3,""
1.142685122E3,""
1.142786156E3,""
1.142891624E3,""
1.142997154E3,""
1.143101066E3,""
1.143201841E3,""
1.143305791E3,""
1.143408138E3,""
1.143512900E3,""
1.143617760E3,""
1.143720639E3,""
1.143822590E3,""
1.143925025E3,""
1.144029037E3,""
1.144133992E3,""
1.144234454E3,""
1.144338177E3,""
1.144440380E3,""
1.144545897E3,""
1.144651178E3,""
1.144753833E3,""
1.144855796E3,""
1.144961486E3,""
1.145067435E3,""
1.145168326E3,""
1.145272619E3,""
1.145378769E3,""
1.145484670E3,""
1.145588165E3,""
1.145694602E3,""
1.145800906E3,""
1.145902207E3,""